100 11.1803
200 21.4709
300 31.241
400 34.6554
500 38.9487
600 43.909
700 46.5296
800 48.3322
900 53.6004
1000 57.8014
1100 59.8164
1200 63.561
1300 65
1400 69.3758
1500 71.3092
1600 72.5328
1700 73.4983
1800 77.1298
1900 81.4923
2000 83.9524
2100 86.122
2200 87.3212
2300 88.8426
2400 91.7824
2500 93.3809
2600 96.5091
2700 101.607
2800 106.532
2900 107.689
3000 110.318
3100 113.6
3200 113.6
3300 115.412
3400 116.499
3500 119.365
3600 120.507
3700 124.31
3800 127.279
3900 127.906
4000 132.834
4100 134.807
4200 136.132
4300 136.132
4400 137.117
4500 138.852
4600 141.993
4700 142.972
4800 143.951
4900 145.911
5000 146.891
5100 147.513
5200 151.855
5300 153.287
5400 153.525
5500 156.678
5600 156.678
5700 159.364
5800 164.924
5900 164.924
6000 166.172
6100 168.345
6200 168.573
6300 170.52
6400 172.467
6500 172.696
6600 174.874
6700 175.616
6800 178.101
6900 180.056
7000 180.826
7100 183.371
7200 183.371
7300 184.353
7400 185.149
7500 188.098
7600 188.905
7700 189.889
7800 190.874
7900 192.676
8000 195.972
8100 198.595
8200 200.085
8300 202.544
8400 205.507
8500 209.308
8600 210.297
8700 211.993
8800 212.72
8900 212.984
9000 214.112
9100 215.956
9200 216.947
9300 219.203
9400 219.429
9500 220.336
9600 220.538
9700 221.326
9800 221.939
9900 227.862
10000 230.983
100 14.1421
200 20.025
300 23.1948
400 26.9258
500 29.1548
600 37.6431
700 39.5601
800 41.1096
900 42.9535
1000 46.0652
1100 50.1597
1200 52
1300 54.0093
1400 61
1500 66.0303
1600 67.0298
1700 69.0072
1800 71.007
1900 74.2428
2000 76.531
2100 80.5047
2200 83.4865
2300 85.3756
2400 88.278
2500 91.351
2600 92.2659
2700 92.3472
2800 95.2575
2900 99.4082
3000 100.319
3100 103.697
3200 104.938
3300 106.301
3400 107.378
3500 109.458
3600 111.072
3700 113.437
3800 115.261
3900 117.239
4000 118.697
4100 119.683
4200 121.202
4300 122.184
4400 123.976
4500 124.197
4600 127.346
4700 128.098
4800 128.876
4900 130.05
5000 133.959
5100 134.618
5200 136.341
5300 138.051
5400 140.431
5500 141.566
5600 141.718
5700 142.338
5800 145.207
5900 146.455
6000 149.04
6100 151.921
6200 154.402
6300 154.402
6400 155.502
6500 159.364
6600 161.682
6700 163.218
6800 165.13
6900 166.087
7000 166.652
7100 167.92
7200 168.867
7300 170.763
7400 172.047
7500 172.047
7600 172.679
7700 172.754
7800 173.692
7900 174.393
8000 175.328
8100 176.819
8200 178.732
8300 180.361
8400 180.361
8500 182.003
8600 182.964
8700 182.964
8800 182.964
8900 183.967
9000 183.967
9100 185.852
9200 185.852
9300 187.361
9400 187.361
9500 188.558
9600 190.52
9700 193.132
9800 194.095
9900 196.023
10000 196.064
100 12.3693
200 19.9249
300 24.7386
400 32.3883
500 36.6742
600 39.4588
700 47.0956
800 51.0882
900 52.2398
1000 56.4358
1100 58.4209
1200 62.2013
1300 63.1981
1400 63.1981
1500 66.1891
1600 67.2681
1700 69.029
1800 72
1900 74.0068
2000 78.0256
2100 82.0549
2200 85.2115
2300 89.202
2400 91.1373
2500 93.3435
2600 95.3362
2700 97.4166
2800 100.319
2900 104.235
3000 106.17
3100 108.167
3200 109.225
3300 112.161
3400 117.154
3500 119.151
3600 123.146
3700 125.196
3800 130.035
3900 133.034
4000 134.034
4100 135.093
4200 138.014
4300 140.032
4400 142.032
4500 143.031
4600 146.086
4700 147.122
4800 148.337
4900 150.333
5000 151.268
5100 151.476
5200 152.082
5300 157.156
5400 161.199
5500 162.151
5600 163.15
5700 164.11
5800 165.245
5900 168.19
6000 169.189
6100 170.106
6200 172.235
6300 173.349
6400 176.343
6500 178.474
6600 180.336
6700 181.224
6800 183.273
6900 184.22
7000 186.454
7100 189.447
7200 192.44
7300 192.666
7400 195.433
7500 195.433
7600 196.023
7700 197.122
7800 198.116
7900 199.218
8000 200.325
8100 201.318
8200 204.299
8300 205.183
8400 206.4
8500 206.4
8600 209.057
8700 212.042
8800 213.244
8900 215.838
9000 218.826
9100 221.815
9200 224.891
9300 225.887
9400 226.276
9500 226.883
9600 228.265
9700 229.26
9800 231.7
9900 233.694
10000 236.685
100 13.4164
200 21.095
300 25.4951
400 31.0161
500 33.5261
600 34.5398
700 37.7359
800 40.8044
900 43.8292
1000 50.0899
1100 53.8516
1200 55.1543
1300 58.1893
1400 61.0328
1500 63.2456
1600 64.846
1700 68.0074
1800 68.9493
1900 70.3847
2000 72.7324
2100 74.3303
2200 77.201
2300 77.201
2400 81.0432
2500 82.28
2600 83.2406
2700 84.4808
2800 85.7263
2900 85.8662
3000 86.1278
3100 87.9318
3200 89.9889
3300 91.2195
3400 91.2195
3500 93.3916
3600 94.3663
3700 94.6414
3800 97.0464
3900 97.9439
4000 101.134
4100 102.956
4200 106.621
4300 107.424
4400 109.252
4500 109.252
4600 111.086
4700 112.004
4800 112.004
4900 112.925
5000 114.769
5100 117
5200 119.403
5300 122.004
5400 124.234
5500 124.888
5600 128.55
5700 129.356
5800 130.74
5900 132.034
6000 132.966
6100 132.966
6200 135.351
6300 135.351
6400 137.084
6500 138.398
6600 140.118
6700 140.118
6800 141.156
6900 142.077
7000 142.271
7100 144.309
7200 145.231
7300 145.602
7400 148.408
7500 150.283
7600 150.283
7700 151.568
7800 151.822
7900 152.765
8000 152.765
8100 153.003
8200 155.013
8300 158.003
8400 159.003
8500 163.003
8600 164.003
8700 164.012
8800 166.003
8900 166.003
9000 168.012
9100 169.012
9200 173.003
9300 177.003
9400 178.011
9500 182.044
9600 184.024
9700 185.097
9800 187.024
9900 188.17
10000 188.17
100 15.5242
200 21.0238
300 27.313
400 30.0832
500 34.0147
600 38.0789
700 43.0465
800 45.8803
900 50.1597
1000 52.9245
1100 53.4883
1200 55.0091
1300 57.9741
1400 60.4152
1500 61.6847
1600 64.3817
1700 65.8559
1800 69.1158
1900 73.1095
2000 75.06
2100 76.4853
2200 78.6448
2300 82.7345
2400 84.1487
2500 88.3912
2600 89.9389
2700 91.351
2800 92.0217
2900 94.7945
3000 97.7446
3100 98.4124
3200 99.1564
3300 101.415
3400 102.942
3500 104.235
3600 105.646
3700 107.564
3800 110.454
3900 112.61
4000 114.551
4100 115.624
4200 117.29
4300 118.697
4400 119.633
4500 121.511
4600 123.167
4700 125.132
4800 128.082
4900 130.05
5000 130.231
5100 132.382
5200 134.347
5300 136.132
5400 137.295
5500 138.917
5600 140.036
5700 141.23
5800 142.042
5900 144.014
6000 147.139
6100 147.733
6200 149.683
6300 151.251
6400 152.398
6500 153.375
6600 155.859
6700 157.686
6800 159.261
6900 160.639
7000 162.237
7100 163.11
7200 163.23
7300 164.779
7400 165.593
7500 166.589
7600 167.672
7700 168.502
7800 171.421
7900 173.488
8000 175.482
8100 177.634
8200 177.815
8300 178.908
8400 179.402
8500 180.056
8600 182.011
8700 183.415
8800 185.367
8900 188.298
9000 188.298
9100 189.275
9200 189.932
9300 190.906
9400 190.906
9500 191.366
9600 192.816
9700 193.786
9800 195.028
9900 195.563
10000 196.003
100 14.4222
200 19.2354
300 24.0208
400 30.0666
500 35.0571
600 37.1214
700 41.1461
800 46.0977
900 49.0408
1000 53.7587
1100 54.7083
1200 60.407
1300 66.4078
1400 68.9493
1500 71.7844
1600 75.3923
1700 76.3217
1800 78.1857
1900 81.3449
2000 81.9329
2100 83.1865
2200 84.534
2300 85.8836
2400 88.0568
2500 90.802
2600 92.1358
2700 92.72
2800 94.8472
2900 96.8401
3000 98.3717
3100 98.7623
3200 99.7246
3300 100.688
3400 102.528
3500 104.278
3600 105.119
3700 108.259
3800 110.494
3900 111.826
4000 113.217
4100 114.039
4200 115.884
4300 116.765
4400 117.239
4500 118.119
4600 119
4700 119.474
4800 120.83
4900 122.348
5000 122.348
5100 124.036
5200 126.036
5300 129.035
5400 130.035
5500 132.095
5600 134.134
5700 137.233
5800 138.177
5900 139.176
6000 140.228
6100 142.225
6200 143.224
6300 144.222
6400 145.279
6500 146.492
6600 146.578
6700 147.574
6800 148.03
6900 150.851
7000 152.069
7100 153.942
7200 153.942
7300 155.824
7400 159.803
7500 161.895
7600 161.895
7700 163.884
7800 166.769
7900 166.868
8000 166.973
8100 169.853
8200 170.848
8300 171.843
8400 171.843
8500 171.843
8600 173.566
8700 173.649
8800 174.645
8900 175.482
9000 177.011
9100 179.003
9200 180.025
9300 182.025
9400 182.025
9500 182.025
9600 186.024
9700 186.024
9800 187.003
9900 188.011
10000 189
100 15
200 25.0799
300 27.313
400 29.5296
500 33.8378
600 39.8497
700 43.0813
800 45.5412
900 49.4773
1000 54.1202
1100 57.28
1200 62.2977
1300 65.146
1400 68.6222
1500 70.8378
1600 73.3757
1700 76.6551
1800 80.5233
1900 83.4326
2000 85.7263
2100 87.0976
2200 91.444
2300 91.9837
2400 92.6499
2500 93.9415
2600 95.901
2700 97.8621
2800 99.0404
2900 101
3000 102.391
3100 104.346
3200 105.323
3300 105.323
3400 105.323
3500 107.49
3600 108.259
3700 110.023
3800 115.317
3900 116.709
4000 117.277
4100 117.277
4200 119.05
4300 122.984
4400 125.132
4500 126.495
4600 129.437
4700 129.634
4800 130.269
4900 130.269
5000 130.969
5100 133.959
5200 133.959
5300 133.959
5400 134.172
5500 136.125
5600 136.125
5700 136.125
5800 136.125
5900 137.873
6000 138.852
6100 140.246
6200 144.679
6300 144.779
6400 145
6500 147.872
6600 149.05
6700 150.233
6800 152.191
6900 152.83
7000 154.548
7100 156.541
7200 159.531
7300 159.615
7400 162.521
7500 163.518
7600 165.593
7700 167.431
7800 167.431
7900 168.241
8000 169.074
8100 170.074
8200 172.105
8300 174.072
8400 175.103
8500 175.103
8600 175.103
8700 176.071
8800 177.045
8900 178.025
9000 179.025
9100 181.334
9200 181.334
9300 182.483
9400 184.456
9500 186.43
9600 187.417
9700 191.525
9800 192.354
9900 193.342
10000 193.342
100 13
200 20.6155
300 29.0689
400 33.0151
500 36.2215
600 38.0526
700 42.0119
800 45.0444
900 51.0098
1000 54.0093
1100 56.0357
1200 57.2713
1300 64.0703
1400 65.0692
1500 67.0298
1600 67.2681
1700 69.1809
1800 72.1734
1900 74.2428
2000 75.326
2100 76.2365
2200 79.1581
2300 82.0549
2400 85.0941
2500 86.209
2600 90.0056
2700 91.0055
2800 92.6984
2900 96.0052
3000 99.0051
3100 100.02
3200 105.043
3300 106.042
3400 108.074
3500 109.073
3600 113.04
3700 115.07
3800 116.069
3900 117.154
4000 118.106
4100 119.206
4200 121.202
4300 125.256
4400 128.316
4500 132.306
4600 134.239
4700 135.237
4800 139.359
4900 139.359
5000 141.428
5100 141.428
5200 141.51
5300 142.555
5400 144.184
5500 144.184
5600 144.544
5700 148.476
5800 149.459
5900 150.137
6000 151.855
6100 154.78
6200 155.003
6300 155.541
6400 157.178
6500 158.382
6600 160.328
6700 161.301
6800 162.274
6900 162.985
7000 163.233
7100 163.713
7200 164.201
7300 164.575
7400 165.738
7500 165.738
7600 166.544
7700 167.529
7800 171.47
7900 172.131
8000 172.965
8100 174.943
8200 177.071
8300 178.059
8400 178.059
8500 178.62
8600 180.189
8700 182.165
8800 183.153
8900 183.308
9000 183.807
9100 184.765
9200 186.218
9300 189.214
9400 190.168
9500 192.211
9600 195.208
9700 197.205
9800 199.203
9900 199.251
10000 199.304
100 21.0238
200 26.0192
300 31.1448
400 36.8782
500 40.7922
600 45.3542
700 48.5077
800 50.9902
900 53.7587
1000 54.3323
1100 61.2944
1200 65.3758
1300 67.6018
1400 70.4557
1500 72.4431
1600 74.2428
1700 77.3692
1800 78.721
1900 80.7775
2000 84.8999
2100 88.2383
2200 90.8735
2300 94.0213
2400 95.7549
2500 101.98
2600 103.31
2700 104.202
2800 106.438
2900 107.331
3000 110.91
3100 113.146
3200 115.412
3300 116.846
3400 119.474
3500 121.314
3600 122.589
3700 124.908
3800 125.399
3900 126.27
4000 129.294
4100 129.294
4200 131.126
4300 131.488
4400 132.97
4500 135.204
4600 137.437
4700 137.928
4800 139.431
4900 140.293
5000 144.062
5100 146.291
5200 146.291
5300 148.111
5400 148.661
5500 148.661
5600 150.333
5700 151.717
5800 153.652
5900 156.426
6000 158.114
6100 158.685
6200 160.078
6300 161.988
6400 163.67
6500 164.83
6600 164.83
6700 165.052
6800 168.241
6900 168.241
7000 169.198
7100 170.038
7200 170.816
7300 173.046
7400 173.557
7500 175.137
7600 176.876
7700 177.37
7800 177.747
7900 179.011
8000 179.254
8100 180.649
8200 181.177
8300 182.06
8400 183.412
8500 185.181
8600 187
8700 187.387
8800 187.843
8900 187.843
9000 189.172
9100 189.172
9200 191.857
9300 191.857
9400 191.857
9500 191.857
9600 194.551
9700 196.352
9800 196.352
9900 197.687
10000 197.687
100 13.3417
200 23.0868
300 28.0713
400 31.4006
500 36.8782
600 40.4475
700 47.1275
800 49.98
900 52.811
1000 56.6127
1100 60.8769
1200 64.5368
1300 66.7083
1400 71.3092
1500 74.7262
1600 77.201
1700 78.848
1800 80.3617
1900 81.3204
2000 83.2406
2100 85.7263
2200 87.2812
2300 89.493
2400 94.255
2500 96.3016
2600 99.7246
2700 100.688
2800 100.688
2900 102.616
3000 105.65
3100 107.968
3200 108.931
3300 113.6
3400 115.802
3500 118.903
3600 118.903
3700 120.167
3800 120.806
3900 122.589
4000 124.788
4100 127.472
4200 128.413
4300 131.575
4400 131.913
4500 131.913
4600 134.48
4700 136.235
4800 138.232
4900 138.438
5000 139.435
5100 144.499
5200 147.574
5300 150.562
5400 152.473
5500 152.473
5600 155.261
5700 156.259
5800 160.253
5900 162.25
6000 162.308
6100 162.373
6200 164.368
6300 166.508
6400 169.664
6500 169.756
6600 174.103
6700 176.102
6800 176.102
6900 176.182
7000 176.182
7100 177.341
7200 178.34
7300 180.178
7400 181.099
7500 183.273
7600 184.22
7700 185.173
7800 189.169
7900 191.167
8000 193.313
8100 194.371
8200 196.431
8300 199.424
8400 200.489
8500 201.42
8600 202.418
8700 202.418
8800 203.416
8900 203.416
9000 203.416
9100 204.48
9200 207.473
9300 207.473
9400 208.471
9500 209.468
9600 210.466
9700 212.462
9800 213.46
9900 214.336
10000 216.28
100 13.0384
200 21.095
300 25.318
400 32
500 35.9026
600 39.3573
700 45.607
800 51.6624
900 55.3173
1000 60.208
1100 61.3922
1200 63.0635
1300 66.7083
1400 69.857
1500 72.0347
1600 73.4983
1700 73.9797
1800 76.1577
1900 76.531
2000 78.2624
2100 79.0759
2200 81.3941
2300 82.3772
2400 85.3288
2500 86.3134
2600 87.2983
2700 88.955
2800 90.2552
2900 91.1976
3000 92.9139
3100 93.2148
3200 95.1315
3300 99.2975
3400 101.272
3500 102.259
3600 104.235
3700 106.367
3800 109.33
3900 112.294
4000 114.272
4100 117.239
4200 118.377
4300 121.342
4400 122.919
4500 123.911
4600 124.904
4700 127.424
4800 127.577
4900 129.124
5000 130.115
5100 131.107
5200 132.699
5300 134.239
5400 137.233
5500 137.295
5600 139.23
5700 139.23
5800 141.227
5900 141.287
6000 142.338
6100 143.422
6200 145.496
6300 146.455
6400 146.84
6500 149.215
6600 151.083
6700 152.082
6800 153.052
6900 155.081
7000 155.242
7100 156.08
7200 157.08
7300 159.113
7400 162.049
7500 163.049
7600 163.049
7700 165.048
7800 167.048
7900 167.048
8000 168.576
8100 171.732
8200 172.699
8300 174.889
8400 176.822
8500 178.757
8600 178.757
8700 181.912
8800 184.358
8900 184.621
9000 185.586
9100 187.003
9200 187.003
9300 187.971
9400 189.708
9500 189.708
9600 190.672
9700 193.569
9800 193.569
9900 195.502
10000 196.726
100 14.1421
200 20.3961
300 31.0483
400 34.3657
500 37.855
600 42.9535
700 48.7545
800 49.98
900 51.8652
1000 52.811
1100 56.9386
1200 59.9416
1300 61.7171
1400 64.4127
1500 65.2993
1600 66.0681
1700 67.3573
1800 70.0928
1900 71.5052
2000 73.5935
2100 76.4853
2200 77.2334
2300 79.6304
2400 82.7345
2500 84.7172
2600 85.7088
2700 87.4643
2800 88.5664
2900 89.2749
3000 89.2749
3100 90.1388
3200 92.0869
3300 94.3027
3400 94.8683
3500 97.8008
3600 98.6002
3700 101.02
3800 104.403
3900 106.827
4000 109.018
4100 111.4
4200 112.614
4300 114.621
4400 116.039
4500 117.068
4600 119.474
4700 120.88
4800 121.511
4900 123.434
5000 125.607
5100 126.372
5200 128.316
5300 129.835
5400 132.548
5500 133.959
5600 133.959
5700 136.125
5800 137.208
5900 138.293
6000 140.716
6100 141.421
6200 142.13
6300 144.278
6400 145.671
6500 146.386
6600 147.787
6700 149.907
6800 150.615
6900 152.043
7000 153.219
7100 155.206
7200 155.206
7300 156.822
7400 156.822
7500 158.446
7600 160.897
7700 161.152
7800 161.697
7900 164.754
8000 164.754
8100 165.855
8200 167.242
8300 167.815
8400 167.815
8500 168.36
8600 171.406
8700 171.406
8800 173.623
8900 173.623
9000 173.925
9100 176.139
9200 177.282
9300 177.282
9400 177.282
9500 177.859
9600 179.446
9700 179.446
9800 180.422
9900 181.011
10000 181.463
100 13
200 19.6977
300 23.2594
400 30.0832
500 33.2415
600 37.3631
700 41.4849
800 42.7551
900 46.5296
1000 50.9902
1100 54.7814
1200 55.9464
1300 59.4811
1400 60.4152
1500 61.2944
1600 65.7419
1700 68.884
1800 72.0139
1900 78.7909
2000 80.9568
2100 83.1925
2200 86.8159
2300 87.7268
2400 89.5545
2500 91.7061
2600 95.0789
2700 96.0052
2800 98.7927
2900 101.592
3000 103.465
3100 105.948
3200 107.838
3300 109.11
3400 111
3500 112.272
3600 115.109
3700 115.434
3800 117.004
3900 119.854
4000 123.665
4100 124.326
4200 124.326
4300 126.827
4400 128.16
4500 130.771
4600 131.042
4700 133.664
4800 134.893
4900 135.595
5000 136.561
5100 139.463
5200 139.463
5300 140.918
5400 141.891
5500 142.127
5600 142.864
5700 144.81
5800 146.113
5900 146.891
6000 148.852
6100 150.443
6200 151.083
6300 151.083
6400 152.069
6500 152.895
6600 157.835
6700 158.824
6800 160.655
6900 165.605
7000 167.872
7100 169.85
7200 171.977
7300 173.159
7400 174.264
7500 175.642
7600 177.722
7700 178.55
7800 179.338
7900 180.336
8000 183.33
8100 184.329
8200 184.459
8300 185.389
8400 187.451
8500 187.601
8600 187.601
8700 188.449
8800 189.447
8900 189.447
9000 191.042
9100 193.041
9200 194.064
9300 195.064
9400 195.064
9500 196.092
9600 197.023
9700 198.023
9800 198.645
9900 198.645
10000 201.718
100 16.4012
200 23.0217
300 30.0167
400 33.6006
500 40.4599
600 44.2041
700 48.1041
800 49.5177
900 52.8394
1000 55.4707
1100 59.8164
1200 61.7171
1300 64.846
1400 65.8027
1500 69.4046
1600 70.214
1700 71.2811
1800 73.2393
1900 74.0608
2000 75.1665
2100 78.924
2200 80.4114
2300 84.1546
2400 88.2553
2500 89.8888
2600 91.7606
2700 94.578
2800 95.5196
2900 96.4624
3000 98.3514
3100 98.3514
3200 100.245
3300 105.304
3400 107.224
3500 107.838
3600 109.481
3700 110.44
3800 112.361
3900 115.122
4000 117.886
4100 120.669
4200 122.642
4300 123.628
4400 123.628
4500 124.615
4600 127.122
4700 128.32
4800 129.522
4900 130.817
5000 131.795
5100 132.185
5200 134.733
5300 135.915
5400 136.125
5500 138.852
5600 140.036
5700 141.014
5800 143.339
5900 145.774
6000 146.741
6100 146.997
6200 147.963
6300 148.93
6400 150.615
6500 152.315
6600 154.26
6700 156.438
6800 158.382
6900 160.1
7000 161.075
7100 163.025
7200 164.222
7300 167.693
7400 169.65
7500 171.607
7600 171.814
7700 173.003
7800 173.98
7900 176.366
8000 176.706
8100 176.912
8200 177.685
8300 178.508
8400 182.39
8500 183.565
8600 183.967
8700 184.792
8800 186.703
8900 188.862
9000 190.822
9100 191.606
9200 191.606
9300 191.802
9400 192.634
9500 192.855
9600 194.805
9700 196.756
9800 198.494
9900 200.449
10000 201.427
100 15.5242
200 23.7697
300 27.4591
400 31.4006
500 34.3657
600 36.0139
700 40.2244
800 48.1664
900 49.2544
1000 53.3385
1100 57.4891
1200 61.4003
1300 67.1863
1400 73.4983
1500 75.6902
1600 79.6994
1700 83.8153
1800 85.0706
1900 88.2553
2000 88.8876
2100 91.7606
2200 94.921
2300 95.2103
2400 96.3016
2500 97.719
2600 98.6712
2700 103.078
2800 104.785
2900 105.262
3000 107.201
3100 109.142
3200 111.611
3300 113.565
3400 115.953
3500 118.457
3600 120.416
3700 120.416
3800 121.754
3900 124.664
4000 127.816
4100 128.787
4200 129.541
4300 130.771
4400 133.664
4500 134.629
4600 135.595
4700 136.561
4800 136.561
4900 140.186
5000 140.918
5100 141.891
5200 143.098
5300 143.837
5400 144.81
5500 145.784
5600 148.933
5700 149.164
5800 149.646
5900 150.373
6000 150.373
6100 150.615
6200 152.555
6300 152.611
6400 154.434
6500 156.668
6600 158.405
6700 160.328
6800 161.245
6900 162.163
7000 163.478
7100 164.396
7200 164.396
7300 166.628
7400 168.861
7500 170.699
7600 172.54
7700 178.62
7800 179.747
7900 180.737
8000 183.003
8100 183.469
8200 186.43
8300 186.762
8400 187.747
8500 188.733
8600 189.066
8700 191.802
8800 191.802
8900 191.802
9000 192.208
9100 196.122
9200 197.101
9300 199.06
9400 199.842
9500 200.823
9600 204.159
9700 204.941
9800 205.922
9900 207.885
10000 209.848
100 11.0454
200 21.587
300 26.6833
400 28.6356
500 33.7343
600 38.2884
700 42.2019
800 45.1221
900 48.0521
1000 51.4198
1100 52.6308
1200 54.4059
1300 55.3173
1400 58.2495
1500 60.1664
1600 63.7887
1700 64.7611
1800 65.7647
1900 68.1542
2000 72.6154
2100 74.4648
2200 75.9605
2300 78.1857
2400 79.712
2500 81.5966
2600 82.5651
2700 83.5225
2800 87.0919
2900 89.2861
3000 91.214
3100 91.214
3200 92.6984
3300 93.984
3400 95.8019
3500 97.4987
3600 99.3277
3700 100.578
3800 102.489
3900 104.403
4000 106.32
4100 108.522
4200 110.725
4300 113.323
4400 113.6
4500 114.843
4600 118.004
4700 120.88
4800 122.801
4900 123.762
5000 125.686
5100 127.613
5200 128.736
5300 130.943
5400 134.104
5500 135.059
5600 136.015
5700 139.843
5800 143.003
5900 143.962
6000 145.88
6100 147.801
6200 149.325
6300 150.283
6400 153.444
6500 154.69
6600 156.895
6700 157.493
6800 157.851
6900 158.808
7000 161.012
7100 161.608
7200 161.682
7300 164.469
7400 164.469
7500 166.379
7600 168.291
7700 168.885
7800 169.541
7900 170.449
8000 170.792
8100 172.351
8200 174.562
8300 174.562
8400 174.562
8500 174.562
8600 176.465
8700 178.676
8800 179.003
8900 181.232
9000 182.187
9100 183.142
9200 183.774
9300 184.114
9400 186.601
9500 186.936
9600 188.175
9700 189.283
9800 192.938
9900 194.743
10000 194.743
100 13.3417
200 20.5183
300 24.0832
400 27.1662
500 30.0832
600 34.9857
700 37.1214
800 39.6232
900 44.2945
1000 45.8912
1100 48.3322
1200 50.2494
1300 54.3323
1400 57.3149
1500 59.5399
1600 62.2896
1700 65.2763
1800 68.3593
1900 68.593
2000 69.3181
2100 70.7107
2200 72.9178
2300 74.7329
2400 76.5572
2500 79.0759
2600 81.0247
2700 82
2800 85.5102
2900 89.2693
3000 92.228
3100 94.541
3200 96.5091
3300 98.4784
3400 101.272
3500 102.259
3600 104.58
3700 105.38
3800 106.367
3900 108.157
4000 109.11
4100 111.319
4200 114.18
4300 116.387
4400 117.644
4500 118.271
4600 118.962
4700 120.603
4800 122.801
4900 125.419
5000 126.384
5100 128.577
5200 128.845
5300 129.808
5400 133.664
5500 134.629
5600 134.648
5700 135.857
5800 138.752
5900 140.943
6000 144.101
6100 144.368
6200 146.84
6300 148.223
6400 149.723
6500 150.283
6600 151.076
6700 153.574
6800 154.538
6900 156.678
7000 157.41
7100 160.1
7200 163.025
7300 164
7400 164
7500 164.976
7600 165.593
7700 166.865
7800 167.287
7900 170.229
8000 172.986
8100 173.173
8200 176.556
8300 178.55
8400 178.55
8500 181.541
8600 181.797
8700 183.614
8800 184.621
8900 185.607
9000 188.404
9100 189.552
9200 190.539
9300 191.909
9400 194.031
9500 195.167
9600 195.318
9700 197.145
9800 197.294
9900 198.283
10000 198.98
100 13.3417
200 19.6977
300 27.2029
400 31.305
500 34.0588
600 38.4187
700 41.0366
800 43.2782
900 44.6878
1000 46.0977
1100 51.0882
1200 53.0754
1300 55.8659
1400 58.7963
1500 63.0317
1600 65.9469
1700 67.8823
1800 70.0357
1900 72.1249
2000 73.5391
2100 77.8332
2200 79.3095
2300 80.1561
2400 80.7217
2500 82.9759
2600 82.9759
2700 83.6002
2800 84.5044
2900 86.2844
3000 88.3629
3100 92.0869
3200 94.0479
3300 98.2293
3400 100.439
3500 104.043
3600 105.437
3700 106.832
3800 107.415
3900 107.415
4000 109.554
4100 112.446
4200 115.421
4300 116.211
4400 120
4500 122.413
4600 123.81
4700 127.004
4800 128.845
4900 130.419
5000 132.004
5100 134.402
5200 135.207
5300 137.058
5400 138.698
5500 141.174
5600 142.004
5700 143.951
5800 145.341
5900 145.341
6000 146.479
6100 148.122
6200 148.946
6300 151.212
6400 153.525
6500 153.525
6600 154.564
6700 155.926
6800 158.795
6900 160.031
7000 162.604
7100 163.453
7200 163.893
7300 166.532
7400 167.386
7500 168.656
7600 169.198
7700 169.65
7800 171.703
7900 173.404
8000 173.876
8100 174.642
8200 175.727
8300 176.479
8400 177.73
8500 179.137
8600 179.137
8700 181.97
8800 183.199
8900 184.068
9000 184.708
9100 185.809
9200 186.682
9300 188.915
9400 189.789
9500 189.789
9600 191.149
9700 192.51
9800 195.133
9900 196.888
10000 197.368
100 12.0416
200 22.2036
300 27.0185
400 32.1403
500 35.2278
600 37.4833
700 42.19
800 44.5533
900 50.3587
1000 54.4518
1100 59.4138
1200 64.6297
1300 66.9104
1400 69.0507
1500 72.1734
1600 75.1665
1700 75.4255
1800 78.0577
1900 79.0253
2000 80.025
2100 80.399
2200 85
2300 89.9444
2400 92.7793
2500 97.1648
2600 99.4636
2700 101
2800 102.961
2900 105.323
3000 106.513
3100 109.444
3200 111.4
3300 111.4
3400 111.987
3500 114.756
3600 117.686
3700 118.127
3800 120.075
3900 120.54
4000 121.413
4100 124.197
4200 126.194
4300 127.252
4400 130.384
4500 131.187
4600 134.134
4700 134.134
4800 135.133
4900 136.132
5000 138.091
5100 140.089
5200 141.089
5300 143.003
5400 145.003
5500 147.003
5600 149.013
5700 150.013
5800 151.119
5900 155.003
6000 155.003
6100 158.003
6200 160.003
6300 160.003
6400 163.003
6500 164.003
6600 165.003
6700 167.012
6800 169.047
6900 170.047
7000 171.047
7100 172.235
7200 175.046
7300 175.046
7400 176.045
7500 177.045
7600 180.044
7700 180.044
7800 183.068
7900 186.024
8000 187.024
8100 188.024
8200 189.042
8300 190.066
8400 191.065
8500 194.003
8600 195.01
8700 197
8800 198.091
8900 198.091
9000 199.063
9100 200.062
9200 201.09
9300 203.089
9400 207.087
9500 208.118
9600 208.118
9700 208.118
9800 208.195
9900 208.195
10000 210.152
100 10.6301
200 17.088
300 21.8403
400 26.0768
500 29.5296
600 33.1059
700 36.6742
800 39.3954
900 42.45
1000 46.5725
1100 48.5077
1200 50.6952
1300 55.5428
1400 61.131
1500 62.3618
1600 66.2193
1700 68.3081
1800 70.5195
1900 72.4224
2000 73.3757
2100 73.9256
2200 77.4726
2300 77.4726
2400 80.1124
2500 83.672
2600 86.3308
2700 87.6641
2800 88.1022
2900 90.3383
3000 93.0376
3100 94.0213
3200 96.7729
3300 98.0867
3400 99.925
3500 102.157
3600 102.157
3700 104.389
3800 105.19
3900 106.513
4000 107.541
4100 109.659
4200 109.659
4300 110.073
4400 110.86
4500 112.361
4600 113.719
4700 113.741
4800 115.871
4900 116.017
5000 117.414
5100 117.414
5200 119.038
5300 119.541
5400 122.642
5500 123.693
5600 126.317
5700 128.156
5800 129.077
5900 130.782
6000 133.54
6100 134.332
6200 134.462
6300 135.248
6400 135.96
6500 140.431
6600 142.215
6700 142.664
6800 144.506
6900 145.836
7000 147.648
7100 149.466
7200 150.881
7300 151.638
7400 152.542
7500 152.971
7600 154.305
7700 156.109
7800 156.109
7900 156.589
8000 157.496
8100 157.496
8200 157.496
8300 158.114
8400 158.619
8500 161.078
8600 163.15
8700 164.195
8800 165.194
8900 166.193
9000 168.19
9100 169.189
9200 170.188
9300 171.187
9400 171.187
9500 172.186
9600 175.183
9700 175.183
9800 175.183
9900 175.96
10000 176.777
100 12.6491
200 21.4009
300 27.313
400 32.45
500 37.2156
600 39.8246
700 42.0476
800 43.8292
900 47.8017
1000 50.3289
1100 54.2033
1200 56.6127
1300 59.9083
1400 62.426
1500 67.6757
1600 69.8928
1700 72.9452
1800 74.9466
1900 75.4321
2000 76.5506
2100 79.0759
2200 82.1523
2300 84.7231
2400 87.2353
2500 88.1192
2600 89.6772
2700 91.6624
2800 94.5304
2900 95.5249
3000 96.5194
3100 98.5089
3200 99.5038
3300 103.484
3400 104.58
3500 107.564
3600 109.458
3700 111.45
3800 115.525
3900 117.273
4000 119.206
4100 120.204
4200 122.201
4300 126.321
4400 128.141
4500 130.246
4600 132.185
4700 133.304
4800 134.536
4900 135.624
5000 138.521
5100 142.506
5200 143.422
5300 145.417
5400 148.486
5500 150.403
5600 151.4
5700 153.326
5800 154.324
5900 155.464
6000 156.719
6100 157.918
6200 159.906
6300 161.124
6400 164.985
6500 165.979
6600 167.672
6700 169.756
6800 169.956
6900 172.838
7000 174.04
7100 175.034
7200 176.028
7300 178.017
7400 181
7500 182.214
7600 183.325
7700 186.304
7800 187.297
7900 188.29
8000 192.263
8100 194.366
8200 196.352
8300 198.013
8400 198.91
8500 200.9
8600 201.896
8700 203.887
8800 204.883
8900 206.969
9000 208.959
9100 211.946
9200 214.756
9300 214.842
9400 216.834
9500 216.834
9600 218.916
9700 219.911
9800 219.911
9900 221.903
10000 222.182
100 15
200 23.3238
300 25.5539
400 29.8329
500 36.7151
600 40.8167
700 45.1885
800 47.4131
900 49.7393
1000 52.5547
1100 54.4243
1200 58.1808
1300 60.0083
1400 62.6498
1500 63.9766
1600 66.4078
1700 67.3573
1800 68.6222
1900 70.8378
2000 72.111
2100 73.5391
2200 75.1665
2300 78.5493
2400 81.3449
2500 83.2586
2600 85.6154
2700 88.3912
2800 89.493
2900 93.3006
3000 98.3717
3100 100.578
3200 103.092
3300 107.856
3400 110.725
3500 110.725
3600 113.6
3700 113.6
3800 115.732
3900 116.499
4000 117.047
4100 119.641
4200 120.88
4300 124.149
4400 127.283
4500 128.265
4600 131.214
4700 132.197
4800 135.148
4900 140.071
5000 143.028
5100 146.973
5200 148.946
5300 151.608
5400 151.608
5500 152.411
5600 154.379
5700 155.129
5800 158.269
5900 161.208
6000 161.208
6100 161.805
6200 161.805
6300 163.771
6400 165.197
6500 166.865
6600 168.808
6700 170.988
6800 171.724
6900 172.244
7000 174.545
7100 177.485
7200 180.427
7300 181.033
7400 183.565
7500 186.507
7600 188.664
7700 188.664
7800 189.644
7900 189.644
8000 189.644
8100 190.625
8200 191.606
8300 191.606
8400 192.588
8500 193.961
8600 197.881
8700 197.881
8800 201.02
8900 202.406
9000 205.341
9100 207.504
9200 207.504
9300 208.904
9400 209.669
9500 211.625
9600 211.625
9700 213.79
9800 214.22
9900 217.147
10000 217.366
100 12.6491
200 17.4642
300 22.3607
400 27.6586
500 32.0156
600 36.4005
700 38.3275
800 44.5982
900 51.264
1000 55.6597
1100 58.8218
1200 60.7289
1300 63.6003
1400 65.7343
1500 66.2873
1600 69.2315
1700 70.214
1800 72.3671
1900 74.1485
2000 75.3127
2100 78.3901
2200 79.6241
2300 80.604
2400 84.7585
2500 86.7295
2600 88.8651
2700 90.7579
2800 92.9731
2900 93.9202
3000 93.9202
3100 96.4624
3200 99.368
3300 101.592
3400 102.883
3500 105.948
3600 106.892
3700 108.784
3800 111.328
3900 114.162
4000 116.056
4100 117.004
4200 121.116
4300 124.278
4400 125.228
4500 125.543
4600 128.082
4700 128.082
4800 130.943
4900 136.015
5000 137.266
5100 139.843
5200 140.52
5300 142.443
5400 143.68
5500 145.331
5600 146.031
5700 147.054
5800 149.603
5900 149.94
6000 152.765
6100 153.101
6200 154.146
6300 155.081
6400 155.926
6500 155.926
6600 156.016
6700 156.605
6800 159.7
6900 161.929
7000 164.158
7100 167.156
7200 170.47
7300 171.397
7400 171.956
7500 173.254
7600 173.254
7700 173.254
7800 174.184
7900 174.542
8000 174.957
8100 175.866
8200 177.688
8300 179.847
8400 179.847
8500 181.177
8600 181.662
8700 183.068
8800 185.594
8900 186.497
9000 187.771
9100 188.693
9200 190.158
9300 190.158
9400 191.463
9500 193.313
9600 193.313
9700 193.693
9800 195
9900 195.923
10000 197.773
100 12.1655
200 20.2485
300 23.4307
400 26.4008
500 31.4006
600 41.1947
700 43.1856
800 45.1774
900 49.163
1000 50.9902
1100 54.3415
1200 57.2713
1300 59.5063
1400 64.622
1500 67.4166
1600 69.0797
1700 72.45
1800 75.5844
1900 78.2624
2000 80.0625
2100 81.8413
2200 84.9706
2300 87.6641
2400 91.7061
2500 92.6121
2600 96.1509
2700 99.2975
2800 99.7647
2900 100.846
3000 101.872
3100 102.927
3200 104.101
3300 105.475
3400 106
3500 110.788
3600 111.647
3700 111.647
3800 113.208
3900 113.741
4000 116.039
4100 120
4200 121
4300 123.004
4400 123.037
4500 125.016
4600 126.063
4700 128.062
4800 130.062
4900 131.061
5000 131.244
5100 132.095
5200 133.135
5300 134.093
5400 134.093
5500 136.059
5600 136.132
5700 138.177
5800 140.129
5900 141.128
6000 143.087
6100 145.124
6200 145.124
6300 145.124
6400 145.169
6500 149.084
6600 151.013
6700 152.013
6800 153.013
6900 155.029
7000 158.013
7100 158.013
7200 161.003
7300 162.028
7400 163.028
7500 165.027
7600 166.012
7700 169.012
7800 171.012
7900 172.047
8000 173
8100 174.072
8200 174.072
8300 176
8400 177
8500 179.003
8600 180.044
8700 182.069
8800 185.068
8900 185.132
9000 187.024
9100 188.024
9200 192.023
9300 193.041
9400 194.041
9500 194.064
9600 197.063
9700 197.063
9800 200.022
9900 200.022
10000 201.022
100 12.083
200 22.1359
300 25.632
400 30.6757
500 38.0789
600 42.1545
700 44.2832
800 46.5188
900 49.2443
1000 52.8015
1100 54.5894
1200 57.2451
1300 58.3095
1400 60.7454
1500 62.3939
1600 64.0781
1700 68.6222
1800 71.1688
1900 72.3464
2000 74.9466
2100 76.844
2200 77.4919
2300 78.1601
2400 84.4038
2500 85.276
2600 86.0523
2700 86.8389
2800 89.8109
2900 90.4268
3000 91.214
3100 92.6553
3200 93.723
3300 93.8136
3400 95.6347
3500 96.8401
3600 99.6243
3700 101.637
3800 103.247
3900 104.924
4000 105.702
4100 106.513
4200 107.838
4300 108.747
4400 110.571
4500 110.982
4600 112.089
4700 114.726
4800 115.694
4900 118.849
5000 119.369
5100 120.333
5200 120.333
5300 122.528
5400 123.762
5500 125.686
5600 125.96
5700 126.242
5800 128.736
5900 129.541
6000 129.808
6100 130.25
6200 132.185
6300 132.503
6400 133.881
6500 134.201
6600 138.004
6700 138.975
6800 140.089
6900 141.209
7000 141.354
7100 142.594
7200 144.586
7300 146.492
7400 146.492
7500 152.329
7600 152.329
7700 153.326
7800 154.324
7900 154.324
8000 156.461
8100 158.382
8200 159.314
8300 161.251
8400 164.247
8500 165.245
8600 165.245
8700 166.193
8800 167.192
8900 169.145
9000 169.189
9100 171.187
9200 171.237
9300 172.235
9400 173.416
9500 174.287
9600 174.413
9700 176.479
9800 176.479
9900 177.775
10000 179.805
100 14.3178
200 21.1896
300 28.6356
400 32.6497
500 37.1214
600 40.8534
700 47.1699
800 49.3964
900 53.4883
1000 56.0803
1100 58.1378
1200 61.7414
1300 65.7951
1400 67.1193
1500 72.2357
1600 75.3923
1700 77.0779
1800 78.7909
1900 80.6226
2000 84.309
2100 86.0058
2200 88.6397
2300 89.9611
2400 92.3093
2500 93.2309
2600 97.3088
2700 98.7927
2800 102.318
2900 104
3000 105.702
3100 107.154
3200 109.385
3300 112.721
3400 113.653
3500 115.486
3600 116.362
3700 117.478
3800 120.067
3900 121.433
4000 122.967
4100 126.57
4200 128.472
4300 129.004
4400 130.698
4500 132.401
4600 134.112
4700 135.68
4800 137.594
4900 138.957
5000 140.663
5100 143.122
5200 143.962
5300 147.567
5400 148.718
5500 149.893
5600 150.632
5700 152.856
5800 152.856
5900 153.701
6000 155.618
6100 157
6200 159.477
6300 161.419
6400 161.419
6500 163.637
6600 166.688
6700 167.242
6800 170.652
6900 171.467
7000 172.047
7100 173.442
7200 174.026
7300 174.734
7400 175.57
7500 176.465
7600 177.282
7700 178.404
7800 179.011
7900 180.205
8000 180.236
8100 182.258
8200 184.133
8300 186.473
8400 186.473
8500 186.807
8600 188.733
8700 188.733
8800 189.447
8900 191.943
9000 192.575
9100 193.982
9200 193.982
9300 193.982
9400 196.163
9500 197.307
9600 197.57
9700 198.346
9800 198.977
9900 198.977
10000 199.361
100 13.1529
200 19.2354
300 25.4951
400 30.4138
500 35.2278
600 37.4833
700 41
800 44.1475
900 47.2652
1000 50.2494
1100 55.0091
1200 56.0089
1300 57.0088
1400 61.0082
1500 64.0312
1600 66.0681
1700 69.029
1800 71.3442
1900 74.2428
2000 76.2365
2100 80.1561
2200 85.1469
2300 89.0898
2400 90.0888
2500 92.0869
2600 94.0851
2700 97.0464
2800 99
2900 100.005
3000 102.02
3100 105.005
3200 107.787
3300 109.005
3400 110.005
3500 110.82
3600 113.437
3700 115.849
3800 118.828
3900 121.926
4000 123.045
4100 123.911
4200 125.028
4300 126.151
4400 127.142
4500 127.577
4600 130.863
4700 132.673
4800 133.66
4900 133.66
5000 134.495
5100 135.484
5200 136.473
5300 136.624
5400 138.004
5500 140.004
5600 140.004
5700 140.004
5800 141.004
5900 141.156
6000 142.014
6100 143.837
6200 145.014
6300 145.124
6400 147.122
6500 148.122
6600 150.12
6700 151.212
6800 152.21
6900 152.266
7000 154.263
7100 154.263
7200 154.719
7300 159.665
7400 160.655
7500 161.79
7600 161.79
7700 163.248
7800 164.906
7900 166.883
8000 167.872
8100 167.872
8200 170.156
8300 170.988
8400 174.657
8500 177.91
8600 179.889
8700 182.014
8800 183.153
8900 185.13
9000 188.404
9100 190.224
9200 193.041
9300 193.499
9400 195.635
9500 199.745
9600 202.544
9700 203.531
9800 207.331
9900 208.173
10000 210.152
100 12.3693
200 20.3961
300 25.7099
400 30.6757
500 34.7131
600 39.2938
700 42.5793
800 46.5296
900 49.6488
1000 54.5619
1100 58.6003
1200 64.0781
1300 68.352
1400 72.45
1500 75.2861
1600 78.848
1700 79.8123
1800 83.2406
1900 84.4808
2000 86.1278
2100 89.7385
2200 90.2441
2300 93.1719
2400 96.3172
2500 96.7729
2600 97.9847
2700 102.772
2800 105.119
2900 106.099
3000 108.06
3100 110.218
3200 110.218
3300 112.614
3400 113.952
3500 116.108
3600 117.098
3700 120.071
3800 120.934
3900 122.919
4000 124.459
4100 127.279
4200 130.115
4300 132.098
4400 133.36
4500 134.082
4600 136.825
4700 140.911
4800 141.905
4900 143.265
5000 143.785
5100 145.774
5200 146.986
5300 149.967
5400 151.954
5500 153.183
5600 154.208
5700 154.871
5800 156.707
5900 157.69
6000 158.673
6100 160.639
6200 162.607
6300 163.417
6400 164.575
6500 165.221
6600 166.208
6700 167.194
6800 169.331
6900 170.317
7000 170.317
7100 171.304
7200 171.304
7300 171.304
7400 174.106
7500 175.514
7600 177.248
7700 178.241
7800 179.234
7900 179.234
8000 180.472
8100 181.593
8200 182.584
8300 183.576
8400 183.576
8500 185.559
8600 186.424
8700 187.297
8800 187.949
8900 188.939
9000 189.929
9100 190.074
9200 191.063
9300 192.2
9400 193.189
9500 193.189
9600 194.178
9700 195.167
9800 197.145
9900 198.134
10000 199.123
100 12.0416
200 18.4391
300 22.0227
400 27.0185
500 30.3645
600 36.1386
700 39.2938
800 41.9762
900 47.0744
1000 50.9902
1100 54.9181
1200 55.9017
1300 57.0701
1400 61.1882
1500 63.1506
1600 64.9384
1700 66.9104
1800 70.859
1900 75.505
2000 80.604
2100 83.9524
2200 86.885
2300 89.4986
2400 92.4175
2500 93.4077
2600 96.8814
2700 98.4886
2800 106.733
2900 108.908
3000 113.053
3100 115.135
3200 118.596
3300 123.016
3400 123.665
3500 124.652
3600 127.201
3700 131.605
3800 134.766
3900 136.971
4000 140.132
4100 141.089
4200 142.443
4300 144.368
4400 145.066
4500 146.294
4600 147.709
4700 150.615
4800 152.086
4900 152.109
5000 153.375
5100 156.924
5200 158.862
5300 161.771
5400 164.685
5500 167.836
5600 167.836
5700 170.52
5800 171.493
5900 173.442
6000 175.391
6100 177.341
6200 177.341
6300 179.847
6400 181.246
6500 182.222
6600 183.12
6700 183.358
6800 185.367
6900 185.367
7000 186.561
7100 187.984
7200 188.958
7300 189.932
7400 190.906
7500 191.88
7600 195.78
7700 196.756
7800 196.756
7900 197.517
8000 198.494
8100 200.449
8200 202.615
8300 204.57
8400 208.483
8500 211.625
8600 212.603
8700 212.603
8800 213.581
8900 214.22
9000 217.497
9100 218.277
9200 218.277
9300 219.064
9400 219.857
9500 220.839
9600 221.822
9700 221.822
9800 222.805
9900 223.788
10000 223.973
100 23.3452
200 27.8927
300 30.8707
400 36.2353
500 42.0595
600 46.9574
700 48.3011
800 51.8652
900 55.3624
1000 57.5847
1100 60.7454
1200 64.846
1300 67.6757
1400 70.8378
1500 73.3757
1600 74.6324
1700 75
1800 76.896
1900 79.712
2000 81.9329
2100 85.7963
2200 86.3771
2300 87.6641
2400 88.278
2500 88.6002
2600 90.4268
2700 92.7793
2800 95.0368
2900 97.8673
3000 100.285
3100 102.259
3200 102.591
3300 104.69
3400 105.475
3500 107.466
3600 107.466
3700 108.462
3800 109.554
3900 111.463
4000 113.437
4100 113.442
4200 117.239
4300 118.229
4400 120.208
4500 121.342
4600 122.483
4700 124.101
4800 127.035
4900 128.035
5000 129.035
5100 130.015
5200 130.062
5300 131.24
5400 133.222
5500 134.213
5600 136.33
5700 140.161
5800 142.274
5900 143.265
6000 144.257
6100 145.121
6200 146.24
6300 147.363
6400 147.868
6500 147.868
6600 148.862
6700 148.862
6800 151.954
6900 152.319
7000 156.285
7100 156.554
7200 158.269
7300 159.138
7400 160.125
7500 161.112
7600 163.417
7700 164.073
7800 165.061
7900 165.061
8000 166.208
8100 166.208
8200 168.181
8300 168.181
8400 168.181
8500 170.156
8600 170.317
8700 170.485
8800 172.131
8900 173.118
9000 173.277
9100 174.106
9200 174.106
9300 175.414
9400 175.414
9500 177.003
9600 177.071
9700 177.792
9800 179.513
9900 179.513
10000 180.069
100 18.4391
200 26.2488
300 30.4795
400 34.0588
500 36.0555
600 39.8246
700 42.4853
800 45.5412
900 49.0408
1000 52
1100 56.4624
1200 60.1664
1300 62.6259
1400 63.9062
1500 65.146
1600 68.3081
1700 71.1688
1800 72.8011
1900 74.0405
2000 75
2100 76.922
2200 79.1202
2300 81.7435
2400 82.8613
2500 86.4002
2600 91.214
2700 94.1116
2800 99.2018
2900 101.139
3000 104.293
3100 105.773
3200 107.703
3300 109.49
3400 112.009
3500 113.283
3600 117.835
3700 118.828
3800 120.702
3900 122.332
4000 123.199
4100 124.68
4200 125.674
4300 125.782
4400 127.738
4500 129.557
4600 130.553
4700 132.378
4800 133.54
4900 133.54
5000 135.624
5100 135.945
5200 136.938
5300 137.364
5400 139.291
5500 140.289
5600 141.287
5700 143.126
5800 143.126
5900 146.086
6000 147.085
6100 149.084
6200 152.082
6300 152.118
6400 155.052
6500 156.029
6600 159.05
6700 160.078
6800 162.077
6900 164.11
7000 164.149
7100 165.148
7200 167.048
7300 167.192
7400 171.105
7500 174.103
7600 177.071
7700 179.07
7800 181.224
7900 181.224
8000 182.275
8100 184
8200 185.003
8300 187.011
8400 188.003
8500 189.003
8600 189.011
8700 190.003
8800 194.003
8900 194.003
9000 198.01
9100 198.01
9200 200.01
9300 200.01
9400 200.01
9500 201.002
9600 201.062
9700 202.062
9800 203.062
9900 204.061
10000 206.039
100 11.4018
200 20.1246
300 24.0832
400 28.6007
500 30.5287
600 34.1321
700 36.6197
800 41.0122
900 46.8402
1000 47.7598
1100 52.5547
1200 54.0833
1300 57.2713
1400 63.0317
1500 66.0076
1600 68
1700 70
1800 75.0067
1900 77.0065
2000 79.0253
2100 81.0555
2200 82.0549
2300 82.0975
2400 84.0952
2500 88.0057
2600 90.0056
2700 92.0054
2800 94.0053
2900 95.0053
3000 96.0469
3100 98.0459
3200 99.0202
3300 101.045
3400 101.868
3500 103.392
3600 104.389
3700 108.074
3800 110.073
3900 113.071
4000 114.039
4100 115.039
4200 117.004
4300 118.017
4400 121.004
4500 121.004
4600 122
4700 125.004
4800 126.004
4900 127.004
5000 127.004
5100 128.035
5200 129.035
5300 129.468
5400 131.061
5500 131.095
5600 133.06
5700 135.059
5800 138.058
5900 138.13
6000 141.032
6100 142.014
6200 143.014
6300 143.014
6400 144.014
6500 145.014
6600 147.014
6700 149.013
6800 151.013
6900 152.03
7000 153.013
7100 155.029
7200 157.051
7300 159.05
7400 161.078
7500 162.077
7600 163.15
7700 164.195
7800 164.195
7900 166.397
8000 169.319
8100 170.52
8200 171.493
8300 172.467
8400 172.467
8500 174.874
8600 175.847
8700 177.792
8800 177.792
8900 178.317
9000 180.488
9100 181.687
9200 182.661
9300 182.661
9400 182.661
9500 182.661
9600 183.636
9700 183.636
9800 184.177
9900 185.154
10000 189.066
100 14.3178
200 24.1661
300 28.178
400 34.5398
500 38.4838
600 40.3113
700 42.72
800 46.2709
900 47.927
1000 51.4782
1100 55.4437
1200 58.2409
1300 64.6297
1400 68.593
1500 72.6911
1600 73.6817
1700 75.6637
1800 77.7817
1900 80.5047
2000 82.3893
2100 85.3756
2200 87.6926
2300 90.6697
2400 91.9239
2500 95.6347
2600 96.6282
2700 97.6217
2800 102.591
2900 103.586
3000 103.947
3100 105.929
3200 108.046
3300 110.027
3400 111.018
3500 112.147
3600 114.739
3700 117.72
3800 119.821
3900 122.053
4000 124.036
4100 124.036
4200 127.566
4300 127.566
4400 128.891
4500 132.673
4600 133.66
4700 134.974
4800 135.96
4900 137.768
5000 139.086
5100 140.246
5200 141.411
5300 143.199
5400 145.169
5500 145.825
5600 145.825
5700 148.125
5800 150.443
5900 152.411
6000 158.673
6100 160.462
6200 161.447
6300 165.387
6400 165.387
6500 166.373
6600 167.529
6700 167.705
6800 168.514
6900 169.673
7000 169.859
7100 172.803
7200 173.787
7300 175.582
7400 178.539
7500 180.679
7600 182.65
7700 182.65
7800 184.621
7900 185.13
8000 186.762
8100 189.718
8200 189.889
8300 191.859
8400 192.38
8500 193.373
8600 194.366
8700 197.345
8800 200.325
8900 201.435
9000 203.194
9100 205.183
9200 206.4
9300 207.511
9400 209.057
9500 211.946
9600 212.941
9700 213.038
9800 216.023
9900 219.009
10000 219.107
100 13.6015
200 22.4722
300 28.8617
400 32.573
500 35.171
600 39.8121
700 43.0116
800 46.2385
900 47.7598
1000 52.2015
1100 54.1202
1200 57.0088
1300 59.9083
1400 60.8769
1500 61.8466
1600 62.0967
1700 63.0635
1800 65.9242
1900 67.2681
2000 70.214
2100 71.1969
2200 72.0347
2300 76.1577
2400 77.3692
2500 80.2808
2600 83.1986
2700 84.1724
2800 85.44
2900 86.6083
3000 88.4816
3100 89.8721
3200 91.6624
3300 93.6483
3400 94.6414
3500 96.6282
3600 98.4124
3700 102.489
3800 102.703
3900 106.231
4000 108.167
4100 110.164
4200 112.219
4300 114.158
4400 116.108
4500 116.108
4600 117.644
4700 119.281
4800 122.102
4900 123.491
5000 125.575
5100 126.669
5200 126.811
5300 129.835
5400 130.752
5500 134.729
5600 134.729
5700 136.36
5800 137.644
5900 139.054
6000 140.911
6100 142.144
6200 144.461
6300 146.031
6400 147.611
6500 149.201
6600 150.801
6700 151.4
6800 151.605
6900 152.411
7000 153.219
7100 154.616
7200 157.051
7300 158.685
7400 160.078
7500 161.821
7600 161.821
7700 162.41
7800 164.027
7900 166.235
8000 166.235
8100 166.604
8200 167.2
8300 168.404
8400 170.414
8500 170.801
8600 172.2
8700 172.409
8800 173.442
8900 175.206
9000 176.4
9100 177.8
9200 178.404
9300 179.201
9400 179.201
9500 181.472
9600 182.236
9700 183.619
9800 183.883
9900 184.716
10000 185.551
100 14.2127
200 23.0868
300 31.305
400 38.0789
500 44.7772
600 51.0784
700 56.648
800 60.5392
900 62.7694
1000 64.622
1100 66.8506
1200 69.4622
1300 71.3092
1400 76.1577
1500 77.8203
1600 80.9506
1700 81.8413
1800 83.006
1900 86.5332
2000 87.6584
2100 90.802
2200 92.6175
2300 93.2309
2400 94.8683
2500 95.7758
2600 98.4937
2700 98.4937
2800 101.237
2900 103.392
3000 107.056
3100 109.041
3200 111.288
3300 112.045
3400 112.161
3500 114.691
3600 116.932
3700 117.154
3800 119.971
3900 120.615
4000 122.025
4100 124.74
4200 126.905
4300 129.19
4400 129.727
4500 133.304
4600 133.304
4700 136.029
4800 136.693
4900 138.852
5000 141.014
5100 143.684
5200 147.323
5300 149.576
5400 150.987
5500 153.808
5600 155.974
5700 156.083
5800 156.847
5900 159.289
6000 160.702
6100 162.788
6200 162.788
6300 166.244
6400 166.931
6500 169.118
6600 171.33
6700 173.416
6800 174.897
6900 176.389
7000 177.138
7100 178.55
7200 180.056
7300 180.712
7400 183.633
7500 184.288
7600 187.211
7700 189.275
7800 189.932
7900 189.932
8000 190.591
8100 193.507
8200 194.165
8300 194.165
8400 197.19
8500 199.361
8600 200.25
8700 201.792
8800 203.066
8900 205.38
9000 205.526
9100 206.306
9200 208.492
9300 212.085
9400 212.085
9500 213.827
9600 215.411
9700 218.826
9800 218.826
9900 221.461
10000 224.27
100 11.0454
200 18.0278
300 24.0208
400 28.2312
500 31.9061
600 35.3553
700 37.2156
800 39.8246
900 41.1825
1000 46
1100 48.0104
1200 50.01
1300 53.0377
1400 54.0093
1500 56.1427
1600 59.2115
1700 64.2806
1800 66.4831
1900 68.1836
2000 69.5845
2100 71.7008
2200 72.6911
2300 75.4255
2400 79.404
2500 82.2982
2600 84.214
2700 85.2877
2800 87.0919
2900 90.05
3000 94.0053
3100 96
3200 97.1854
3300 99.0808
3400 100.08
3500 102.044
3600 105.019
3700 106.042
3800 109.005
3900 111.005
4000 114.018
4100 115.039
4200 115.07
4300 116.069
4400 117.107
4500 118.106
4600 120.037
4700 123.065
4800 124.064
4900 125.064
5000 125.1
5100 128.098
5200 128.191
5300 131.309
5400 133.375
5500 134.451
5600 136.444
5700 136.62
5800 137.615
5900 139.517
6000 141.693
6100 143.59
6200 145.582
6300 149.566
6400 149.656
6500 149.857
6600 151.845
6700 152.84
6800 153.183
6900 153.183
7000 155.293
7100 156.719
7200 157.277
7300 158.534
7400 159.261
7500 160.655
7600 161.645
7700 162.779
7800 163.768
7900 164.757
8000 164.757
8100 165.747
8200 165.747
8300 167.036
8400 169.567
8500 169.567
8600 170.426
8700 171.418
8800 172.818
8900 173.401
9000 175.385
9100 176.377
9200 177.496
9300 178.362
9400 178.362
9500 178.757
9600 179.48
9700 180.189
9800 181.177
9900 182.165
10000 183.153
100 15.2315
200 20.8806
300 23.7697
400 26.5707
500 31.3847
600 33.3766
700 36.1248
800 42.19
900 44.4072
1000 47.676
1100 54.037
1200 56.3205
1300 57.4282
1400 58.9406
1500 61.2944
1600 64.3817
1700 65.3758
1800 67.3647
1900 73.3348
2000 74.2428
2100 77.1622
2200 79.2275
2300 80.2247
2400 85.1469
2500 87.023
2600 91.2688
2700 92.5419
2800 93.5361
2900 93.5361
3000 94.4299
3100 95.1893
3200 96.1301
3300 99.0808
3400 99.1262
3500 102.044
3600 106.019
3700 109.041
3800 111.041
3900 114.039
4000 117.038
4100 118.068
4200 121.103
4300 121.149
4400 123.065
4500 124.064
4600 125.144
4700 128.191
4800 128.191
4900 129.19
5000 130.188
5100 131.187
5200 132.095
5300 133.034
5400 135.133
5500 137.179
5600 139.176
5700 139.176
5800 140.129
5900 141.089
6000 141.089
6100 141.089
6200 142.088
6300 142.425
6400 144.17
6500 144.17
6600 145.417
6700 145.496
6800 146.891
6900 147.275
7000 148.273
7100 150.083
7200 152.082
7300 153.118
7400 156.115
7500 158.114
7600 160.112
7700 161.112
7800 161.152
7900 162.151
8000 162.197
8100 163.248
8200 165.245
8300 165.245
8400 166.193
8500 168.36
8600 168.428
8700 171.353
8800 171.353
8900 173.349
9000 175.345
9100 176.638
9200 177.634
9300 179.471
9400 180.469
9500 181.466
9600 182.464
9700 183.461
9800 184.459
9900 185.456
10000 186.454
100 16.1245
200 28.4429
300 36.1386
400 38.6005
500 41.3038
600 45.3542
700 46.6905
800 51.0882
900 53.0094
1000 56
1100 58
1200 58.1378
1300 60.1332
1400 62.6498
1500 63.2851
1600 67.1863
1700 68.2642
1800 71.0634
1900 71.1126
2000 73.3485
2100 74.3303
2200 76.4853
2300 80.0562
2400 80.0562
2500 81.0555
2600 84.5044
2700 88.2553
2800 89.3197
2900 93.6376
3000 99.2975
3100 103.407
3200 105.304
3300 109.11
3400 112.641
3500 117.444
3600 119.105
3700 122.528
3800 127.35
3900 129.031
4000 131.217
4100 133.154
4200 137.033
4300 138.246
4400 140.918
4500 142.369
4600 144.309
4700 145.279
4800 146.741
4900 150.03
5000 151.01
5100 153.951
5200 153.951
5300 154.932
5400 157.334
5500 158.493
5600 161.447
5700 162.432
5800 163.417
5900 164.575
6000 166.544
6100 168.514
6200 170.317
6300 173.277
6400 173.277
6500 175.251
6600 175.251
6700 176.082
6800 176.921
6900 176.921
7000 177.91
7100 178.899
7200 179.889
7300 181.025
7400 182.858
7500 184.838
7600 185.97
7700 187.949
7800 188.799
7900 189.402
8000 190.276
8100 192.263
8200 194.366
8300 196.128
8400 196.128
8500 197.914
8600 198.91
8700 199.008
8800 199.424
8900 201.718
9000 203.711
9100 205.789
9200 206.785
9300 208.866
9400 209.955
9500 212.941
9600 214.933
9700 215.928
9800 217.92
9900 219.911
10000 219.911
100 13.3417
200 20.5913
300 23.1948
400 27.4591
500 32.5576
600 34.176
700 37.2156
800 43.566
900 46.6905
1000 51.6236
1100 52.7731
1200 54.5894
1300 56.5685
1400 62.2896
1500 66.4831
1600 68.469
1700 69.5845
1800 73
1900 73.0068
2000 78
2100 81.0062
2200 84.006
2300 87.023
2400 94.0053
2500 96.0052
2600 98.0204
2700 99.0202
2800 102.005
2900 103.019
3000 104
3100 108
3200 111.005
3300 112.004
3400 113.004
3500 114.004
3600 116.017
3700 117
3800 118
3900 119.206
4000 122.037
4100 122.201
4200 124.326
4300 127.098
4400 130.096
4500 133.135
4600 136.092
4700 137.131
4800 138.13
4900 140.289
5000 141.428
5100 145.221
5200 147.122
5300 150.12
5400 150.12
5500 151.162
5600 151.212
5700 153.395
5800 154.392
5900 155.39
6000 157.458
6100 160.527
6200 161.524
6300 162.444
6400 163.518
6500 165.303
6600 165.366
6700 165.366
6800 168.241
6900 168.315
7000 169.307
7100 170.188
7200 170.3
7300 171.292
7400 172.285
7500 174.27
7600 174.393
7700 175.263
7800 175.385
7900 178.362
8000 179.047
8100 179.747
8200 182.718
8300 182.718
8400 183.576
8500 185.559
8600 186.682
8700 187.673
8800 189.655
8900 189.655
9000 189.655
9100 190.518
9200 191.157
9300 192.151
9400 193.041
9500 193.041
9600 195.041
9700 195.092
9800 197.091
9900 197.821
10000 199.812
100 12.8062
200 22.3607
300 27.2947
400 30.8869
500 34
600 37
700 41
800 43.4166
900 47.4342
1000 48.3839
1100 51.0392
1200 55.0091
1300 56.1427
1400 58.1378
1500 60.1332
1600 61.4003
1700 63.0714
1800 64.0703
1900 69.1158
2000 70.1142
2100 74.108
2200 79.1581
2300 82.1523
2400 85.2115
2500 87.2067
2600 90.1388
2700 94.1329
2800 94.1913
2900 96.3328
3000 98.326
3100 102.313
3200 106.381
3300 110.368
3400 113.159
3500 116.069
3600 118.152
3700 121.103
3800 122.102
3900 124.064
4000 126.036
4100 128.004
4200 129.016
4300 132.061
4400 133.034
4500 136.059
4600 137.091
4700 137.091
4800 137.179
4900 138.177
5000 139.176
5100 141.128
5200 144.003
5300 144.003
5400 145.003
5500 148.003
5600 149.013
5700 152.003
5800 153.029
5900 155.052
6000 157.029
6100 157.051
6200 157.051
6300 158.028
6400 159.079
6500 161.078
6600 163.077
6700 164.076
6800 167.192
6900 170.238
7000 172.235
7100 173.289
7200 175.231
7300 175.231
7400 178.281
7500 181.276
7600 186.269
7700 187.171
7800 189.169
7900 192.211
8000 193.259
8100 195.256
8200 195.576
8300 197.162
8400 199.203
8500 200.998
8600 202.988
8700 202.988
8800 203.089
8900 203.089
9000 206.4
9100 208.387
9200 209.497
9300 212.132
9400 212.276
9500 213.122
9600 214.553
9700 218.358
9800 221.326
9900 222.315
10000 223.305
100 12.1655
200 23.4094
300 31.3847
400 34.0147
500 37.5899
600 39.3573
700 43.7379
800 49.8197
900 52.1728
1000 53.4509
1100 54.9181
1200 57.5847
1300 60.531
1400 65.123
1500 67.0671
1600 69.1158
1700 72.0278
1800 78.0256
1900 82.0061
2000 84
2100 86.1452
2200 92.0869
2300 94.1329
2400 95.1893
2500 95.1893
2600 97.2522
2700 98.326
2800 99.5038
2900 101.494
3000 103.484
3100 103.484
3200 105.802
3300 107.355
3400 108.559
3500 108.78
3600 110.318
3700 112.752
3800 113.864
3900 115.974
4000 120.071
4100 123.045
4200 123.968
4300 124.78
4400 125.766
4500 126.752
4600 127.906
4700 130.05
4800 131.034
4900 134.974
5000 137.117
5100 138.279
5200 139.086
5300 142.042
5400 143.753
5500 144.931
5600 147.299
5700 148.708
5800 149.683
5900 152.398
6000 153.375
6100 155.332
6200 157.496
6300 158.597
6400 161.409
6500 161.409
6600 162.388
6700 163.573
6800 165.412
6900 166.355
7000 168.867
7100 170.141
7200 171.094
7300 172.351
7400 174.256
7500 174.562
7600 176.774
7700 177.725
7800 178.676
7900 179.936
8000 181.838
8100 182.148
8200 184.049
8300 186.904
8400 188.809
8500 189.423
8600 192.276
8700 192.585
8800 192.585
8900 196.698
9000 196.703
9100 200.172
9200 201.122
9300 203.022
9400 204.924
9500 206.497
9600 207.762
9700 211.873
9800 211.873
9900 213.46
10000 213.771
100 13.6015
200 18.2483
300 25.02
400 30.0167
500 33.1361
600 35.0571
700 39.8246
800 45.2769
900 48.7545
1000 49.2443
1100 52.8015
1200 56.0803
1300 58.1378
1400 60.208
1500 63.1981
1600 66.4831
1700 68.593
1800 70.4557
1900 70.4557
2000 72.4431
2100 72.4431
2200 73.736
2300 75.6108
2400 76.0592
2500 76.9025
2600 79.0253
2700 81.5414
2800 85.0941
2900 87.0919
3000 88.2043
3100 90.1998
3200 94.1913
3300 94.1913
3400 99.2472
3500 101.178
3600 104.077
3700 105.119
3800 105.233
3900 105.233
4000 107.229
4100 109.554
4200 111.647
4300 114.63
4400 116.349
4500 117.346
4600 119.269
4700 122.332
4800 124.258
4900 124.258
5000 126.194
5100 128.191
5200 131.309
5300 134.302
5400 135.447
5500 138.611
5600 139.517
5700 140.513
5800 140.513
5900 141.354
6000 143.283
6100 145.417
6200 147.34
6300 149.335
6400 150.27
6500 151.268
6600 151.268
6700 153.264
6800 154.208
6900 157.156
7000 158.079
7100 159.079
7200 160.05
7300 160.05
7400 162.003
7500 162.003
7600 162.049
7700 163.049
7800 165.048
7900 166.027
8000 167.586
8100 169.027
8200 171.549
8300 172.54
8400 174.046
8500 175.011
8600 176.011
8700 177.011
8800 178.025
8900 180.025
9000 181.044
9100 182.025
9200 182.025
9300 184.003
9400 185.011
9500 185.011
9600 185.024
9700 187.003
9800 188.003
9900 190.024
10000 191.024
100 16.2788
200 29.0689
300 37.0135
400 44.0454
500 47.3814
600 49
700 51.3517
800 52.7731
900 55.109
1000 58.6941
1100 62.6498
1200 65.6201
1300 69.4622
1400 70.4557
1500 76.3217
1600 77.7946
1700 80.6536
1800 81.6088
1900 82.5651
2000 85.0941
2100 88.2043
2200 88.2043
2300 92.1954
2400 94.1329
2500 97.1288
2600 98.4886
2700 101.02
2800 105.019
2900 107.019
3000 108.042
3100 111.041
3200 112.018
3300 113.071
3400 114.215
3500 117.038
3600 117.068
3700 118.038
3800 121.037
3900 125.036
4000 129.004
4100 129.016
4200 130.015
4300 130.015
4400 131.015
4500 133.034
4600 135.033
4700 135.033
4800 136.033
4900 137.015
5000 138.058
5100 142.014
5200 143.056
5300 144.087
5400 147.085
5500 148.084
5600 150.083
5700 150.213
5800 152.161
5900 153.16
6000 155.158
6100 157.08
6200 158.051
6300 158.051
6400 159.38
6500 161.05
6600 162.111
6700 163.077
6800 164.11
6900 164.149
7000 165.148
7100 166.048
7200 168.048
7300 169.047
7400 169.074
7500 172.073
7600 173.104
7700 174.072
7800 175.103
7900 178.101
8000 180.178
8100 182.176
8200 183.175
8300 186.172
8400 189.32
8500 193.259
8600 194.258
8700 195.256
8800 196.255
8900 196.431
9000 197.428
9100 198.305
9200 201.249
9300 202.247
9400 203.246
9500 204.245
9600 204.245
9700 204.353
9800 205.412
9900 206.41
10000 207.348
100 12.0416
200 21.2603
300 26.8701
400 30.8058
500 33.6155
600 37.5899
700 39.9249
800 42.0595
900 45.3982
1000 54.5894
1100 58.5491
1200 65.6201
1300 67.897
1400 70.7107
1500 73.3485
1600 74.3303
1700 75.6637
1800 76.9025
1900 81.0494
2000 82.0366
2100 84.1724
2200 86.1452
2300 89.1067
2400 91.0824
2500 92.5743
2600 93.3809
2700 94.7259
2800 96.7471
2900 98.8433
3000 101.98
3100 103.755
3200 106.705
3300 107.355
3400 107.355
3500 109.037
3600 111.158
3700 112.147
3800 114.127
3900 115.261
4000 115.974
4100 116.297
4200 117.958
4300 118.258
4400 121.202
4500 122.495
4600 124.952
4700 125.936
4800 126.752
4900 129.437
5000 132.019
5100 132.834
5200 135.794
5300 138.755
5400 138.755
5500 140.431
5600 142.411
5700 144.682
5800 146.813
5900 147.959
6000 150.097
6100 150.097
6200 151.199
6300 152.895
6400 153.574
6500 154.055
6600 155.859
6700 156.042
6800 156.847
6900 157.544
7000 159.812
7100 159.812
7200 160.381
7300 161.79
7400 162.779
7500 164.757
7600 165.747
7700 165.747
7800 166.883
7900 167.586
8000 167.726
8100 167.726
8200 168.576
8300 169.567
8400 170.558
8500 171.549
8600 172.54
8700 172.54
8800 175.514
8900 175.514
9000 175.514
9100 176.505
9200 177.913
9300 180.898
9400 180.898
9500 180.898
9600 181.706
9700 181.706
9800 182.65
9900 183.636
10000 184.456
100 13.4536
200 19.4165
300 24.0832
400 28.3196
500 32.28
600 35.2278
700 36.2215
800 39
900 43
1000 51.0392
1100 54.0093
1200 55.1453
1300 56.0803
1400 58.4209
1500 60.407
1600 61.2944
1700 64.195
1800 66.6108
1900 67.4759
2000 70.7107
2100 71.1969
2200 71.7008
2300 73.8241
2400 74.2159
2500 79.4292
2600 80.2309
2700 82.201
2800 84.3445
2900 84.3445
3000 85.5102
3100 88.459
3200 91.4112
3300 92.3959
3400 93.2148
3500 95.1893
3600 98.1529
3700 99.2975
3800 102.108
3900 104.087
4000 104.087
4100 105.224
4200 106.921
4300 109.037
4400 109.659
4500 111.306
4600 113.6
4700 114.425
4800 114.935
4900 116.902
5000 119.854
5100 123.794
5200 126.921
5300 129.877
5400 132.518
5500 134.648
5600 136.33
5700 139.302
5800 141.421
5900 142.555
6000 142.555
6100 146.24
6200 147.231
6300 150.083
6400 152.191
6500 153.183
6600 153.444
6700 155.168
6800 156.16
6900 157.153
7000 157.153
7100 159.138
7200 161.009
7300 162.117
7400 162.237
7500 163.23
7600 166.331
7700 168.193
7800 172.166
7900 173.159
8000 175.263
8100 176.028
8200 178.017
8300 179.011
8400 181.893
8500 182.888
8600 186.078
8700 186.968
8800 187.963
8900 188.958
9000 190.948
9100 193.039
9200 196.023
9300 197.018
9400 199.008
9500 199.565
9600 200.721
9700 203.711
9800 205.704
9900 207.473
10000 207.473
100 14.3178
200 20.2485
300 26.0768
400 30.0666
500 34.3657
600 37.6563
700 41.5933
800 45.8912
900 47.8539
1000 51.0882
1100 57.2014
1200 60.2163
1300 63.8122
1400 67.2309
1500 68.2642
1600 69.814
1700 70.7107
1800 73.3553
1900 75.8024
2000 79.6304
2100 83.4865
2200 86.8389
2300 88.6002
2400 89.4036
2500 91.214
2600 95.268
2700 95.268
2800 97.3088
2900 100.265
3000 102.069
3100 105.119
3200 107.49
3300 110.309
3400 112.432
3500 112.432
3600 113.846
3700 118.929
3800 123.907
3900 128.425
4000 130.599
4100 133.304
4200 136.36
4300 138.409
4400 139.946
4500 140.72
4600 142.127
4700 143.68
4800 144.309
4900 147.122
5000 147.435
5100 150.602
5200 152.611
5300 154.806
5400 158.003
5500 159.615
5600 161.236
5700 162.89
5800 163.67
5900 164.454
6000 165.801
6100 166.208
6200 166.82
6300 169.009
6400 170.417
6500 171.187
6600 171.234
6700 172.047
6800 173.358
6900 174.977
7000 175.642
7100 177.505
7200 178.398
7300 178.398
7400 181.108
7500 183.984
7600 183.984
7700 185.348
7800 186.132
7900 187.417
8000 188.831
8100 190.245
8200 191.638
8300 193.052
8400 195.167
8500 196.576
8600 197.99
8700 197.99
8800 198.698
8900 199.409
9000 200.838
9100 201.556
9200 202.233
9300 205.105
9400 207.212
9500 208.607
9600 210.737
9700 212.869
9800 214.348
9900 216.541
10000 217.904
100 15.2643
200 24.3516
300 29.1204
400 33.5261
500 36.1386
600 39.8121
700 42.5793
800 45.7056
900 48.1664
1000 56.2228
1100 61.131
1200 65.123
1300 68.0294
1400 70.0286
1500 72.0278
1600 75.06
1700 78.0064
1800 82.0061
1900 87.0057
2000 90.05
2100 93.0484
2200 93.086
2300 96
2400 100.005
2500 104.005
2600 110
2700 111.018
2800 113.018
2900 115.07
3000 118.017
3100 120.017
3200 125.016
3300 126.063
3400 128.098
3500 131.061
3600 133.06
3700 134.034
3800 137.033
3900 138.033
4000 139
4100 140
4200 140
4300 141.004
4400 144
4500 148
4600 150
4700 152.003
4800 154.029
4900 156.029
5000 159.05
5100 162
5200 163.012
5300 163.012
5400 166.012
5500 166.075
5600 167.108
5700 168.146
5800 169.003
5900 170.003
6000 172.003
6100 173.003
6200 174.347
6300 177.025
6400 179.045
6500 180.069
6600 181.276
6700 183.273
6800 184.459
6900 184.459
7000 185.456
7100 188.449
7200 190.444
7300 192.26
7400 195.256
7500 196.308
7600 200.302
7700 200.489
7800 203.298
7900 204.245
8000 204.296
8100 204.296
8200 206.349
8300 208.346
8400 211.341
8500 211.4
8600 211.4
8700 213.396
8800 214.336
8900 215.335
9000 215.335
9100 217.389
9200 220.327
9300 220.327
9400 221.274
9500 222.272
9600 222.38
9700 226.268
9800 227.266
9900 227.317
10000 229.218
100 14.5602
200 20.1246
300 25.0799
400 27.8568
500 31.1448
600 34.5254
700 41.0488
800 45.0999
900 48.1664
1000 51.1566
1100 55.0818
1200 59.1354
1300 62.0322
1400 65.0308
1500 69.0652
1600 70.0643
1700 74.3303
1800 77.3175
1900 83.2947
2000 84.2912
2100 87.2812
2200 87.2812
2300 88.2043
2400 89.202
2500 90.1388
2600 92.0869
2700 94.0851
2800 94.1329
2900 95.1893
3000 95.1893
3100 96.0052
3200 97.1854
3300 98.0204
3400 99.0202
3500 99.7246
3600 100.603
3700 101.71
3800 102.703
3900 104.389
4000 104.69
4100 105.622
4200 108.157
4300 109.11
4400 111.018
4500 112.929
4600 112.929
4700 114.843
4800 116.108
4900 117.341
5000 118.296
5100 118.849
5200 122.123
5300 123.081
5400 124.326
5500 125.284
5600 127.201
5700 128.39
5800 128.39
5900 130.081
6000 132.28
6100 132.28
6200 133.522
6300 133.522
6400 134.48
6500 134.766
6600 136.312
6700 137.266
6800 137.266
6900 137.266
7000 139.014
7100 139.718
7200 141.209
7300 141.481
7400 142.172
7500 144.101
7600 144.641
7700 145.774
7800 147.709
7900 147.709
8000 148.678
8100 150.373
8200 150.373
8300 151.344
8400 153.388
8500 153.388
8600 154.78
8700 155.801
8800 159.176
8900 160.465
9000 163.273
9100 164.56
9200 167.027
9300 167.631
9400 167.631
9500 169.189
9600 170.135
9700 170.135
9800 172.351
9900 173.925
10000 173.954
100 16.4924
200 22.561
300 28.2843
400 33.1361
500 36.3456
600 40.0125
700 44.1814
800 49.366
900 50.3587
1000 55.9017
1100 56.8859
1200 60.0167
1300 61.9839
1400 65.9242
1500 69.7209
1600 72.8354
1700 76.531
1800 76.531
1900 81.0987
2000 81.4985
2100 85.0059
2200 86.0058
2300 88.0057
2400 91.0055
2500 92.0217
2600 93.4345
2700 94.3398
2800 97.0824
2900 98.0816
3000 101.242
3100 104.307
3200 105.304
3300 108.296
3400 108.296
3500 109.293
3600 112.285
3700 114.28
3800 115.278
3900 119.269
4000 120.266
4100 121.413
4200 123.26
4300 124.487
4400 126.57
4500 128.658
4600 128.658
4700 129.557
4800 130.553
4900 132.544
5000 134.536
5100 136.195
5200 137.186
5300 139.169
5400 140.161
5500 141.421
5600 143.544
5700 147.363
5800 147.503
5900 148.637
6000 150.207
6100 151.327
6200 152.319
6300 153.31
6400 153.31
6500 153.31
6600 155.293
6700 158.146
6800 159.138
6900 163.23
7000 164.478
7100 165.469
7200 166.736
7300 166.736
7400 167.726
7500 168.716
7600 170.426
7700 171.828
7800 173.954
7900 174.943
8000 178.488
8100 178.488
8200 179.789
8300 180.679
8400 183.576
8500 186.075
8600 187.843
8700 189.694
8800 192.419
8900 195.151
9000 195.563
9100 196.474
9200 197.385
9300 198.215
9400 200.449
9500 201.358
9600 201.358
9700 203.593
9800 205.913
9900 206.826
10000 206.826
100 11.1803
200 19.3132
300 28.4429
400 30.5941
500 34.2345
600 36.3456
700 40.1123
800 41.1096
900 45.0444
1000 48.0416
1100 53.6656
1200 57.3847
1300 59.9333
1400 64.4748
1500 67.2309
1600 68.942
1700 71.5891
1800 74.8465
1900 79.4796
2000 82.0792
2100 83.2166
2200 86.0233
2300 89.56
2400 91.4822
2500 92.8924
2600 97.0155
2700 99.6895
2800 100.663
2900 101.139
3000 103.078
3100 105.019
3200 105.019
3300 105.759
3400 109.142
3500 109.895
3600 110.114
3700 111.324
3800 113.265
3900 114.477
4000 117.388
4100 118.6
4200 120.333
4300 120.333
4400 121.297
4500 123.223
4600 123.976
4700 127.883
4800 129.988
4900 129.988
5000 132.853
5100 134.104
5200 137.568
5300 138.521
5400 139.176
5500 142.046
5600 143.003
5700 143.962
5800 144.921
5900 146.84
6000 149.04
6100 150.96
6200 150.96
6300 151.921
6400 152.611
6500 154.331
6600 155.589
6700 156.208
6800 158.142
6900 160.078
7000 160.331
7100 161.047
7200 161.047
7300 162.521
7400 163.747
7500 167.61
7600 168.324
7700 171.991
7800 173.666
7900 173.922
8000 174.889
8100 176.822
8200 176.822
8300 177.539
8400 179.011
8500 179.271
8600 182.168
8700 183.134
8800 184.101
8900 187.003
9000 187.971
9100 190.877
9200 191.604
9300 192.865
9400 194.281
9500 195.328
9600 196.469
9700 198.404
9800 199.372
9900 200.34
10000 200.592
100 17.4642
200 25.0799
300 30.8869
400 39.2046
500 42.2966
600 45.5412
700 50.8035
800 55.1453
900 57.1402
1000 59.2284
1100 61.3922
1200 63.6396
1300 65.6201
1400 66.6108
1500 68.7314
1600 71.5681
1700 73.1095
1800 73.171
1900 74.2428
2000 76.2365
2100 77.2334
2200 77.3886
2300 82.7647
2400 82.7647
2500 84.0773
2600 86.3134
2700 89.4427
2800 90.7855
2900 92.5743
3000 93.0376
3100 95.7079
3200 97.2934
3300 98.7168
3400 99.6895
3500 100.663
3600 102.46
3700 103.407
3800 105.537
3900 106.471
4000 106.944
4100 108.046
4200 110.059
4300 111.414
4400 113.137
4500 115.117
4600 116.25
4700 120.814
4800 124.904
4900 124.904
5000 124.904
5100 125.674
5200 129.757
5300 130.553
5400 130.981
5500 133.462
5600 134.48
5700 138.235
5800 141.06
5900 144.838
6000 144.838
6100 144.838
6200 146.414
6300 147.679
6400 148.314
6500 149.265
6600 150.217
6700 152.427
6800 154.331
6900 155.901
7000 160.655
7100 163.817
7200 164.469
7300 165.723
7400 167.631
7500 171.453
7600 172.702
7700 174.256
7800 177.406
7900 178.059
8000 179.324
8100 180.613
8200 181.554
8300 184.394
8400 186.601
8500 186.601
8600 187.555
8700 188.215
8800 189.447
8900 191.126
9000 191.846
9100 194.756
9200 195
9300 196.939
9400 197.909
9500 197.952
9600 200.352
9700 200.821
9800 201.792
9900 201.792
10000 201.854
100 15.5563
200 20.8087
300 23.4307
400 26.2488
500 32.6497
600 39.8246
700 44.6878
800 47.0106
900 50
1000 52.345
1100 56.5862
1200 57.4891
1300 61.8466
1400 64.6607
1500 69.029
1600 71.8401
1700 75.6042
1800 76.8375
1900 79.8812
2000 82.0975
2100 88.7525
2200 95.1893
2300 97.4166
2400 99.4786
2500 101.119
2600 103.769
2700 104.657
2800 108.24
2900 109.567
3000 112.712
3100 114.495
3200 116.778
3300 119.867
3400 120.768
3500 123.309
3600 125.718
3700 127.581
3800 128.825
3900 132.034
4000 133.701
4100 135.118
4200 136.883
4300 137.786
4400 140.004
4500 140.943
4600 142.667
4700 144.451
4800 147.136
4900 147.136
5000 148.476
5100 150.735
5200 151.169
5300 152.069
5400 154.305
5500 155.206
5600 157.013
5700 159.248
5800 160.225
5900 161.137
6000 163.478
6100 165.711
6200 166.628
6300 167.839
6400 168.751
6500 168.751
6600 169.664
6700 171.814
6800 172.325
6900 173.626
7000 174.929
7100 175.482
7200 177.71
7300 177.71
7400 179.011
7500 181.069
7600 182.937
7700 183.872
7800 185.744
7900 189.256
8000 190.192
8100 191.128
8200 193.003
8300 193.003
8400 194.288
8500 195.226
8600 196.865
8700 197.585
8800 198.736
8900 199.812
9000 200.385
9100 200.928
9200 202.608
9300 204.834
9400 207.28
9500 207.993
9600 210.794
9700 213.953
9800 214.311
9900 215.824
10000 217.35
100 13.4164
200 18.0278
300 25.7099
400 30.6757
500 34.4819
600 36.7696
700 42.7551
800 45.7056
900 49.0306
1000 53.6004
1100 56.8859
1200 59.8415
1300 62.8013
1400 67.2681
1500 69.857
1600 71.8053
1700 72.5672
1800 75.8024
1900 78.9177
2000 81.2158
2100 84.3445
2200 86.4928
2300 88.2836
2400 90.6091
2500 90.956
2600 92.8924
2700 94.5939
2800 96.3172
2900 97.7446
3000 99.5038
3100 102.489
3200 103.392
3300 104.69
3400 108.374
3500 109.371
3600 110.549
3700 111.544
3800 112.539
3900 114.978
4000 117.154
4100 121.05
4200 122.025
4300 123
4400 123
4500 125.929
4600 127.122
4700 128.32
4800 131.027
4900 132.981
5000 133.959
5100 133.959
5200 133.959
5300 135.329
5400 137.277
5500 139.216
5600 139.463
5700 140.616
5800 140.616
5900 142.773
6000 144.544
6100 146.509
6200 147.492
6300 148.476
6400 148.476
6500 150.443
6600 151.608
6700 152.591
6800 154.557
6900 154.742
7000 155.541
7100 158.673
7200 162.788
7300 162.788
7400 163.771
7500 165.738
7600 166.721
7700 167.093
7800 169.248
7900 170.229
8000 172.386
8100 172.386
8200 174.155
8300 176.918
8400 178.709
8500 180.347
8600 180.51
8700 184.141
8800 185.607
8900 186.271
9000 186.271
9100 186.271
9200 188.247
9300 190.055
9400 190.055
9500 191.943
9600 192.938
9700 193.838
9800 194.928
9900 198.91
10000 199.905
100 13.3417
200 23.1948
300 27.2947
400 30.0167
500 37.1214
600 43.1856
700 45.0999
800 49.2544
900 51.0392
1000 53.4603
1100 55.5788
1200 59.5399
1300 62.1691
1400 70.0357
1500 73.3485
1600 73.8241
1700 80.4114
1800 85.3288
1900 86.6833
2000 88.8426
2100 90.802
2200 92.9624
2300 95.5667
2400 96.7729
2500 99.2018
2600 100.17
2700 103.325
2800 104.547
2900 106.569
3000 109.371
3100 112.361
3200 112.361
3300 114.438
3400 115.434
3500 117.427
3600 119.419
3700 120.416
3800 123.406
3900 125.399
4000 125.483
4100 127.475
4200 133.375
4300 138.293
4400 139.291
4500 140.513
4600 143.283
4700 144.281
4800 144.779
4900 144.779
5000 146.578
5100 147.98
5200 148.486
5300 149.405
5400 151.476
5500 153.395
5600 153.47
5700 154.392
5800 154.392
5900 155.464
6000 156.387
6100 158.455
6200 159.452
6300 162.444
6400 163.441
6500 163.6
6600 165.68
6700 166.769
6800 168.668
6900 169.664
7000 170.848
7100 171.058
7200 172.653
7300 173.566
7400 174.734
7500 176.726
7600 176.819
7700 177.553
7800 178.631
7900 179.471
8000 180.469
8100 180.544
8200 181.541
8300 181.62
8400 182.464
8500 182.464
8600 184.22
8700 184.22
8800 185.607
8900 186.604
9000 188.13
9100 190.095
9200 190.095
9300 192.666
9400 193.662
9500 194.659
9600 195.829
9700 196.652
9800 199.008
9900 200.002
10000 203.983
100 14.0357
200 21.4709
300 27.7308
400 31.4006
500 34.2345
600 38.0789
700 43.0116
800 44.643
900 47.4342
1000 49.0408
1100 50.5668
1200 52.3927
1300 53.7122
1400 55.9464
1500 58.5918
1600 60.3738
1700 65.7951
1800 67.5426
1900 68.884
2000 71.1688
2100 75.2728
2200 76.896
2300 79.3788
2400 81.2712
2500 85.0706
2600 86.977
2700 87.9204
2800 88.8876
2900 89.8443
3000 90.1388
3100 91.0934
3200 91.9837
3300 95.1262
3400 98.732
3500 99.8499
3600 101.833
3700 103.817
3800 104.809
3900 106.367
4000 108.559
4100 112.614
4200 115.261
4300 115.261
4400 118.377
4500 119.52
4600 121.655
4700 123.794
4800 125.028
4900 125.766
5000 128.725
5100 130.541
5200 132.834
5300 133.989
5400 133.989
5500 135.148
5600 138.755
5700 140.73
5800 140.89
5900 142.215
6000 143.562
6100 145.527
6200 145.911
6300 146.891
6400 147.503
6500 149.482
6600 149.833
6700 150.814
6800 151.796
6900 152.778
7000 154.055
7100 157.277
7200 159.022
7300 159.906
7400 161.895
7500 162.89
7600 162.997
7700 163.689
7800 164.985
7900 167.967
8000 168.077
8100 169.186
8200 170.065
8300 170.848
8400 171.549
8500 172.54
8600 174.797
8700 176.638
8800 177.629
8900 177.629
9000 178.62
9100 178.757
9200 180.602
9300 184.567
9400 185.559
9500 186.118
9600 187.949
9700 190.074
9800 190.379
9900 190.379
10000 193.662
100 12.2066
200 21.0238
300 27.0185
400 33
500 35.1283
600 39.0128
700 42.5793
800 47.676
900 51.0882
1000 52.2015
1100 54.7083
1200 57.8014
1300 59.2284
1400 63.0079
1500 65
1600 67.3573
1700 69.6419
1800 69.6419
1900 73.2393
2000 77.1038
2100 78.7718
2200 82.3772
2300 84.0595
2400 85.9826
2500 87.983
2600 89.3588
2700 90.7359
2800 94.8736
2900 97.9439
3000 98.737
3100 99.6243
3200 102.078
3300 102.903
3400 103.812
3500 105.603
3600 105.603
3700 107.201
3800 110.941
3900 112.898
4000 115.122
4100 115.966
4200 117.137
4300 117.992
4400 120.108
4500 120.739
4600 123.471
4700 124.908
4800 126.562
4900 129.248
5000 131.034
5100 133.27
5200 135.059
5300 135.956
5400 137.753
5500 138.654
5600 140.004
5700 140.004
5800 140.528
5900 141.549
6000 142.762
6100 144.506
6200 144.506
6300 144.931
6400 145.413
6500 146.322
6600 146.769
6700 148.125
6800 149.054
6900 150.217
7000 152.765
7100 154.324
7200 154.324
7300 155.271
7400 156.924
7500 157.166
7600 157.487
7700 160.031
7800 161.595
7900 163.49
8000 164.438
8100 168.238
8200 169.189
8300 170.141
8400 171.094
8500 171.4
8600 172.047
8700 173.012
8800 173.623
8900 175.824
9000 176.774
9100 177.725
9200 180.58
9300 181.838
9400 182.148
9500 182.148
9600 183.412
9700 184.049
9800 184.694
9900 185.648
10000 186.904
100 15.0333
200 21.095
300 29.0172
400 34.0147
500 36.4005
600 42.0476
700 45.0111
800 48.7032
900 51.2445
1000 56.2228
1100 59.1354
1200 67.1193
1300 70.2567
1400 74.1687
1500 77.026
1600 78.924
1700 81.7068
1800 82.6378
1900 85.703
2000 88.5438
2100 91.0824
2200 92.6553
2300 95.5092
2400 95.5092
2500 98.6712
2600 99.6243
2700 100.901
2800 104.403
2900 106.626
3000 109.444
3100 110.386
3200 112.606
3300 113.886
3400 116.709
3500 117.393
3600 119.775
3700 121.852
3800 122.004
3900 123.859
4000 124.788
4100 124.888
4200 127.098
4300 128.752
4400 131.244
4500 133.15
4600 133.15
4700 134.737
4800 135.192
4900 136.971
5000 139.843
5100 141.76
5200 143.003
5300 143.68
5400 143.68
5500 145.88
5600 146.164
5700 148.607
5800 150.36
5900 150.36
6000 151.45
6100 153.183
6200 153.681
6300 155.048
6400 156.416
6500 156.924
6600 159.665
6700 160.879
6800 161.744
6900 162.61
7000 163.478
7100 167.839
7200 169.307
7300 169.806
7400 171.54
7500 173.28
7600 173.773
7700 175.636
7800 179.234
7900 180.967
8000 184.938
8100 187.171
8200 187.665
8300 188.043
8400 189.789
8500 190.184
8600 190.767
8700 191.063
8800 192.824
8900 193.706
9000 198.648
9100 199.529
9200 201.296
9300 202.237
9400 203.066
9500 203.953
9600 206.235
9700 206.235
9800 206.708
9900 206.708
10000 207.589
100 12.7279
200 18.6815
300 23.7697
400 28.6007
500 33.2866
600 37.5899
700 42.0476
800 45.618
900 50.1597
1000 52.3927
1100 54.5619
1200 55.9017
1300 60.0083
1400 63.1585
1500 63.6946
1600 65.5515
1700 65.5515
1800 69.0797
1900 73.736
2000 76.896
2100 79.3788
2200 80.3243
2300 81.3449
2400 83.8153
2500 85.44
2600 86.7295
2700 88.2553
2800 91.4166
2900 93.6376
3000 94.578
3100 96.4624
3200 97.4064
3300 99.2975
3400 101.193
3500 103.407
3600 105.304
3700 107.517
3800 108.467
3900 109.11
4000 109.481
4100 110.44
4200 111.683
4300 114.018
4400 115.694
4500 119.105
4600 121.037
4700 124.193
4800 124.193
4900 124.326
5000 125.284
5100 125.284
5200 127.201
5300 131.042
5400 131.042
5500 131.32
5600 132.563
5700 134.766
5800 136.682
5900 137.641
6000 139.56
6100 141.481
6200 141.76
6300 143.962
6400 143.962
6500 145.798
6600 147.679
6700 149.913
6800 149.913
6900 149.913
7000 152.122
7100 154.984
7200 156.895
7300 157.851
7400 158.808
7500 161.012
7600 161.969
7700 163.884
7800 168.962
7900 168.962
8000 169.921
8100 169.921
8200 169.921
8300 170.206
8400 171.453
8500 171.84
8600 175.684
8700 178.572
8800 178.572
8900 179.536
9000 180.499
9100 182.428
9200 183.807
9300 184.101
9400 186.29
9500 187.971
9600 189.447
9700 191.379
9800 192.603
9900 193.132
10000 193.132
100 19.3132
200 30.6757
300 34.176
400 39.2173
500 41.1461
600 44.2945
700 50.2494
800 53.2353
900 58.0345
1000 64.0312
1100 67.0671
1200 68.0661
1300 70.2567
1400 72.3395
1500 75.326
1600 76.6551
1700 78.4092
1800 79.511
1900 84.214
2000 86.1452
2100 86.1452
2200 88.1419
2300 90.4489
2400 91.444
2500 92.5419
2600 96.421
2700 96.7729
2800 97.17
2900 100.404
3000 100.404
3100 101.178
3200 105.304
3300 105.304
3400 106.231
3500 107.229
3600 108.167
3700 110.291
3800 113.283
3900 114.355
4000 114.355
4100 118.207
4200 118.271
4300 119.206
4400 121.202
4500 123.146
4600 125.144
4700 126.321
4800 128.316
4900 129.314
5000 133.304
5100 134.239
5200 135.3
5300 135.831
5400 137.233
5500 138.232
5600 139.291
5700 140.129
5800 140.357
5900 142.144
6000 142.144
6100 144.128
6200 146.113
6300 146.113
6400 148.223
6500 150.336
6600 151.327
6700 154.434
6800 154.434
6900 155.048
7000 156.042
7100 157.035
7200 158.912
7300 158.912
7400 159.906
7500 160.702
7600 160.702
7700 162.117
7800 163.991
7900 164.985
8000 165.197
8100 166.397
8200 167.147
8300 168.122
8400 169.65
8500 169.65
8600 170.628
8700 171.607
8800 174.545
8900 174.545
9000 175.582
9100 176.505
9200 178.539
9300 179.694
9400 179.694
9500 180.51
9600 181.466
9700 182.483
9800 183.461
9900 184.978
10000 186.078
100 12.8062
200 20.1246
300 25.807
400 32.0156
500 36.2353
600 41.4005
700 46.0435
800 51.6236
900 54.3783
1000 55.4707
1100 57.8014
1200 59.6657
1300 61.6117
1400 64.8151
1500 67.6757
1600 69.0652
1700 71.5612
1800 73.2462
1900 74.9466
2000 77.6981
2100 81.6088
2200 83.8153
2300 89.202
2400 89.8109
2500 93.0054
2600 94.6256
2700 97.4526
2800 100.658
2900 101.415
3000 102.728
3100 104.738
3200 106.151
3300 106.888
3400 107.564
3500 109.713
3600 110.39
3700 115.278
3800 116.692
3900 117.38
4000 117.388
4100 118.14
4200 120.216
4300 120.216
4400 121.622
4500 121.655
4600 123.069
4700 124.523
4800 124.523
4900 126.811
5000 127.475
5100 128.082
5200 131.643
5300 132.382
5400 133.869
5500 137.441
5600 138.852
5700 140.264
5800 141.676
5900 142.524
6000 143.837
6100 145.344
6200 146.103
6300 148.273
6400 151.98
6500 151.98
6600 152.751
6700 152.751
6800 152.895
6900 154.302
7000 156.339
7100 157.115
7200 158.521
7300 160.24
7400 160.24
7500 161.818
7600 162.432
7700 163.049
7800 163.835
7900 166.832
8000 167.362
8100 167.362
8200 167.92
8300 167.92
8400 168.671
8500 169.425
8600 171.012
8700 171.406
8800 173.358
8900 175.505
9000 175.505
9100 178.393
9200 179.067
9300 179.805
9400 180.546
9500 181.29
9600 181.959
9700 182.702
9800 184.114
9900 184.114
10000 186.196
100 15.2643
200 23.4094
300 27.8927
400 35.3553
500 38.8973
600 42.72
700 45.31
800 47.0106
900 57.0088
1000 61.4003
1100 66.7083
1200 68.6586
1300 72.3671
1400 73.7564
1500 75.3127
1600 78.2624
1700 80.7527
1800 82.7345
1900 85.5862
2000 89.3588
2100 89.3588
2200 92.0869
2300 94.0851
2400 97.1288
2500 98.1835
2600 101.124
2700 103.121
2800 104.077
2900 105.233
3000 106.231
3100 111.018
3200 113.635
3300 115.624
3400 116.43
3500 117.835
3600 118.828
3700 119.821
3800 121.696
3900 122.801
4000 123.685
4100 125.782
4200 126.59
4300 128.763
4400 129.757
4500 132.74
4600 133.735
4700 135.34
4800 137.186
4900 138.452
5000 139.442
5100 140.577
5200 142.144
5300 145.121
5400 145.993
5500 147.363
5600 148.862
5700 151.954
5800 152.948
5900 156.924
6000 157.813
6100 160.702
6200 161.524
6300 164.514
6400 165.436
6500 166.433
6600 166.676
6700 168.428
6800 168.76
6900 168.858
7000 171.353
7100 176.343
7200 176.409
7300 178.404
7400 179.338
7500 180.336
7600 180.336
7700 181.177
7800 182.176
7900 182.176
8000 182.176
8100 183.273
8200 183.273
8300 185.27
8400 186.387
8500 187.385
8600 189.32
8700 189.32
8800 190.263
8900 192.26
9000 192.26
9100 194.258
9200 197.254
9300 198.252
9400 199.251
9500 201.122
9600 203.121
9700 204.12
9800 206.119
9900 208.087
10000 209.117
100 17
200 22.0907
300 28.6356
400 31.4006
500 36.2215
600 37.2156
700 41.7852
800 45.6946
900 49.6488
1000 54.3783
1100 55.7584
1200 60
1300 64.8151
1400 66.0681
1500 68.8186
1600 73.2393
1700 73.8173
1800 77.201
1900 80.1561
2000 81.6884
2100 83.5464
2200 85.6329
2300 86.4002
2400 88.5268
2500 90.7855
2600 91.5478
2700 93.086
2800 94.3663
2900 94.3663
3000 95.901
3100 96.2081
3200 97.6729
3300 101.237
3400 102.728
3500 103.479
3600 104.235
3700 105.891
3800 108.577
3900 109.877
4000 111.041
4100 113.071
4200 114.039
4300 115.017
4400 118.87
4500 123.843
4600 125.208
4700 126.621
4800 128.693
4900 130.108
5000 132.944
5100 133.66
5200 136.488
5300 138.622
5400 140.036
5500 142.899
5600 143.586
5700 144.312
5800 144.312
5900 145
6000 145.664
6100 148.492
6200 149.913
6300 150.652
6400 152.643
6500 152.643
6600 153.639
6700 155.708
6800 156.975
6900 158.902
7000 161.969
7100 162.936
7200 163.6
7300 166.508
7400 169.918
7500 171.266
7600 171.266
7700 173.312
7800 174
7900 174.155
8000 175.505
8100 176.241
8200 178.362
8300 180.424
8400 181.373
8500 183.633
8600 185.043
8700 186.357
8800 187.768
8900 189.842
9000 192.754
9100 194.165
9200 194.826
9300 195.489
9400 197.568
9500 198.237
9600 198.91
9700 198.91
9800 199.65
9900 199.65
10000 200.392
100 15.2971
200 20.6155
300 28.2312
400 32.6497
500 38.9487
600 44.0454
700 50.9117
800 55.1725
900 58.7282
1000 60.1415
1100 62.2415
1200 65.0692
1300 66.4831
1400 67.2086
1500 68.7968
1600 70.4911
1700 72.2011
1800 76.0592
1900 78.7147
2000 79.0569
2100 80.4984
2200 84.5813
2300 85.4927
2400 87.3212
2500 90.6201
2600 92.7038
2700 94.541
2800 95.462
2900 98.2344
3000 100.09
3100 100.846
3200 101.02
3300 101.637
3400 104.062
3500 104.062
3600 106.231
3700 108.337
3800 108.747
3900 110.494
4000 112.73
4100 114.061
4200 116.297
4300 119.921
4400 119.921
4500 122.156
4600 123.065
4700 126.21
4800 126.625
4900 126.625
5000 126.716
5100 127.632
5200 129.283
5300 130.602
5400 131.244
5500 132.853
5600 135.418
5700 138.235
5800 140.218
5900 140.218
6000 142.088
6100 143.377
6200 143.544
6300 144.838
6400 146.11
6500 147.628
6600 148
6700 149.893
6800 153.056
6900 155.284
7000 158.146
7100 158.146
7200 158.751
7300 159.101
7400 161.307
7500 162.262
7600 162.865
7700 164.438
7800 165.705
7900 167.299
8000 168.908
8100 169.85
8200 170.792
8300 172.702
8400 173.954
8500 174.909
8600 175.864
8700 177.485
8800 178.732
8900 179.689
9000 180.58
9100 180.887
9200 182.187
9300 182.187
9400 184.098
9500 185.054
9600 186.968
9700 187.926
9800 189.172
9900 191.76
10000 193.132
100 15.0333
200 25.0799
300 27.0185
400 30.8058
500 35.171
600 39.5601
700 42.0119
800 46.7547
900 51.225
1000 53.4135
1100 55.8032
1200 56.8595
1300 61.6117
1400 63.6003
1500 64.405
1600 66.2193
1700 68.8186
1800 71.8471
1900 74.8866
2000 76.844
2100 78.6003
2200 82.4621
2300 85.9127
2400 87.3212
2500 88.8651
2600 91.8368
2700 93.086
2800 94.6414
2900 96.2601
3000 98.4733
3100 99.8649
3200 100.688
3300 103.73
3400 104.293
3500 108.812
3600 109.403
3700 110.603
3800 112.004
3900 116.829
4000 120.104
4100 120.93
4200 120.93
4300 123.004
4400 124.201
4500 124.808
4600 125.734
4700 129.016
4800 129.016
4900 129.321
5000 133.304
5100 134.826
5200 134.826
5300 135.37
5400 136.125
5500 141.032
5600 142.902
5700 144.617
5800 146.24
5900 146.24
6000 147.635
6100 148.691
6200 151.99
6300 153.938
6400 154.486
6500 157.293
6600 158.114
6700 158.644
6800 160.424
6900 161.149
7000 161.697
7100 161.697
7200 163.083
7300 163.918
7400 164.754
7500 165.218
7600 166.09
7700 166.481
7800 168.238
7900 169.198
8000 170.95
8100 171.54
8200 172.708
8300 174.471
8400 174.943
8500 175.419
8600 176.298
8700 177.178
8800 177.654
8900 177.992
9000 178.885
9100 179.011
9200 181.246
9300 182.529
9400 182.529
9500 183.807
9600 185.594
9700 186.046
9800 186.046
9900 189.18
10000 190.079
100 15.6525
200 19.799
300 26.0192
400 31.5753
500 35.5106
600 39.3192
700 42.0119
800 46.6905
900 48.8365
1000 54.4518
1100 60.2993
1200 66.7533
1300 71.4493
1400 72.4431
1500 73.5459
1600 75.505
1700 77.3692
1800 79.555
1900 83.9524
2000 86.885
2100 87.8635
2200 87.8635
2300 89.4427
2400 91.0055
2500 91.0055
2600 95.7079
2700 97.0824
2800 101
2900 101.139
3000 105.906
3100 109.041
3200 111.005
3300 113.772
3400 113.952
3500 115.741
3600 120.033
3700 123.167
3800 125.936
3900 127.906
4000 128.86
4100 129.634
4200 131.214
4300 133.18
4400 135.148
4500 137.873
4600 139.832
4700 141.993
4800 141.993
4900 144.931
5000 145.344
5100 145.911
5200 147.872
5300 148.852
5400 151.01
5500 152.191
5600 154.149
5700 156.311
5800 157.496
5900 158.902
6000 161.301
6100 161.301
6200 162.505
6300 163.713
6400 165.424
6500 165.895
6600 166.865
6700 167.371
6800 169.098
6900 170.88
7000 175.283
7100 176.528
7200 178.732
7300 179.981
7400 181.893
7500 183.142
7600 184.394
7700 185.952
7800 187.856
7900 191.018
8000 191.971
8100 192.333
8200 193.879
8300 195.438
8400 195.747
8500 196.061
8600 199.542
8700 200.489
8800 203.335
8900 203.335
9000 203.335
9100 203.335
9200 204.284
9300 205.234
9400 205.234
9500 207.781
9600 208.087
9700 209.99
9800 210.297
9900 213.153
10000 213.804
100 15
200 25.2389
300 29.8329
400 34.8281
500 41.8808
600 49.0918
700 52.4786
800 56.8243
900 56.8243
1000 60.5392
1100 61.327
1200 64.4748
1300 70.7743
1400 72.6154
1500 75.0267
1600 75.0267
1700 75.0267
1800 76.922
1900 79.1581
2000 81.8596
2100 84.5813
2200 88.6397
2300 90.0777
2400 93.2309
2500 96.0052
2600 99.925
2700 101.637
2800 104.389
2900 105.702
3000 107.224
3100 111.328
3200 117.004
3300 118.929
3400 119.871
3500 121.491
3600 122.43
3700 124.31
3800 125.252
3900 128.082
4000 128.082
4100 129.541
4200 131.552
4300 132.197
4400 133.154
4500 135.093
4600 135.34
4700 138.521
4800 140.73
4900 141.683
5000 142.941
5100 143.569
5200 144.516
5300 146.414
5400 147.679
5500 148.627
5600 148.627
5700 148.627
5800 149.893
5900 151.327
6000 152.319
6100 152.319
6200 153.31
6300 154.331
6400 154.984
6500 155.926
6600 157.204
6700 158.483
6800 159.424
6900 162.926
7000 163.273
7100 163.866
7200 164.806
7300 164.806
7400 166.433
7500 168.908
7600 170.792
7700 170.792
7800 173.623
7900 174.562
8000 175.57
8100 177.116
8200 179.424
8300 179.424
8400 180.014
8500 182.332
8600 185.327
8700 185.389
8800 189.13
8900 191.094
9000 192.094
9100 193.127
9200 193.166
9300 194.041
9400 195.208
9500 196.255
9600 198.305
9700 198.363
9800 199.424
9900 200.36
10000 201.04
100 13.3417
200 18
300 24.3516
400 29.5466
500 34.0588
600 37.1618
700 39
800 43.3244
900 46.5725
1000 50.2096
1100 53.7587
1200 55.1725
1300 58.1378
1400 62.8013
1500 65.4599
1600 68.2422
1700 70.4557
1800 73.2393
1900 75.452
2000 78.8162
2100 81.0247
2200 82.6196
2300 83.4086
2400 84.6286
2500 86.0233
2600 86.0233
2700 87.6185
2800 88.7299
2900 90.0278
3000 92.1954
3100 94.921
3200 97
3300 99.1564
3400 99.1564
3500 100.424
3600 102.801
3700 103.407
3800 104.661
3900 105.679
4000 107.517
4100 107.564
4200 108.904
4300 110.476
4400 113.6
4500 117.171
4600 117.631
4700 119.867
4800 121.643
4900 124.326
5000 124.326
5100 125.22
5200 126.115
5300 126.657
5400 127.632
5500 128.891
5600 129.248
5700 131.928
5800 133.72
5900 134.618
6000 136.418
6100 137.321
6200 140.036
6300 140.943
6400 142.762
6500 143.673
6600 145.499
6700 145.836
6800 148.385
6900 149.308
7000 152.315
7100 152.315
7200 154.156
7300 156.78
7400 156.78
7500 157.699
7600 160.328
7700 164.003
7800 165.315
7900 166.235
8000 167.693
8100 173.462
8200 174.929
8300 176.082
8400 176.082
8500 176.233
8600 177.003
8700 178.101
8800 178.101
8900 178.519
9000 180.272
9100 180.701
9200 181.648
9300 182.584
9400 182.833
9500 183.412
9600 184.318
9700 185.154
9800 186.078
9900 186.336
10000 186.682
100 13.0384
200 18.6815
300 23.0868
400 28.8617
500 33.0151
600 37.054
700 42.0476
800 44.0454
900 45.0999
1000 48.3735
1100 51.0784
1200 52.5547
1300 53.3104
1400 56.8595
1500 60.4649
1600 62.1289
1700 64.7765
1800 66.7533
1900 70.859
2000 72.9932
2100 75.71
2200 76.6877
2300 78.721
2400 81.4371
2500 84.1724
2600 84.5281
2700 86.122
2800 87.0976
2900 88.7694
3000 91.6788
3100 93.8616
3200 96.0469
3300 97.9847
3400 99.7246
3500 101.242
3600 103.16
3700 104.809
3800 106.902
3900 111.126
4000 113.6
4100 114.843
4200 116.76
4300 119.101
4400 119.867
4500 120.768
4600 122.25
4700 123.065
4800 125.96
4900 126.531
5000 127.13
5100 127.632
5200 128.95
5300 130.614
5400 131.795
5500 135.65
5600 136.473
5700 137.383
5800 137.801
5900 138.293
6000 139.617
6100 140.118
6200 144.101
6300 144.101
6400 145.962
6500 146.328
6600 149.696
6700 151.568
6800 152.506
6900 154.315
7000 154.315
7100 154.871
7200 156.387
7300 157.471
7400 158.773
7500 161.929
7600 161.929
7700 162.856
7800 165.463
7900 168.077
8000 169.387
8100 170.848
8200 172.308
8300 175.454
8400 175.866
8500 176.777
8600 179.427
8700 181.246
8800 182.157
8900 183.068
9000 184.895
9100 185.809
9200 187.128
9300 188.86
9400 190.184
9500 192.005
9600 192.419
9700 193.329
9800 193.685
9900 194.551
10000 196.173
100 14.1421
200 20.3961
300 28.1603
400 34.7131
500 38.0789
600 40.025
700 44.911
800 50.2494
900 53.2353
1000 56.0357
1100 58.0775
1200 60.0333
1300 62.0322
1400 64
1500 66.1891
1600 66.4831
1700 71.1126
1800 73.1095
1900 75.1066
2000 78.0577
2100 79.0569
2200 81
2300 84.214
2400 85.3756
2500 86.1452
2600 88.3629
2700 90.0222
2800 92.3472
2900 95.4254
3000 98.0051
3100 101.005
3200 104.005
3300 108.019
3400 109.018
3500 109.041
3600 110.223
3700 111.306
3800 114.935
3900 116.902
4000 120.669
4100 124.615
4200 125.766
4300 127.738
4400 130.863
4500 132.834
4600 133.66
4700 135.636
4800 137.612
4900 137.612
5000 140.431
5100 141.566
5200 142.411
5300 145.523
5400 146.973
5500 147.959
5600 148.946
5700 149.933
5800 152.069
5900 154.042
6000 155.029
6100 155.029
6200 156.16
6300 159.022
6400 160.131
6500 162.929
6600 164.235
6700 165.387
6800 166.111
6900 167.093
7000 167.093
7100 167.705
7200 169.673
7300 169.673
7400 170.658
7500 171.642
7600 171.642
7700 171.642
7800 172.012
7900 172.026
8000 173.026
8100 173.026
8200 176.045
8300 178
8400 180.003
8500 180.011
8600 182
8700 185.011
8800 185.024
8900 187.003
9000 187.003
9100 188.003
9200 188.003
9300 191.379
9400 193.062
9500 195
9600 197.669
9700 200.584
9800 202.529
9900 202.529
10000 204.475
100 17.1172
200 20.025
300 25.0799
400 29.1204
500 32.573
600 36.4005
700 43.1741
800 46.8722
900 50.2195
1000 53.8516
1100 56.7539
1200 59.6154
1300 62.3939
1400 65.9242
1500 69.7209
1600 73.6817
1700 75.6637
1800 78.4474
1900 79.4292
2000 81.3941
2100 83.3607
2200 84.1724
2300 84.3445
2400 86.3134
2500 88.955
2600 89.2693
2700 92.358
2800 94.921
2900 98.6813
3000 100.568
3100 102.46
3200 103.407
3300 104.043
3400 105.688
3500 107.564
3600 108.079
3700 108.632
3800 110.725
3900 112.606
4000 113.886
4100 114.232
4200 115.122
4300 117.337
4400 118.207
4500 120.652
4600 121.795
4700 122.967
4800 124.342
4900 124.342
5000 125.431
5100 126.909
5200 129.495
5300 130.511
5400 131.37
5500 133.255
5600 136.004
5700 137.058
5800 139.284
5900 140.46
6000 140.982
6100 141.51
6200 142.58
6300 143.962
6400 146.492
6500 147.872
6600 148.95
6700 149.496
6800 149.566
6900 149.566
7000 151.268
7100 151.268
7200 152.322
7300 153.17
7400 154.019
7500 156.247
7600 156.774
7700 158.685
7800 160.605
7900 162.25
8000 163.135
8100 164.21
8200 165.895
8300 166.739
8400 167.523
8500 168.074
8600 169.189
8700 170.578
8800 171.712
8900 173.358
9000 174.184
9100 175.841
9200 176.672
9300 177.505
9400 177.505
9500 178.631
9600 179.176
9700 180.56
9800 181.11
9900 181.665
10000 182.222
100 21.2132
200 30.2655
300 36.8782
400 41.3038
500 44.4072
600 48.3735
700 52.6308
800 55.7853
900 59.4811
1000 62.6418
1100 64.56
1200 67.1863
1300 68.1542
1400 70.8308
1500 71.8053
1600 73.7631
1700 75.505
1800 76.9675
1900 77.4726
2000 78.4474
2100 83
2200 86
2300 87
2400 89.0505
2500 92.0272
2600 93.9202
2700 94.921
2800 97.0052
2900 100
3000 102
3100 103
3200 107.075
3300 109.018
3400 113.071
3500 117.068
3600 118.068
3700 119.067
3800 119.105
3900 122.016
4000 122.037
4100 125.036
4200 125.064
4300 129.004
4400 132.004
4500 134.004
4600 134.004
4700 135.033
4800 138.014
4900 138.014
5000 139.032
5100 141.014
5200 142.014
5300 144.014
5400 146.003
5500 146.055
5600 148.014
5700 151.013
5800 151.03
5900 152.013
6000 153.029
6100 155.013
6200 156.013
6300 156.013
6400 156.013
6500 156.013
6600 157.204
6700 157.204
6800 157.204
6900 158.003
7000 159.003
7100 161.003
7200 161.112
7300 162.373
7400 162.444
7500 164.368
7600 164.368
7700 165.436
7800 166.433
7900 169.296
8000 170.294
8100 171.292
8200 171.292
8300 171.421
8400 172.235
8500 173.416
8600 173.488
8700 174.562
8800 176.479
8900 176.556
9000 178.07
9100 178.732
9200 180.646
9300 181.604
9400 182.85
9500 182.85
9600 185.44
9700 185.44
9800 185.626
9900 187.211
10000 188.473
100 12.0416
200 18.6815
300 23.0868
400 28.1603
500 33.0606
600 38
700 46.0435
800 50.04
900 53.1507
1000 56.2228
1100 64.195
1200 66.1891
1300 68.0294
1400 69.029
1500 72.111
1600 73.2462
1700 74.9533
1800 78.4092
1900 79.404
2000 83.9524
2100 86.885
2200 89.0505
2300 93.2631
2400 97.5141
2500 100.663
2600 102.611
2700 104.346
2800 105.513
2900 109.444
3000 110.635
3100 113.159
3200 113.159
3300 115.732
3400 115.732
3500 116.709
3600 118.609
3700 120.503
3800 122.589
3900 124.68
4000 126.775
4100 128.763
4200 133.735
4300 135.724
4400 136.719
4500 136.825
4600 139.703
4700 142.688
4800 143.265
4900 144.586
5000 145.674
5100 148.57
5200 149.753
5300 152.738
5400 154.635
5500 158.808
5600 160.016
5700 161.505
5800 164.478
5900 168.576
6000 168.576
6100 170.696
6200 172.676
6300 175.514
6400 179.354
6500 182.214
6600 183.208
6700 186.55
6800 188.534
6900 191.51
7000 194.612
7100 196.596
7200 196.596
7300 198.58
7400 198.58
7500 199.572
7600 201.556
7700 202.805
7800 204.534
7900 206.519
8000 209.497
8100 209.745
8200 211.483
8300 212.72
8400 212.72
8500 213.469
8600 213.841
8700 215.574
8800 217.559
8900 218.552
9000 218.673
9100 218.673
9200 220.538
9300 221.531
9400 221.531
9500 223.087
9600 224.511
9700 225.078
9800 225.078
9900 227.879
10000 227.879
100 16.4012
200 24.1868
300 31.305
400 34.8855
500 38.0789
600 41.1825
700 45.31
800 48.8262
900 50.448
1000 56.5685
1100 57.28
1200 59.5483
1300 61.8466
1400 64.3817
1500 65.1153
1600 69.0652
1700 70.7248
1800 71.8401
1900 74.7061
2000 77.4145
2100 78.2943
2200 82.2982
2300 85
2400 90.6973
2500 92.9139
2600 94.8103
2700 95.0158
2800 97.0824
2900 99.7647
3000 101.316
3100 101.316
3200 102.591
3300 104.69
3400 106.075
3500 106.775
3600 108.046
3700 108.374
3800 109.877
3900 111.396
4000 112.161
4100 115.256
4200 116.039
4300 118.068
4400 120.801
4500 122.642
4600 122.642
4700 124.852
4800 126.491
4900 126.491
5000 127.063
5100 127.883
5200 130.062
5300 131.061
5400 133.06
5500 135.059
5600 135.059
5700 136.213
5800 138.755
5900 141.198
6000 143.122
6100 145.89
6200 147.567
6300 148.408
6400 150.336
6500 152.053
6600 153.808
6700 154.486
6800 156.984
6900 158.373
7000 158.373
7100 159.223
7200 159.223
7300 160.066
7400 161.012
7500 162.29
7600 163.003
7700 164.402
7800 165.496
7900 166.355
8000 167.215
8100 168.941
8200 169.806
8300 170.176
8400 171.54
8500 173.773
8600 176.011
8700 177.045
8800 177.071
8900 179.07
9000 181.069
9100 184.098
9200 186.097
9300 187.096
9400 189.095
9500 189.095
9600 190.129
9700 191.128
9800 194.126
9900 194.165
10000 196.163
100 18
200 21.0238
300 30.8058
400 37.3363
500 41.4367
600 48.6621
700 51.4782
800 54.1479
900 57.1402
1000 59.4138
1100 64.195
1200 66.2722
1300 68.2642
1400 70.5762
1500 73.0274
1600 74.2428
1700 75.0067
1800 76.531
1900 79.6304
2000 81.4985
2100 82.4924
2200 84.4808
2300 87.4643
2400 87.5728
2500 89.56
2600 92.0706
2700 94.5304
2800 95.5249
2900 97.6217
3000 101.71
3100 103.817
3200 103.947
3300 105.38
3400 106.367
3500 107.689
3600 108.853
3700 110.023
3800 110.476
3900 113.437
4000 114.425
4100 114.756
4200 116.726
4300 118.697
4400 122.642
4500 124.952
4600 126.921
4700 128.725
4800 129.711
4900 133.821
5000 137.931
5100 140.071
5200 140.246
5300 142.215
5400 145.169
5500 145.169
5600 147.139
5700 149.933
5800 150.921
5900 152.742
6000 153.73
6100 154.574
6200 154.574
6300 154.719
6400 155.003
6500 156.416
6600 157.509
6700 157.927
6800 158.152
6900 161.075
7000 162.049
7100 163.025
7200 164
7300 165.656
7400 166.865
7500 167.836
7600 169.047
7700 170.018
7800 171.418
7900 172.409
8000 173.401
8100 177.496
8200 177.496
8300 177.496
8400 177.767
8500 179.354
8600 180.228
8700 181.893
8800 181.893
8900 183.883
9000 184.878
9100 184.978
9200 185.607
9300 187.024
9400 188.449
9500 188.449
9600 189.552
9700 192.065
9800 193.093
9900 195.126
10000 199.09
100 13
200 23.4094
300 30.8058
400 33.5261
500 41.7732
600 47.1699
700 49.366
800 52.345
900 54.0833
1000 58.0775
1100 61.0328
1200 62.0322
1300 63.0714
1400 66.1211
1500 68.0661
1600 69.1158
1700 70.1142
1800 74.1687
1900 77.1622
2000 77.1622
2100 78.6384
2200 79.6304
2300 80.7527
2400 82.6075
2500 85.5862
2600 85.5862
2700 88.5664
2800 91.2688
2900 95.3362
3000 95.3362
3100 98.326
3200 101.597
3300 103.238
3400 106.677
3500 107.787
3600 111.306
3700 113.283
3800 114.127
3900 116.108
4000 116.25
4100 117.239
4200 118.229
4300 119.218
4400 120.208
4500 120.208
4600 123.471
4700 124.31
4800 125.603
4900 126.436
5000 127.424
5100 127.577
5200 129.124
5300 130.115
5400 131.685
5500 132.774
5600 133.09
5700 135.204
5800 136.693
5900 137.674
6000 138.842
6100 138.842
6200 139.517
6300 140.246
6400 141.223
6500 141.223
6600 143.178
6700 147.679
6800 151.169
6900 152.122
7000 152.122
7100 153.734
7200 153.734
7300 155.901
7400 155.901
7500 157.166
7600 160.012
7700 161.595
7800 162.865
7900 163.817
8000 166.979
8100 166.979
8200 167.287
8300 169.189
8400 172.047
8500 173.954
8600 175.208
8700 178.037
8800 178.676
8900 179.003
9000 180.25
9100 181.199
9200 184.361
9300 188.162
9400 190.066
9500 191.018
9600 191.018
9700 191.951
9800 193.848
9900 196.698
10000 197.649
100 13.4536
200 19.105
300 21.9317
400 25
500 29.1204
600 32.28
700 35.0143
800 38.3275
900 42.4264
1000 43.6005
1100 45.5412
1200 46.2385
1300 48.5077
1400 52.8015
1500 55.109
1600 57.2713
1700 59.9416
1800 61.5224
1900 63.6396
2000 64.4438
2100 66.2118
2200 67.897
2300 72.0069
2400 72.0069
2500 75.6439
2600 77.3886
2700 80.4984
2800 82.7345
2900 83.1865
3000 84.9706
3100 86.4523
3200 87.8009
3300 89.9889
3400 94.1116
3500 94.3716
3600 95.0789
3700 96.3846
3800 97.7446
3900 99.3227
4000 100.17
4100 105.081
4200 106.042
4300 107.005
4400 109.202
4500 111.126
4600 113.053
4700 114.285
4800 114.285
4900 114.56
5000 115.802
5100 117.652
5200 120.208
5300 120.553
5400 120.905
5500 123.859
5600 126.562
5700 128.413
5800 129.294
5900 133.297
6000 134.164
6100 134.614
6200 135.204
6300 136.165
6400 138.798
6500 139.846
6600 140.943
6700 141.156
6800 142.077
6900 144.028
7000 144.028
7100 145.774
7200 146.54
7300 148.314
7400 148.96
7500 151.003
7600 153.522
7700 153.935
7800 153.935
7900 154.845
8000 154.945
8100 155.682
8200 158.405
8300 159.878
8400 159.878
8500 160.854
8600 161.892
8700 163.233
8800 164.137
8900 165.919
9000 166.832
9100 168.609
9200 169.496
9300 171.732
9400 174.428
9500 176.649
9600 177.102
9700 177.102
9800 177.992
9900 178.474
10000 179.413
100 15.0333
200 21.0238
300 33.0606
400 37.0135
500 39.1152
600 43.566
700 45.5412
800 49.366
900 52.3927
1000 55.3624
1100 58.5235
1200 60.1664
1300 63.3246
1400 66.4831
1500 68.7095
1600 70.5762
1700 70.7743
1800 71.6938
1900 71.6938
2000 73.1642
2100 73.1642
2200 74.6726
2300 76.5572
2400 79.3095
2500 81.0494
2600 81.8841
2700 83.9345
2800 86.1278
2900 88.0568
3000 89.8888
3100 90.6201
3200 92.477
3300 93.8616
3400 95.3362
3500 96.2081
3600 99.0202
3700 101.139
3800 103.078
3900 104.048
4000 106.963
4100 108.669
4200 111.571
4300 113.508
4400 114.237
4500 115.209
4600 118.127
4700 119.101
4800 121.277
4900 124.197
5000 124.952
5100 126.606
5200 129.522
5300 132.442
5400 133.417
5500 133.881
5600 134.629
5700 136.565
5800 141.439
5900 143.611
6000 147.513
6100 147.513
6200 149.466
6300 150.443
6400 152.611
6500 152.83
6600 154.564
6700 155.332
6800 156.518
6900 156.952
7000 158.07
7100 159.841
7200 161.805
7300 162.788
7400 164.575
7500 165.387
7600 168.689
7700 168.689
7800 168.689
7900 169.673
8000 171.143
8100 172.131
8200 172.131
8300 173.118
8400 175.094
8500 175.094
8600 175.756
8700 176.082
8800 177.071
8900 178.539
9000 179.293
9100 181.246
9200 181.463
9300 184.391
9400 185.586
9500 188.513
9600 188.733
9700 189.708
9800 189.708
9900 190.906
10000 192.107
100 19.0263
200 27.074
300 31.0161
400 35.0143
500 40.0125
600 41.0488
700 45.0999
800 51.0098
900 55.1453
1000 63.3877
1100 68.2642
1200 71.3442
1300 75.0267
1400 78.0256
1500 83.006
1600 85
1700 87.023
1800 92.0217
1900 94.0213
2000 97.0052
2100 98.0051
2200 100
2300 104.019
2400 106.005
2500 111
2600 113
2700 114.004
2800 114.018
2900 117.017
3000 118.017
3100 120.037
3200 122.066
3300 123.146
3400 124.145
3500 127.193
3600 129.387
3700 131.461
3800 132.458
3900 134.451
4000 137.615
4100 137.931
4200 138.924
4300 139.807
4400 142.79
4500 144.779
4600 144.779
4700 146.769
4800 147.574
4900 147.574
5000 147.574
5100 148.661
5200 150.473
5300 154.935
5400 160.131
5500 161.245
5600 163.355
5700 165.339
5800 166.331
5900 168.962
6000 169.853
6100 170.848
6200 170.95
6300 171.747
6400 172.653
6500 174.562
6600 174.645
6700 176.638
6800 176.638
6900 176.638
7000 177.181
7100 178.227
7200 180.178
7300 181.463
7400 182.332
7500 183.33
7600 184.391
7700 184.391
7800 186.526
7900 187.267
8000 187.267
8100 188.322
8200 191.377
8300 192.315
8400 193.313
8500 196.308
8600 196.308
8700 196.431
8800 198.426
8900 198.494
9000 199.642
9100 200.562
9200 201.559
9300 201.804
9400 203.482
9500 203.482
9600 204.296
9700 209.289
9800 210.288
9900 212.285
10000 215.281
100 15.2643
200 21.4009
300 26.6271
400 30.0167
500 31.9061
600 38.0132
700 41.1825
800 45.607
900 52.6308
1000 55
1100 58.6003
1200 62.6259
1300 63.4114
1400 66.0681
1500 66.7083
1600 69.0652
1700 70.7248
1800 71.4493
1900 74.6257
2000 78.5493
2100 80.7094
2200 82.662
2300 84.0536
2400 84.22
2500 85.6037
2600 87.8009
2700 90.802
2800 91.4002
2900 92.0054
3000 94.0213
3100 96.0469
3200 97.6166
3300 98.8585
3400 100.404
3500 101.4
3600 101.4
3700 104.12
3800 105.171
3900 107.117
4000 108.227
4100 109.115
4200 110.766
4300 112.486
4400 113.745
4500 115.732
4600 117.958
4700 119.942
4800 120.354
4900 122.691
5000 124.788
5100 127.566
5200 130.553
5300 131.548
5400 136.528
5500 139.517
5600 143.59
5700 144.586
5800 147.574
5900 148.57
6000 149.753
6100 149.753
6200 151.331
6300 152.329
6400 154.208
6500 155.206
6600 157.204
6700 159.201
6800 160.2
6900 161.199
7000 161.245
7100 164.222
7200 165.215
7300 165.339
7400 167.323
7500 170.426
7600 170.426
7700 171.686
7800 172.676
7900 174.393
8000 176.377
8100 177.37
8200 179.354
8300 179.48
8400 181.463
8500 185.432
8600 187.673
8700 189.929
8800 189.929
8900 190.224
9000 191.063
9100 194.178
9200 195.167
9300 197
9400 199.97
9500 200.26
9600 202.388
9700 206.342
9800 207.331
9900 209.308
10000 210.447
100 12.0416
200 19.4165
300 25.318
400 34.7851
500 37.1214
600 42.0595
700 48.7647
800 51.1957
900 52.3927
1000 55.0818
1100 59.7746
1200 64.846
1300 70.8378
1400 73.7631
1500 75.9605
1600 80.604
1700 81.0432
1800 87.5557
1900 89.7385
2000 94.5939
2100 96.3172
2200 101.203
2300 103.755
2400 108.467
2500 109.444
2600 109.444
2700 111.4
2800 114.337
2900 117.478
3000 119.641
3100 120.83
3200 128.098
3300 133.195
3400 136.125
3500 136.125
3600 137.873
3700 139.058
3800 141.993
3900 142.773
4000 142.874
4100 144.184
4200 148.788
4300 151.605
4400 155.708
4500 158.676
4600 159.665
4700 161.79
4800 163.768
4900 164.906
5000 167.872
5100 169.012
5200 171.977
5300 173.807
5400 176.777
5500 177.767
5600 178.62
5700 181.593
5800 182.718
5900 183.709
6000 186.682
6100 188.799
6200 190.074
6300 191.771
6400 191.909
6500 192.629
6600 193.621
6700 193.621
6800 196.01
6900 196.156
7000 197.294
7100 198.134
7200 199.123
7300 199.123
7400 200.422
7500 201.718
7600 203.691
7700 205.665
7800 206.495
7900 206.495
8000 207.483
8100 209.538
8200 209.614
8300 210.535
8400 211.533
8500 211.533
8600 212.53
8700 213.565
8800 214.553
8900 215.523
9000 217.007
9100 218.817
9200 220.792
9300 221.779
9400 221.939
9500 224.571
9600 227.706
9700 230.556
9800 230.556
9900 232.355
10000 233.206
100 11.0454
200 17.6918
300 25.0799
400 30.0167
500 35.0143
600 43
700 47.0106
800 51.1566
900 55.3263
1000 62.514
1100 66.4831
1200 69.3542
1300 72.3395
1400 76.3217
1500 79.2275
1600 83.0963
1700 85.2115
1800 87.4643
1900 91.1373
2000 94.1329
2100 97.1288
2200 100.18
2300 102.396
2400 105.043
2500 106.042
2600 111.041
2700 112.04
2800 114.039
2900 116.069
3000 123.037
3100 123.037
3200 124.036
3300 125.036
3400 127.004
3500 130.004
3600 131.004
3700 132.004
3800 132.004
3900 134.004
4000 137.004
4100 138.091
4200 138.13
4300 140.032
4400 141.128
4500 143.126
4600 145.003
4700 146.003
4800 147.031
4900 149.003
5000 150.003
5100 153.003
5200 153.003
5300 155.013
5400 158.028
5500 160.028
5600 161.05
5700 163.077
5800 164.11
5900 164.11
6000 166.108
6100 168.107
6200 170.026
6300 171.026
6400 173.026
6500 175.046
6600 176.045
6700 179.045
6800 180.044
6900 183.044
7000 184.068
7100 186.097
7200 188.096
7300 188.096
7400 188.17
7500 190.213
7600 192.211
7700 193.21
7800 194.258
7900 195.256
8000 196.255
8100 197.254
8200 197.365
8300 198.363
8400 200.36
8500 201.358
8600 202.356
8700 203.089
8800 204.414
8900 205.65
9000 208.166
9100 209.16
9200 210.155
9300 210.95
9400 213.138
9500 215.128
9600 216.123
9700 217.117
9800 218.215
9900 219.21
10000 219.21
100 12.0416
200 19.9249
300 23.7697
400 32.5576
500 35.5106
600 41.9762
700 46.6905
800 50.3587
900 55.7315
1000 58.6941
1100 65.1153
1200 68.0661
1300 71.7008
1400 75.6637
1500 78.7718
1600 84.8528
1700 86.977
1800 90.934
1900 94.8947
2000 98.8585
2100 100.975
2200 105.802
2300 106.677
2400 110.027
2500 113
2600 113.991
2700 115.117
2800 117.098
2900 120.208
3000 122.332
3100 124.036
3200 126.289
3300 127.279
3400 131.381
3500 132.371
3600 134.495
3700 135.794
3800 138.101
3900 140.89
4000 142.042
4100 142.864
4200 144.838
4300 148.852
4400 149.282
4500 149.833
4600 151.083
4700 152.237
4800 154.742
4900 158.319
5000 160.462
5100 162.432
5200 164.575
5300 165.221
5400 167.705
5500 169.673
5600 171.02
5700 172.003
5800 172.003
5900 173.807
6000 175.514
6100 175.514
6200 176.505
6300 177.496
6400 179.611
6500 180.602
6600 181.593
6700 182.718
6800 185.691
6900 185.828
7000 187.949
7100 188.939
7200 190.919
7300 192.899
7400 193.889
7500 194.031
7600 197.145
7700 197.145
7800 198.283
7900 199.271
8000 201.249
8100 201.249
8200 201.249
8300 202.23
8400 205.183
8500 206.344
8600 206.344
8700 207.152
8800 209.122
8900 212.897
9000 215.035
9100 218.979
9200 222.104
9300 225.062
9400 225.887
9500 228.022
9600 229.996
9700 229.996
9800 230.825
9900 232.131
10000 232.131
100 13.6015
200 19.4165
300 27.8568
400 32.573
500 35.4401
600 41.2311
700 44.1475
800 49.0306
900 53.1507
1000 54.8179
1100 56.2228
1200 61.2046
1300 64.195
1400 67.2681
1500 70.2567
1600 71.2531
1700 71.5681
1800 73.5527
1900 75.1066
2000 78.1025
2100 79.1012
2200 82.0975
2300 84.0536
2400 88.0909
2500 90.1388
2600 94.1913
2700 96.2549
2800 100.319
2900 100.404
3000 103.484
3100 105.802
3200 109.772
3300 114.739
3400 117.958
3500 118.95
3600 122.809
3700 124.952
3800 127.098
3900 129.437
4000 133.754
4100 133.959
4200 134.172
4300 136.693
4400 138.6
4500 139.635
4600 142.58
4700 144.361
4800 145.344
4900 145.382
5000 147.503
5100 148.492
5200 148.973
5300 150.96
5400 152.069
5500 153.222
5600 154.208
5700 155.029
5800 156.016
5900 156.179
6000 156.349
6100 157.835
6200 159.05
6300 161.208
6400 163.169
6500 164.149
6600 164.754
6700 166.172
6800 166.544
6900 169.499
7000 170.485
7100 171.47
7200 173.442
7300 175.094
7400 175.094
7500 177.387
7600 179.047
7700 179.047
7800 180.036
7900 180.036
8000 180.189
8100 181.728
8200 183.003
8300 184.141
8400 184.296
8500 185.443
8600 187.417
8700 189.391
8800 190.379
8900 192.354
9000 193.189
9100 193.189
9200 193.889
9300 194.879
9400 194.879
9500 195.167
9600 195.167
9700 197.851
9800 198.708
9900 198.708
10000 199.7
100 14.1421
200 21.4709
300 27.2029
400 29.6816
500 34.1321
600 36.8782
700 41.2311
800 46.3249
900 49.0408
1000 49.6488
1100 53.4603
1200 55.5788
1300 57.5587
1400 60.531
1500 62.514
1600 64.6297
1700 67.4759
1800 69.2604
1900 71.2531
2000 75.2396
2100 77.2334
2200 80.2247
2300 85.0941
2400 85.0941
2500 88.0909
2600 89.1403
2700 93.1933
2800 98.1275
2900 99.0808
3000 102.078
3100 104.043
3200 105.076
3300 108.042
3400 110.073
3500 113.004
3600 115.07
3700 116.069
3800 117.017
3900 119.017
4000 120.017
4100 120.017
4200 122.037
4300 122.201
4400 125.036
4500 127.004
4600 129.016
4700 131.095
4800 134.093
4900 135.093
5000 136.132
5100 137.233
5200 139.291
5300 143.224
5400 145.279
5500 147.34
5600 148.486
5700 151.476
5800 153.551
5900 154.467
6000 154.467
6100 156.32
6200 157.537
6300 158.455
6400 161.608
6500 163.6
6600 164.779
6700 165.873
6800 168.858
6900 169.853
7000 169.956
7100 174.929
7200 175.034
7300 175.824
7400 178.718
7500 179.547
7600 180.469
7700 183.325
7800 184.44
7900 186.188
8000 187.417
8100 188.29
8200 189.283
8300 189.526
8400 190.518
8500 190.518
8600 193.494
8700 193.494
8800 194.612
8900 195.735
9000 197.717
9100 197.851
9200 198.842
9300 198.842
9400 199.832
9500 200.96
9600 201.102
9700 202.092
9800 203.226
9900 205.665
10000 206.652
100 14.2127
200 20
300 28.3196
400 32.7567
500 35.6931
600 38.4708
700 41.4367
800 45.2769
900 51.4198
1000 52.3927
1100 54.5711
1200 57.7062
1300 61.4003
1400 64.3817
1500 67.082
1600 68.2642
1700 73.7564
1800 77.8781
1900 78.8543
2000 82.5651
2100 84.7231
2200 87.8635
2300 89.822
2400 91.7824
2500 92.7631
2600 95.5249
2700 96.5091
2800 97.6729
2900 101.637
3000 104.561
3100 106.733
3200 108.683
3300 111.826
3400 114.018
3500 114.018
3600 114.726
3700 115.694
3800 118.68
3900 120.333
4000 121.511
4100 122.723
4200 123.762
4300 125.634
4400 128.32
4500 129.294
4600 130.269
4700 132.22
4800 132.981
4900 133.405
5000 133.555
5100 137.277
5200 138.752
5300 139.463
5400 141.651
5500 142.618
5600 143.586
5700 144.554
5800 144.807
5900 146.25
6000 146.25
6100 148.223
6200 150.336
6300 151.648
6400 152.611
6500 154.538
6600 154.574
6700 156.732
6800 158.66
6900 161.555
7000 163.768
7100 164.906
7200 168.861
7300 171.828
7400 173.531
7500 174.943
7600 176.505
7700 177.071
7800 179.047
7900 180.189
8000 181.177
8100 181.497
8200 182.014
8300 182.165
8400 183.153
8500 184.456
8600 185.443
8700 185.828
8800 186.593
8900 186.762
9000 189.889
9100 190.704
9200 191.859
9300 193.83
9400 195.801
9500 196.957
9600 197.942
9700 199.912
9800 204.841
9900 206.652
10000 208.787
100 12.083
200 20.8806
300 30.5941
400 35.5106
500 45.7056
600 48.8365
700 52.3927
800 57.0088
900 60.4401
1000 62.3618
1100 66.0984
1200 68.3081
1300 70.8802
1400 72.0902
1500 73.8241
1600 76.4853
1700 80.9568
1800 83.6301
1900 85
2000 87.0976
2100 89.1067
2200 93.0591
2300 93.0591
2400 95.3415
2500 98.0867
2600 100.722
2700 101.237
2800 102.552
2900 103.315
3000 104.216
3100 104.278
3200 106.888
3300 110.463
3400 113.596
3500 114.495
3600 115.395
3700 119.013
3800 119.013
3900 120.341
4000 124.812
4100 128.035
4200 130.614
4300 132.85
4400 134.183
4500 134.183
4600 135.518
4700 136.418
4800 140.036
4900 141.792
5000 141.792
5100 142.664
5200 142.695
5300 143.6
5400 145.362
5500 146.697
5600 149.265
5700 153.075
5800 154.003
5900 156.218
6000 156.541
6100 156.541
6200 157.493
6300 159.101
6400 161.012
6500 161.969
6600 161.969
6700 162.926
6800 164.842
6900 164.842
7000 165.13
7100 165.13
7200 166.087
7300 167.335
7400 168.291
7500 168.291
7600 170.018
7700 171.724
7800 172.931
7900 173.442
8000 173.442
8100 174.874
8200 176.324
8300 177.89
8400 179.078
8500 179.847
8600 182.222
8700 183.199
8800 183.199
8900 183.984
9000 185.154
9100 186.762
9200 187.747
9300 188.566
9400 189.235
9500 190.874
9600 191.859
9700 192.844
9800 195.021
9900 195.021
10000 196.86
100 11.4018
200 20.025
300 29.6142
400 33.9559
500 40.025
600 45.8912
700 52.6118
800 56.7186
900 59.5399
1000 61.5224
1100 64.4981
1200 69.5845
1300 73.5527
1400 74.5453
1500 77.7817
1600 80.7527
1700 82.6075
1800 86.5794
1900 87.023
2000 91.0055
2100 92.0217
2200 95.0053
2300 99.0202
2400 103.121
2500 106.019
2600 109
2700 110.005
2800 115.004
2900 115.004
3000 116.004
3100 117.017
3200 118.017
3300 124.016
3400 124.036
3500 126.063
3600 127.035
3700 129.035
3800 131.034
3900 133.06
4000 134.093
4100 138.058
4200 139.058
4300 139.807
4400 141.905
4500 143.892
4600 149.857
4700 150.96
4800 152.069
4900 156.042
5000 158.028
5100 160.901
5200 163.783
5300 164.779
5400 165.774
5500 166.769
5600 168.76
5700 170.751
5800 170.95
5900 170.95
6000 171.843
6100 173.934
6200 177.023
6300 178.017
6400 178.017
6500 181
6600 183.984
6700 184.878
6800 187.864
6900 188.86
7000 189.855
7100 189.953
7200 192.842
7300 192.842
7400 193.145
7500 194.139
7600 194.209
7700 196.207
7800 199.123
7900 200.122
8000 201.04
8100 205.039
8200 206.022
8300 206.119
8400 208.022
8500 208.022
8600 210.117
8700 214.189
8800 215.188
8900 216.231
9000 216.231
9100 217.187
9200 219.185
9300 220.145
9400 221.081
9500 223.056
9600 224.109
9700 224.109
9800 226.055
9900 228.107
10000 230.078
100 11.6619
200 17
300 22.561
400 29.8329
500 32.5576
600 35.6931
700 38.8973
800 46.8615
900 51.3128
1000 52.1536
1100 57.8014
1200 62.2656
1300 63.6318
1400 66.242
1500 68.9638
1600 70.3278
1700 71.3442
1800 74.7329
1900 76.4853
2000 80.9568
2100 81.4371
2200 83.2586
2300 84.534
2400 86.9253
2500 89.3197
2600 93.0484
2700 94.8472
2800 95.7079
2900 98.0867
3000 98.6154
3100 100.722
3200 102.552
3300 105.309
3400 105.702
3500 107.541
3600 107.935
3700 108.853
3800 110.725
3900 111.615
4000 113.464
4100 114.543
4200 115.832
4300 119.549
4400 119.641
4500 120.603
4600 123.491
4700 123.762
4800 124.455
4900 125.96
5000 127.35
5100 128.787
5200 129.12
5300 130.969
5400 131.867
5500 133.135
5600 135.68
5700 136.624
5800 139.014
5900 139.284
6000 139.284
6100 141.209
6200 141.481
6300 142.678
6400 144.558
6500 144.558
6600 145.671
6700 146.659
6800 148.678
6900 150.416
7000 153.31
7100 153.769
7200 154.738
7300 155.955
7400 156.678
7500 157.433
7600 159.59
7700 160.562
7800 163.248
7900 166.048
8000 168.024
8100 170.156
8200 170.156
8300 170.156
8400 172.131
8500 173.612
8600 173.612
8700 174.771
8800 175.756
8900 176.74
9000 179.644
9100 180.624
9200 180.624
9300 181.604
9400 183.565
9500 185.723
9600 185.925
9700 188.862
9800 189.842
9900 190.625
10000 192.419
100 19.0263
200 27.1662
300 34.0147
400 38.0132
500 41.0122
600 43.1856
700 48.2597
800 49.366
900 52.345
1000 53.4603
1100 55.0818
1200 57.7235
1300 58.8218
1400 60.6383
1500 62.9682
1600 66.9104
1700 67.897
1800 69.814
1900 73.6003
2000 76.4003
2100 79.0253
2200 79.6492
2300 82.201
2400 84.2021
2500 86.0233
2600 88.4081
2700 89.4036
2800 91.8314
2900 92.0054
3000 93.1933
3100 96.566
3200 98.7927
3300 101.71
3400 102.927
3500 106.55
3600 108.227
3700 108.227
3800 111.36
3900 112.73
4000 113.635
4100 114.495
4200 118.068
4300 120.308
4400 120.768
4500 124.812
4600 125.718
4700 125.718
4800 125.718
4900 126.21
5000 127.122
5100 129.077
5200 130.924
5300 131.309
5400 132.231
5500 132.401
5600 135.192
5700 136.125
5800 137.058
5900 139.864
6000 139.864
6100 139.864
6200 140.801
6300 143.024
6400 145.499
6500 146.779
6600 148.061
6700 151.822
6800 152.765
6900 153.708
7000 155.589
7100 156.541
7200 157.493
7300 159.399
7400 159.399
7500 160.353
7600 160.649
7700 162.262
7800 163.49
7900 166.087
8000 166.087
8100 168.003
8200 169.248
8300 172.122
8400 172.122
8500 173.367
8600 174.562
8700 175.864
8800 177.775
8900 178.16
9000 178.732
9100 179.12
9200 180.361
9300 181.532
9400 184.694
9500 186.904
9600 187.856
9700 188.809
9800 189.465
9900 191.377
10000 192.044
100 14.8661
200 22.4722
300 29.0689
400 35.3412
500 42.3792
600 45.5412
700 48.7032
800 53.1601
900 55.7136
1000 59.4643
1100 64.846
1200 67.4463
1300 74.9533
1400 76.4853
1500 78.1025
1600 82.201
1700 84.5281
1800 86.885
1900 88.8426
2000 91.4112
2100 94.3663
2200 95.352
2300 97.4936
2400 101
2500 103.755
2600 106.888
2700 107.079
2800 109.659
2900 110.82
3000 114.425
3100 114.586
3200 116.4
3300 117.546
3400 119.52
3500 120.071
3600 122.053
3700 122.053
3800 123.179
3900 124.036
4000 125.16
4100 126.151
4200 127.475
4300 130.465
4400 131.685
4500 133.54
4600 134.536
4700 135.37
4800 136.444
4900 137.364
5000 137.364
5100 138.232
5200 139.23
5300 139.23
5400 141.796
5500 145
5600 145.993
5700 146.113
5800 149.215
5900 151.199
6000 151.199
6100 151.463
6200 152.742
6300 154.719
6400 156.697
6500 156.847
6600 156.847
6700 157.686
6800 158.808
6900 160.901
7000 162.997
7100 166.09
7200 169.186
7300 172.409
7400 173.531
7500 173.807
7600 176.082
7700 178.899
7800 180.878
7900 180.878
8000 182.718
8100 184.7
8200 185.691
8300 187.808
8400 188.247
8500 190.518
8600 193.494
8700 193.494
8800 194.25
8900 195.243
9000 195.474
9100 196.352
9200 197.345
9300 199.449
9400 200.212
9500 203.089
9600 203.194
9700 203.421
9800 204.414
9900 205.526
10000 206.286
100 14.1421
200 23
300 28.1603
400 34.5254
500 42.19
600 49.0102
700 53
800 55
900 57
1000 57.1402
1100 62.0322
1200 63.0714
1300 67.0671
1400 71.1126
1500 74.2428
1600 76.3217
1700 80.2247
1800 81.2219
1900 82.2982
2000 83.2947
2100 87.367
2200 89.3588
2300 90.6697
2400 91.9239
2500 92.9139
2600 95.4254
2700 96.5194
2800 97.8673
2900 100.13
3000 104.087
3100 106.921
3200 108.046
3300 113.991
3400 117.098
3500 119.821
3600 121.807
3700 125.16
3800 127.279
3900 130.392
4000 133.507
4100 133.66
4200 135.794
4300 138.755
4400 141.877
4500 144.534
4600 145.671
4700 145.671
4800 147.105
4900 148.661
5000 151.796
5100 156.707
5200 158.673
5300 158.673
5400 158.673
5500 158.673
5600 161.012
5700 162.188
5800 163.368
5900 167.287
6000 167.487
6100 168.671
6200 169.319
6300 170.836
6400 172.986
6500 176.74
6600 176.74
6700 176.74
6800 177.387
6900 179.36
7000 179.524
7100 181.334
7200 183.469
7300 183.469
7400 186.43
7500 186.43
7600 187.417
7700 188.247
7800 191.212
7900 194.33
8000 196.306
8100 196.461
8200 197
8300 198.436
8400 198.436
8500 199.7
8600 200.412
8700 200.898
8800 203.855
8900 206.652
9000 206.652
9100 208.626
9200 208.626
9300 208.952
9400 210.447
9500 212.577
9600 215.541
9700 216.379
9800 217.993
9900 221.183
10000 221.183
100 14.8661
200 18.4391
300 23.1948
400 29.2062
500 33.0151
600 38.2753
700 44.2832
800 47.0106
900 49.0408
1000 50.6952
1100 54.1295
1200 55.3624
1300 58.3095
1400 61.4003
1500 64.8999
1600 67.9559
1700 70.7107
1800 73.3348
1900 75.1665
2000 76.1643
2100 79.6304
2200 79.9062
2300 80.895
2400 83.7257
2500 84.8528
2600 84.8528
2700 85.9884
2800 86.977
2900 88.955
3000 90.0222
3100 93.0054
3200 95.0474
3300 98.0459
3400 100.005
3500 100.08
3600 101.178
3700 103.078
3800 103.078
3900 104.69
4000 108.665
4100 110.653
4200 112.539
4300 113.358
4400 114.739
4500 119.507
4600 120.503
4700 120.503
4800 121.594
4900 124.326
5000 127.318
5100 127.566
5200 128.658
5300 131.309
5400 132.639
5500 132.639
5600 134.183
5700 137.179
5800 138.293
5900 140.289
6000 142.425
6100 143.422
6200 146
6300 149
6400 150
6500 153.003
6600 154.003
6700 155.003
6800 155.052
6900 156.029
7000 157.029
7100 157.029
7200 158.079
7300 158.114
7400 160.112
7500 161.112
7600 163.11
7700 163.11
7800 164.11
7900 164.11
8000 164.283
8100 168.19
8200 170.188
8300 170.238
8400 170.238
8500 171.237
8600 173.462
8700 175.231
8800 177.924
8900 178.314
9000 178.846
9100 179.769
9200 180.942
9300 182.543
9400 184.396
9500 184.396
9600 187.553
9700 188.308
9800 189.233
9900 190.547
10000 192.2
100 12.0416
200 19.0263
300 24.3311
400 27.4591
500 32.7567
600 35.7351
700 38.8973
800 40.8044
900 43.0813
1000 49.2443
1100 52.6308
1200 54.1202
1300 56.2939
1400 58.6941
1500 60.531
1600 61.8547
1700 64.0781
1800 66.4078
1900 68.6222
2000 71.5891
2100 76.3217
2200 77.4145
2300 79.404
2400 81.3941
2500 84.2912
2600 84.8528
2700 86.7006
2800 90.6697
2900 93.771
3000 95.6347
3100 98.6154
3200 102.591
3300 105.575
3400 107.466
3500 108.374
3600 110.368
3700 111.364
3800 114.215
3900 115.156
4000 118.152
4100 121.066
4200 123.016
4300 123.016
4400 124.016
4500 125.036
4600 126.036
4700 128.035
4800 129.035
4900 130.384
5000 131.309
5100 133.304
5200 134.373
5300 138.293
5400 140.357
5500 143.283
5600 145.279
5700 147.411
5800 148.408
5900 149.482
6000 150.479
6100 151.476
6200 154.467
6300 156.461
6400 157.537
6500 158.534
6600 160.702
6700 160.901
6800 160.901
6900 160.901
7000 162.693
7100 162.693
7200 164.779
7300 165.68
7400 166.676
7500 167.672
7600 168.077
7700 169.186
7800 171.747
7900 173.833
8000 174.828
8100 176.918
8200 181
8300 183.096
8400 183.096
8500 184.09
8600 186.078
8700 186.968
8800 189.061
8900 189.061
9000 189.169
9100 191.269
9200 192.151
9300 192.751
9400 193.838
9500 195.74
9600 196.736
9700 198.728
9800 198.728
9900 201.896
10000 203.983
100 12.53
200 19.2094
300 25.6125
400 29.0689
500 34.2053
600 36.7151
700 41.6773
800 43.909
900 46.5296
1000 46.9574
1100 49.3964
1200 53.3385
1300 55.4707
1400 55.9464
1500 59.1354
1600 62.9365
1700 65.8027
1800 70.6045
1900 72.8011
2000 74.6324
2100 77.4919
2200 79.404
2300 80.6536
2400 84.119
2500 86.6487
2600 88.5438
2700 88.955
2800 90.2497
2900 91.9239
3000 93.4077
3100 94.0213
3200 98.0867
3300 100.846
3400 102.694
3500 104.389
3600 106.405
3700 108.632
3800 110.494
3900 112.929
4000 115.802
4100 116.387
4200 118.14
4300 119.549
4400 120.503
4500 121.458
4600 122.09
4700 123.081
4800 125
4900 125.399
5000 126.372
5100 128.16
5200 129.356
5300 131.898
5400 134.104
5500 136.682
5600 138.521
5700 140.428
5800 142.874
5900 144.807
6000 145.066
6100 146.014
6200 148.678
6300 150.615
6400 152.082
6500 152.801
6600 153.052
6700 155.003
6800 155.978
6900 158.862
7000 159.831
7100 161.771
7200 165.656
7300 168.077
7400 168.324
7500 169.65
7600 170.628
7700 171.05
7800 173.77
7900 173.77
8000 173.77
8100 174.545
8200 174.545
8300 175.525
8400 176.706
8500 178.317
8600 181.246
8700 181.463
8800 182.888
8900 183.861
9000 183.861
9100 184.816
9200 186.754
9300 187.003
9400 189.908
9500 191.846
9600 193.786
9700 195
9800 195.256
9900 196.939
10000 198.177
100 16.1245
200 22.8473
300 30.0167
400 33.0151
500 38.2099
600 41.7732
700 47.3814
800 50.9902
900 53.8145
1000 55.4707
1100 58.6003
1200 60.959
1300 63.0317
1400 63.0317
1500 64.5368
1600 67.2309
1700 68.9638
1800 72.0694
1900 76.0263
2000 76.922
2100 78.2624
2200 81.3941
2300 85.8662
2400 86.3134
2500 86.3308
2600 88.6397
2700 89.1572
2800 91.9239
2900 92.8493
3000 94.7048
3100 97.3088
3200 99.7246
3300 101.769
3400 102.694
3500 103.73
3600 105.309
3700 107.517
3800 109.11
3900 111.018
4000 114.726
4100 115.248
4200 117.175
4300 118.36
4400 119.331
4500 119.641
4600 122.801
4700 125.96
4800 127.094
4900 129.031
5000 130
5100 132.185
5200 132.699
5300 135.093
5400 137.033
5500 139.718
5600 142.618
5700 143.405
5800 144.101
5900 145.331
6000 147.258
6100 149.723
6200 153.31
6300 154.019
6400 155.502
6500 158.66
6600 159.625
6700 161.124
6800 164.976
6900 167.171
7000 169.098
7100 170.062
7200 170.602
7300 171.563
7400 173.081
7500 175.864
7600 176.162
7700 177.418
7800 179.324
7900 181.232
8000 182.789
8100 184.049
8200 185
8300 186.904
8400 188.162
8500 189.433
8600 190.707
8700 191.982
8800 196.087
8900 197.408
9000 198.366
9100 199.249
9200 199.582
9300 200.609
9400 200.848
9500 202.485
9600 203.027
9700 204.362
9800 206.814
9900 207.135
10000 208.087
100 13.0384
200 22.8473
300 28.4429
400 35.3553
500 38.3275
600 40.7922
700 43.7379
800 46.6905
900 50.8035
1000 54.1295
1100 58.2495
1200 61.6117
1300 66.4906
1400 68.4471
1500 70.6116
1600 72.5672
1700 73.5459
1800 74.3303
1900 80.2309
2000 84.1724
2100 87.1321
2200 88.459
2300 91.5915
2400 94.541
2500 96.5091
2600 98.4784
2700 101.272
2800 102.259
2900 104.561
3000 107.517
3100 109.49
3200 110.644
3300 111.803
3400 113.358
3500 115.953
3600 116.709
3700 118.697
3800 120.507
3900 123.794
4000 126.921
4100 127.738
4200 127.738
4300 128.725
4400 131.4
4500 132.981
4600 134.937
4700 135.148
4800 136.565
4900 139.488
5000 141.439
5100 143.178
5200 143.753
5300 146.509
5400 147.513
5500 148.661
5600 153.574
5700 155.541
5800 156.707
5900 156.707
6000 157.991
6100 158.676
6200 160.953
6300 161.941
6400 164.073
6500 167.194
6600 169.169
6700 174.943
6800 178.899
6900 181.868
7000 184.838
7100 185.691
7200 185.97
7300 186.118
7400 187.107
7500 188.096
7600 190.224
7700 191.212
7800 193.342
7900 194.178
8000 194.178
8100 196.156
8200 197.145
8300 197.145
8400 198.759
8500 200.731
8600 201.718
8700 205.665
8800 205.665
8900 207.639
9000 209.614
9100 210.602
9200 210.761
9300 210.761
9400 213.063
9500 215.035
9600 217.348
9700 219.317
9800 220.477
9900 220.656
10000 221.027
100 12.083
200 18.0278
300 26.1725
400 27.074
500 31.1448
600 36.1248
700 40.05
800 42.4264
900 48.2597
1000 50.0899
1100 54.5894
1200 61.5224
1300 64.3817
1400 69.2604
1500 72.2496
1600 76.1643
1700 81.2219
1800 86.209
1900 88.278
2000 91.1373
2100 93.1933
2200 94.1913
2300 95.2575
2400 97.0155
2500 99.985
2600 101.833
2700 103.817
2800 105.076
2900 105.119
3000 110.114
3100 111.162
3200 113.071
3300 115.07
3400 116.069
3500 117.209
3600 120.067
3700 123.065
3800 125.064
3900 126.099
4000 127.393
4100 128.472
4200 129.468
4300 132.034
4400 132.034
4500 133.034
4600 134.06
4700 134.06
4800 135.34
4900 137.033
5000 138.246
5100 138.917
5200 140.071
5300 141.057
5400 141.23
5500 142.864
5600 144.838
5700 146.973
5800 148.125
5900 149.111
6000 149.282
6100 152.319
6200 153.31
6300 154.574
6400 155.563
6500 155.563
6600 157.835
6700 158.676
6800 160.125
6900 162.432
7000 163.591
7100 166.373
7200 168.514
7300 170.836
7400 172.627
7500 172.627
7600 172.627
7700 173.118
7800 173.442
7900 174.106
8000 174.106
8100 174.428
8200 176.238
8300 179.201
8400 179.524
8500 179.611
8600 180.602
8700 182.584
8800 182.584
8900 182.584
9000 182.584
9100 183
9200 185.559
9300 185.691
9400 185.691
9500 185.691
9600 188.175
9700 188.409
9800 189.402
9900 191.387
10000 193.494
100 12.8062
200 20.1246
300 33.8378
400 40.2492
500 44.2832
600 48.1041
700 50.9902
800 54.4518
900 56.5685
1000 58.1893
1100 60.803
1200 62.2896
1300 64.3817
1400 68.593
1500 72.1249
1600 73.0548
1700 75.6637
1800 77.7817
1900 79.196
2000 81.6088
2100 82.7345
2200 85.5862
2300 87.6926
2400 89.8053
2500 92.4446
2600 95.6033
2700 95.8801
2800 96.8401
2900 99.3277
3000 100.285
3100 102.181
3200 103.755
3300 105.906
3400 107.87
3500 107.87
3600 111.005
3700 113.772
3800 118.068
3900 121.017
4000 122.184
4100 124.952
4200 125.936
4300 127.098
4400 129.066
4500 129.877
4600 131.107
4700 133.222
4800 135.34
4900 137.612
5000 138.755
5100 139.904
5200 141.877
5300 145.88
5400 147.763
5500 148.758
5600 150.562
5700 151.743
5800 151.845
5900 152.738
6000 153.734
6100 155.724
6200 155.724
6300 157.715
6400 158.619
6500 158.619
6600 159.615
6700 162.693
6800 163.689
6900 165.048
7000 165.048
7100 166.09
7200 168.193
7300 169.071
7400 169.071
7500 170.065
7600 172.052
7700 174.04
7800 175.003
7900 177.003
8000 177.248
8100 178.241
8200 181.011
8300 182.003
8400 183.011
8500 185.003
8600 186.003
8700 188.003
8800 188.003
8900 190.042
9000 191.065
9100 191.212
9200 192.211
9300 193.21
9400 194.209
9500 195.208
9600 197.205
9700 197.307
9800 198.363
9900 198.363
10000 198.426
100 17.4929
200 22.8473
300 31.0161
400 37
500 41.5933
600 43.0813
700 45.8803
800 49.7293
900 50.6952
1000 52.6308
1100 56.7539
1200 60.6383
1300 63.0635
1400 64.2884
1500 67.9117
1600 70.6116
1700 71.5891
1800 73.2462
1900 74.9533
2000 78.339
2100 82
2200 84.6463
2300 88.0738
2400 94.1488
2500 97.0824
2600 99.0404
2700 101.98
2800 105.323
2900 106.888
3000 107.689
3100 107.689
3200 108.674
3300 110.644
3400 112.614
3500 112.787
3600 114.756
3700 117.712
3800 119.683
3900 121.655
4000 123.968
4100 127.098
4200 128.082
4300 130.269
4400 132.834
4500 135.636
4600 136.624
4700 137.612
4800 140.036
4900 145.993
5000 146.986
5100 148.758
5200 149.857
5300 149.857
5400 153.639
5500 157.537
5600 159.531
5700 160.611
5800 163.518
5900 166.508
6000 168.502
6100 170.496
6200 174.485
6300 175.482
6400 175.482
6500 177.406
6600 178.017
6700 179.471
6800 180.469
6900 181.466
7000 182.395
7100 184.391
7200 185.456
7300 186.454
7400 187.323
7500 190.276
7600 190.276
7700 192.263
7800 193.256
7900 193.256
8000 193.373
8100 193.373
8200 194.139
8300 195.133
8400 197.122
8500 198.116
8600 198.116
8700 198.116
8800 199.203
8900 201.122
9000 201.122
9100 201.122
9200 202.094
9300 202.121
9400 202.892
9500 204.883
9600 205.879
9700 206.874
9800 206.969
9900 208.062
10000 209.057
100 12.0416
200 19.2094
300 25.2389
400 30.2324
500 34.4093
600 36.8782
700 41.0366
800 44.5982
900 48.1664
1000 51.6624
1100 55.1543
1200 60.1415
1300 61.6198
1400 65.2993
1500 66.7083
1600 71.0634
1700 72.8629
1800 73.6003
1900 75.8222
2000 77.8332
2100 79.2086
2200 82.7345
2300 85.5628
2400 87.6812
2500 89.1067
2600 92.0217
2700 94.1754
2800 97
2900 99.905
3000 101.316
3100 102.942
3200 104.235
3300 106.963
3400 108.467
3500 109.986
3600 113.569
3700 113.569
3800 117.796
3900 119.971
4000 121.38
4100 122.919
4200 125.1
4300 126.507
4400 128.226
4500 128.845
4600 131.643
4700 134.417
4800 135.794
4900 138.708
5000 140.121
5100 140.858
5200 142.144
5300 144.959
5400 147.078
5500 149.933
5600 151.38
5700 152.742
5800 154.208
5900 154.935
6000 155.621
6100 157.813
6200 158.55
6300 160.776
6400 160.863
6500 161.524
6600 164.438
6700 166.424
6800 168.582
6900 172.073
7000 174.316
7100 176.581
7200 176.581
7300 177.341
7400 177.46
7500 178.997
7600 180.544
7700 180.693
7800 181.687
7900 182.258
8000 183.831
8100 187.427
8200 189.621
8300 191.638
8400 193.6
8500 195.42
8600 195.898
8700 197.853
8800 198.91
8900 200.552
9000 203.027
9100 203.335
9200 204.416
9300 206.073
9400 207.735
9500 208.569
9600 208.586
9700 208.586
9800 210.24
9900 210.789
10000 212.462
