100 15.6525
200 21.9545
300 26.9258
400 31.6228
500 36.1386
600 40.4969
700 46.0652
800 48.3011
900 51.1077
1000 56.356
1100 57.3062
1200 59.4811
1300 62.1691
1400 64.4748
1500 65.7951
1600 70.0071
1700 73.1642
1800 77.6209
1900 78.5493
2000 83.9345
2100 84.6936
2200 89.6939
2300 91
2400 92.9731
2500 93.9202
2600 94.8683
2700 95.8175
2800 97.719
2900 99.6243
3000 101.242
3100 104.809
3200 105.773
3300 106.042
3400 106.738
3500 108.522
3600 109.659
3700 114.543
3800 116.297
3900 118.068
4000 120.221
4100 121.202
4200 122
4300 122.984
4400 125.447
4500 126.289
4600 129.402
4700 131.529
4800 134.213
4900 135.34
5000 136.473
5100 137.931
5200 141.905
5300 143.892
5400 145.248
5500 145.382
5600 147.665
5700 150.748
5800 152.84
5900 157.715
6000 159.615
6100 159.706
6200 160.702
6300 161.697
6400 162.693
6500 164.685
6600 165.68
6700 167.672
6800 169.664
6900 170.95
7000 173.046
7100 173.277
7200 175.103
7300 177.045
7400 179.045
7500 179.045
7600 180.069
7700 181.025
7800 183.025
7900 184.024
8000 185.043
8100 188.043
8200 189.042
8300 190.042
8400 191.042
8500 191.094
8600 192.042
8700 192.042
8800 194.178
8900 196
9000 198
9100 198
9200 199
9300 199.003
9400 200.002
9500 201.01
9600 202.01
9700 202.01
9800 205.002
9900 205.002
10000 206
10100 208
10200 208
10300 208
10400 209.002
10500 210.002
10600 211.002
10700 211.142
10800 212.132
10900 213.122
11000 214.112
11100 215.102
11200 217.083
11300 217.083
11400 219.064
11500 219.203
11600 220.055
11700 221.326
11800 222.315
11900 222.524
12000 224.511
12100 226.497
12200 226.497
12300 227.379
12400 228.373
12500 230.361
12600 232.349
12700 234.337
12800 234.337
12900 237.32
13000 239.309
13100 239.309
13200 239.309
13300 241.133
13400 241.994
13500 242.986
13600 243.977
13700 245.961
13800 247.946
13900 248.938
14000 248.938
100 13.6015
200 19.7231
300 24.0832
400 32.6497
500 36.2353
600 40.8167
700 44.2945
800 47.4236
900 50.0899
1000 50.5371
1100 52.3546
1200 53.3385
1300 57.2713
1400 60.6383
1500 62.5859
1600 67.72
1700 70.6045
1800 71.8401
1900 74
2000 74.9466
2100 76.4003
2200 77.8845
2300 79.712
2400 80.0062
2500 81.9329
2600 82.28
2700 84.5044
2800 85.235
2900 86.3771
3000 88.0738
3100 89.1964
3200 90.4765
3300 91.1373
3400 93.1343
3500 99.4082
3600 100.499
3700 101.494
3800 104.48
3900 106.677
4000 108.559
4100 110.454
4200 111.005
4300 114.14
4400 115.317
4500 117.277
4600 118.457
4700 123.357
4800 123.357
4900 123.556
5000 124.338
5100 125.16
5200 126.127
5300 127.675
5400 129.838
5500 132.981
5600 135.059
5700 137.928
5800 138.463
5900 140.132
6000 143.753
6100 145.602
6200 148.93
6300 151.119
6400 153.052
6500 154.019
6600 155.708
6700 157.648
6800 157.648
6900 159.59
7000 160.562
7100 160.801
7200 162.015
7300 163.954
7400 168.573
7500 168.573
7600 169.546
7700 173.442
7800 175.616
7900 176.59
8000 178.765
8100 180.488
8200 180.488
8300 182.888
8400 184.092
8500 184.835
8600 185.3
8700 188.693
8800 190.877
8900 192.816
9000 194.517
9100 195.489
9200 196.461
9300 197.909
9400 202.032
9500 202.074
9600 203.494
9700 204.971
9800 207.87
9900 208.837
10000 210.583
10100 210.851
10200 212.511
10300 213.476
10400 214.441
10500 217.338
10600 219.272
10700 220.239
10800 222.686
10900 223.486
11000 224.878
11100 227.07
11200 227.07
11300 227.774
11400 229.706
11500 229.706
11600 231.193
11700 231.728
11800 234.542
11900 235.51
12000 237.697
12100 239.14
12200 239.14
12300 239.885
12400 240.853
12500 240.853
12600 243.041
12700 245.489
12800 246.018
12900 247.251
13000 248.214
13100 250.41
13200 253.734
13300 254.7
13400 256.632
13500 256.846
13600 256.846
13700 258.786
13800 259.031
13900 259.788
14000 261.939
100 14.0357
200 24
300 28.2843
400 31
500 33.7343
600 36.4966
700 41.4367
800 43.7379
900 49.8197
1000 54.7449
1100 57.8705
1200 61.1882
1300 64.3273
1400 66.4906
1500 66.4906
1600 67.4685
1700 69.857
1800 70.406
1900 72.8011
2000 74.0405
2100 76.7919
2200 77.6466
2300 78.5175
2400 83.2947
2500 85.3756
2600 88.459
2700 89.4539
2800 91.444
2900 92.4392
3000 95.4254
3100 95.4254
3200 99.3227
3300 100.499
3400 101.494
3500 102.591
3600 105.119
3700 105.171
3800 109.165
3900 114.28
4000 119.34
4100 121.264
4200 123.329
4300 125.324
4400 130.311
4500 131.381
4600 133.54
4700 134.629
4800 135.945
4900 135.945
5000 139.23
5100 139.442
5200 141.428
5300 142.506
5400 143.503
5500 145.523
5600 146.513
5700 147.648
5800 149.164
5900 152.082
6000 155.116
6100 155.206
6200 157.204
6300 158.202
6400 159.255
6500 162.25
6600 163.248
6700 166.244
6800 167.299
6900 169.499
7000 173.566
7100 173.566
7200 175.482
7300 177.477
7400 177.477
7500 178.404
7600 178.55
7700 179.402
7800 179.402
7900 184.329
8000 186.269
8100 187.267
8200 189.264
8300 191.167
8400 193.127
8500 193.21
8600 196.092
8700 196.125
8800 197.063
8900 198.091
9000 200.09
9100 205.002
9200 208.002
9300 209.002
9400 209.002
9500 211.002
9600 211.002
9700 211.009
9800 212
9900 213.002
10000 215.002
10100 215.002
10200 216.009
10300 217.009
10400 220.009
10500 221.02
10600 222.002
10700 223.02
10800 226
10900 226.009
11000 229.009
11100 230.009
11200 233
11300 233
11400 234.053
11500 236.002
11600 236.002
11700 239.002
11800 240.019
11900 242.002
12000 242.002
12100 243.008
12200 244.002
12300 244.033
12400 245.002
12500 245.002
12600 246.008
12700 248.008
12800 248.018
12900 249.58
13000 250.018
13100 251.575
13200 252.573
13300 255.566
13400 256.564
13500 256.632
13600 258.627
13700 260.555
13800 260.622
13900 263.685
14000 263.685
100 13
200 21.1896
300 30
400 35.0143
500 37.1214
600 43.1045
700 47.1699
800 51.0098
900 53.0848
1000 56.0357
1100 57.1402
1200 61.0328
1300 64.0312
1400 65.0692
1500 68.2642
1600 69.5845
1700 74.4312
1800 78.5175
1900 80.399
2000 84.3801
2100 89.3588
2200 90.3549
2300 93.6483
2400 94.6414
2500 98.6154
2600 100.841
2700 101.71
2800 106.569
2900 106.569
3000 108.374
3100 113.534
3200 116.43
3300 116.52
3400 120.503
3500 124.403
3600 126.396
3700 128.658
3800 131.548
3900 132.544
4000 134.302
4100 138.232
4200 139.23
4300 140.228
4400 142.425
4500 145.496
4600 148.486
4700 151.476
4800 152.555
4900 152.555
5000 153.551
5100 154.548
5200 156.627
5300 161.895
5400 165.979
5500 167.967
5600 169.567
5700 171.843
5800 173.833
5900 174.562
6000 175.482
6100 177.477
6200 178.34
6300 183.33
6400 185.327
6500 185.327
6600 186.325
6700 187.216
6800 188.17
6900 188.597
7000 189.676
7100 190.759
7200 192.666
7300 192.751
7400 193.662
7500 195.576
7600 197.57
7700 198.645
7800 198.645
7900 199.725
8000 201.718
8100 202.714
8200 203.711
8300 203.796
8400 206.545
8500 207.781
8600 208.777
8700 208.777
8800 211.766
8900 212.042
9000 212.144
9100 214.674
9200 216.668
9300 217.745
9400 218.662
9500 218.742
9600 220.819
9700 222.643
9800 224.629
9900 225.504
10000 225.621
10100 227.491
10200 230.471
10300 232.459
10400 234.446
10500 235.332
10600 235.553
10700 237.655
10800 238.648
10900 238.891
11000 239.883
11100 243.249
11200 243.249
11300 245.508
11400 245.801
11500 246.941
11600 247.823
11700 248.697
11800 249.69
11900 250.38
12000 251.205
12100 253.18
12200 255.155
12300 258.118
12400 261.082
12500 265.036
12600 266.024
12700 267.013
12800 267.165
12900 269.98
13000 270.969
13100 272.107
13200 272.107
13300 273.247
13400 276.062
13500 278.04
13600 278.342
13700 279.33
13800 280.473
13900 280.722
14000 281.619
100 12.1655
200 20.025
300 24.1868
400 28.0179
500 35.4683
600 38.2099
700 43.9318
800 47.0106
900 51.4004
1000 55.2268
1100 58.0517
1200 61.7171
1300 63.1269
1400 66.7083
1500 68.884
1600 71.0634
1700 75.6042
1800 78.2368
1900 83.8153
2000 87.2009
2100 87.8009
2200 90.2109
2300 92.6553
2400 94.0479
2500 95.4411
2600 97.8008
2700 99.6393
2800 102.005
2900 104.202
3000 106.212
3100 110.603
3200 113.23
3300 115.109
3400 116.662
3500 117.924
3600 119.474
3700 121.824
3800 124.016
3900 125.252
4000 127.44
4100 129.63
4200 130.419
4300 133.06
4400 134.183
4500 137.131
4600 138.593
4700 140.007
4800 142.144
4900 142.144
5000 145
5100 145.774
5200 147.922
5300 148.6
5400 150.073
5500 150.073
5600 151.427
5700 151.427
5800 152.899
5900 152.899
6000 154.208
6100 154.935
6200 156.083
6300 157.003
6400 159.138
6500 160.527
6600 161.227
6700 162.631
6800 163.444
6900 165.895
7000 167.2
7100 167.8
7200 168.6
7300 168.6
7400 170.206
7500 171.012
7600 172.63
7700 173.217
7800 174.026
7900 174.837
8000 175.65
8100 176.819
8200 177.045
8300 178.101
8400 180.887
8500 180.887
8600 181.604
8700 181.706
8800 183.044
8900 184.835
9000 185.421
9100 185.852
9200 186.317
9300 186.947
9400 187.627
9500 188.987
9600 189.76
9700 190.536
9800 191.314
9900 191.314
10000 191.314
10100 192.211
10200 192.774
10300 193.6
10400 194.427
10500 194.427
10600 197.274
10700 197.77
10800 198.091
10900 200.302
11000 200.878
11100 202.272
11200 203.435
11300 204.247
11400 204.832
11500 204.832
11600 205.643
11700 207.2
11800 210
11900 211.206
12000 211.4
12100 211.603
12200 212.408
12300 214.021
12400 214.245
12500 217.037
12600 217.037
12700 217.037
12800 217.624
12900 218.433
13000 218.433
13100 218.433
13200 219.611
13300 223.213
13400 223.806
13500 225.417
13600 227.035
13700 230.204
13800 230.417
13900 232.034
14000 232.845
100 16.1555
200 23.3452
300 27.5862
400 30.4138
500 39.8121
600 42.2019
700 44.1022
800 48.0937
900 50.1597
1000 53
1100 55.3624
1200 58.2409
1300 63.561
1400 69.5845
1500 74.3303
1600 76.531
1700 78.6384
1800 80.5047
1900 82.3893
2000 84.3801
2100 88.1419
2200 89.2749
2300 92.0054
2400 92.1358
2500 92.8924
2600 93.6216
2700 96.5401
2800 97.9847
2900 100.305
3000 103.044
3100 104.043
3200 105.005
3300 107.005
3400 108.005
3500 109.142
3600 112.004
3700 113.004
3800 114.004
3900 115
4000 120.004
4100 120.004
4200 121.004
4300 122.156
4400 124.338
4500 126.574
4600 129.283
4700 131.095
4800 131.095
4900 133.015
5000 133.015
5100 137.015
5200 139.014
5300 142.032
5400 143.014
5500 144.087
5600 146.123
5700 148.014
5800 150.013
5900 150.013
6000 152.013
6100 152.013
6200 154.013
6300 155.003
6400 155.003
6500 157.013
6600 158.013
6700 160.003
6800 162.003
6900 162.003
7000 163
7100 164
7200 165.003
7300 165.012
7400 166.208
7500 168.027
7600 169.047
7700 171.047
7800 172.676
7900 175.647
8000 176.505
8100 177.37
8200 181.463
8300 185.432
8400 186.682
8500 187.808
8600 188.939
8700 189.929
8800 189.929
8900 191.771
9000 191.771
9100 192.762
9200 195.735
9300 197.99
9400 198.134
9500 200.112
9600 202.092
9700 205.061
9800 205.061
9900 207.041
10000 208.885
10100 208.885
10200 209.619
10300 210.297
10400 210.611
10500 211.287
10600 214.581
10700 215.455
10800 217.442
10900 219.545
11000 220.538
11100 221.531
11200 222.524
11300 223.517
11400 223.759
11500 223.886
11600 224.878
11700 225.869
11800 226
11900 226
12000 226.135
12100 227.491
12200 227.491
12300 227.491
12400 227.713
12500 228.397
12600 228.633
12700 228.709
12800 229.787
12900 230.703
13000 230.703
13100 230.983
13200 232.957
13300 233.944
13400 234.932
13500 235.091
13600 235.091
13700 236.078
13800 239.04
13900 240.027
14000 240.027
100 12.53
200 21.095
300 25.632
400 31.5753
500 38.6005
600 39.5601
700 42.45
800 46.3249
900 49.0306
1000 51.9711
1100 54.5894
1200 56.5685
1300 58.3095
1400 63.5059
1500 65.6201
1600 70.5762
1700 73.437
1800 75.4255
1900 76.4199
2000 80.5047
2100 81.7435
2200 84.5931
2300 89.6772
2400 91.6624
2500 93.0591
2600 94.7259
2700 95.7079
2800 99.6092
2900 100.603
3000 101.597
3100 102.528
3200 103.465
3300 106.042
3400 106.775
3500 107.703
3600 109.563
3700 110.86
3800 112.361
3900 113.952
4000 114.586
4100 116.362
4200 116.778
4300 118.903
4400 120.004
4500 121.165
4600 122.004
4700 125.004
4800 126.004
4900 128.016
5000 130.507
5100 132.439
5200 133.881
5300 134.629
5400 136.062
5500 138.246
5600 138.246
5700 140.186
5800 141.156
5900 141.4
6000 142.369
6100 144.554
6200 144.554
6300 144.554
6400 145.523
6500 148.223
6600 148.223
6700 149.897
6800 150.864
6900 151.832
7000 152.086
7100 152.83
7200 154.78
7300 155.003
7400 157.696
7500 159.878
7600 161.617
7700 162.807
7800 163.573
7900 163.573
8000 163.573
8100 166.111
8200 171.02
8300 171.02
8400 174.155
8500 177.291
8600 178.272
8700 178.272
8800 179.067
8900 179.446
9000 180.427
9100 183.371
9200 183.565
9300 184.353
9400 184.353
9500 185.526
9600 187.883
9700 188.862
9800 189.644
9900 190.625
10000 190.625
10100 192.398
10200 197.312
10300 198.116
10400 200.262
10500 202.41
10600 202.41
10700 203.394
10800 203.767
10900 205.543
11000 208.312
11100 208.952
11200 208.952
11300 209.938
11400 210.924
11500 212.078
11600 213.883
11700 213.883
11800 213.883
11900 213.883
12000 214.767
12100 215.956
12200 216.19
12300 217.348
12400 220.513
12500 220.513
12600 222.245
12700 223.66
12800 223.886
12900 225.61
13000 228.537
13100 229.297
13200 230.489
13300 231.465
13400 232.659
13500 232.659
13600 234.395
13700 236.78
13800 236.78
13900 237.756
14000 238.952
100 19.4165
200 24.1868
300 28.6356
400 34.5254
500 36.8782
600 40.025
700 41.2311
800 42.72
900 45.607
1000 47.8017
1100 49.4773
1200 54.3415
1300 56.5155
1400 56.8859
1500 59.4811
1600 61.8466
1700 65.7343
1800 66.7083
1900 70.0357
2000 73.9797
2100 75.9539
2200 77.4661
2300 80.0625
2400 81.8841
2500 81.8841
2600 83.4865
2700 89.3588
2800 91.351
2900 95.1315
3000 97.1288
3100 98.1835
3200 101.178
3300 106.231
3400 111.162
3500 111.162
3600 112.04
3700 112.161
3800 115.156
3900 118.207
4000 120.104
4100 125.144
4200 127.098
4300 127.142
4400 128.191
4500 130.188
4600 131.187
4700 132.242
4800 133.24
4900 134.034
5000 135.015
5100 136.015
5200 139.004
5300 140.014
5400 140.014
5500 142.004
5600 143.056
5700 144.056
5800 144.17
5900 146.168
6000 147.34
6100 150.479
6200 153.551
6300 154.635
6400 156.818
6500 156.818
6600 159.022
6700 160.131
6800 162.364
6900 164.347
7000 164.347
7100 164.347
7200 167.036
7300 167.036
7400 167.586
7500 169.706
7600 170.839
7700 171.828
7800 173.159
7900 175.146
8000 176.139
8100 178.126
8200 179.12
8300 180.114
8400 180.228
8500 181.995
8600 182.102
8700 182.102
8800 184.09
8900 184.296
9000 185.084
9100 185.084
9200 185.13
9300 186.078
9400 186.078
9500 186.078
9600 186.188
9700 187.182
9800 188.175
9900 188.175
10000 188.29
10100 189.169
10200 190.163
10300 191.157
10400 192.151
10500 192.151
10600 192.263
10700 192.263
10800 193.256
10900 193.373
11000 195.243
11100 195.359
11200 195.563
11300 196.54
11400 197.517
11500 198.728
11600 199.725
11700 200.721
11800 201.718
11900 201.718
12000 201.718
12100 201.804
12200 203.63
12300 205.623
12400 207.617
12500 207.617
12600 208.614
12700 208.614
12800 209.612
12900 209.612
13000 212.021
13100 212.021
13200 213.021
13300 214.234
13400 215.232
13500 216.009
13600 216.009
13700 217.009
13800 217.009
13900 219
14000 220.002
100 14.7648
200 19.4165
300 23.1948
400 30.6757
500 34.2053
600 36.2353
700 42.45
800 46.3249
900 50.448
1000 56.0892
1100 59.2284
1200 62.8172
1300 65.9697
1400 72.7805
1500 74.7329
1600 77.1298
1700 78.7464
1800 81.7863
1900 87.0976
2000 90.2552
2100 91.2414
2200 97.8673
2300 100.841
2400 101.71
2500 105.475
2600 106.471
2700 106.794
2800 109.458
2900 111.45
3000 114.438
3100 118.271
3200 120.266
3300 122.332
3400 122.332
3500 125.144
3600 130.188
3700 134.093
3800 134.093
3900 136.092
4000 139.09
4100 139.129
4200 141.174
4300 145.014
4400 147.031
4500 148.03
4600 149.03
4700 153.029
4800 154.029
4900 155.081
5000 156.08
5100 159.113
5200 161.31
5300 165.366
5400 166.433
5500 168.36
5600 172.351
5700 173.416
5800 174.485
5900 175.73
6000 176.638
6100 179.805
6200 181.797
6300 182.888
6400 182.888
6500 183.788
6600 185.779
6700 186.775
6800 187.683
6900 188.767
7000 190.672
7100 191.669
7200 193.662
7300 196.573
7400 196.573
7500 197.307
7600 197.307
7700 197.497
7800 199.492
7900 202.2
8000 205.197
8100 209.194
8200 212.191
8300 213.19
8400 215.149
8500 216.148
8600 217.021
8700 217.187
8800 217.187
8900 218.112
9000 218.112
9100 219.112
9200 221.443
9300 222.441
9400 224.377
9500 225.002
9600 225.435
9700 226.433
9800 227.009
9900 228.37
10000 231.366
10100 232.484
10200 234.307
10300 236.305
10400 236.305
10500 236.764
10600 237.683
10700 238.68
10800 238.68
10900 240.01
11000 240.917
11100 241.913
11200 243.906
11300 243.906
11400 243.994
11500 244.902
11600 245.898
11700 247.891
11800 249.97
11900 251.149
12000 252.873
12100 253.87
12200 254.786
12300 258.774
12400 258.853
12500 259.771
12600 260.768
12700 261.765
12800 262.762
12900 262.762
13000 263.615
13100 267.825
13200 267.825
13300 267.905
13400 268.57
13500 269.742
13600 270.559
13700 270.559
13800 270.978
13900 271.14
14000 272.132
100 13.9284
200 22.8473
300 25.632
400 31
500 35.0571
600 43.1856
700 47.2652
800 49.366
900 56.4358
1000 59.4138
1100 62.8013
1200 63.9531
1300 64.9384
1400 65.8027
1500 68.0074
1600 71.007
1700 74
1800 78
1900 79.0253
2000 80.025
2100 82.0244
2200 87
2300 89.0225
2400 91
2500 91.022
2600 93.1933
2700 96.1873
2800 100.245
2900 101.494
3000 102.703
3100 104.077
3200 105.076
3300 109.018
3400 110.018
3500 110.018
3600 111.759
3700 112
3800 114.004
3900 114.004
4000 117
4100 120.067
4200 121.202
4300 122.262
4400 123.26
4500 123.406
4600 126.479
4700 127.566
4800 127.566
4900 128.876
5000 131.973
5100 135.945
5200 137.931
5300 138.813
5400 141.905
5500 143.892
5600 144.886
5700 145.88
5800 146.874
5900 147.868
6000 152.84
6100 156.924
6200 158.912
6300 159.906
6400 161.895
6500 162.89
6600 163.884
6700 163.884
6800 164.985
6900 166.868
7000 166.868
7100 168.962
7200 169.956
7300 170.065
7400 170.95
7500 173.649
7600 175.559
7700 177.634
7800 180.624
7900 180.71
8000 181.466
8100 181.466
8200 183.883
8300 183.883
8400 184.878
8500 184.978
8600 185.874
8700 186.775
8800 187.771
8900 188.86
9000 190.759
9100 190.759
9200 191.755
9300 192.666
9400 193.662
9500 193.662
9600 193.838
9700 196.573
9800 196.652
9900 197.649
10000 197.649
10100 199.642
10200 199.905
10300 201.42
10400 202.485
10500 202.633
10600 203.553
10700 204.414
10800 207.408
10900 209.289
11000 209.289
11100 209.344
11200 209.404
11300 210.343
11400 211.341
11500 211.341
11600 213.338
11700 213.338
11800 215.335
11900 217.389
12000 217.389
12100 218.387
12200 218.387
12300 218.387
12400 220.384
12500 220.445
12600 221.508
12700 222.576
12800 223.323
12900 224.571
13000 225.568
13100 225.568
13200 225.641
13300 228.633
13400 229.63
13500 230.627
13600 231.553
13700 232.484
13800 232.484
13900 233.482
14000 235.614
100 13.6015
200 21.9317
300 25.0599
400 29.5466
500 32.6956
600 37.9473
700 43.8292
800 47.5395
900 50.3289
1000 53.8516
1100 56.4624
1200 57.6975
1300 59.4811
1400 61.6847
1500 62.6259
1600 65.4599
1700 68.9638
1800 74.4648
1900 76.4003
2000 79.8311
2100 81.0247
2200 82.9759
2300 86.122
2400 90.0278
2500 94.1488
2600 97.7446
2700 99.925
2800 102.108
2900 105.019
3000 107.935
3100 108.669
3200 113.759
3300 115.248
3400 117.175
3500 120.603
3600 121.565
3700 123.491
3800 125.284
3900 127.201
4000 132.966
4100 134.201
4200 137.528
4300 139.463
4400 140.943
4500 140.943
4600 144.586
4700 147.299
4800 149.466
4900 150.814
5000 152.398
5100 154.029
5200 155.467
5300 155.708
5400 156.697
5500 157.166
5600 157.544
5700 159.59
5800 160.562
5900 162.505
6000 163.478
6100 164.451
6200 165.424
6300 165.952
6400 166.928
6500 167.836
6600 168.808
6700 170.751
6800 171.724
6900 172.931
7000 175.111
7100 176.819
7200 177.564
7300 178.765
7400 179.739
7500 183.415
7600 184.61
7700 186.561
7800 187.758
7900 188.733
8000 190.252
8100 192.208
8200 193.396
8300 197.881
8400 198.862
8500 199.264
8600 201.854
8700 202.83
8800 204.247
8900 204.783
9000 205.76
9100 205.995
9200 207.928
9300 209.344
9400 209.669
9500 210.858
9600 212.812
9700 214.002
9800 214.979
9900 215.745
10000 216.947
10100 217.938
10200 219.92
10300 220.055
10400 221.775
10500 223.164
10600 223.636
10700 226.274
10800 228.254
10900 228.484
11000 229.26
11100 231.249
11200 232.142
11300 232.142
11400 233.137
11500 233.137
11600 234.132
11700 234.132
11800 235.032
11900 235.032
12000 237.023
12100 237.023
12200 238.839
12300 239.754
12400 239.754
12500 239.754
12600 240.751
12700 242.745
12800 243.742
12900 245.736
13000 245.736
13100 246.895
13200 247.891
13300 248.974
13400 249.97
13500 251.962
13600 251.962
13700 253.87
13800 254.786
13900 256.78
14000 257.777
100 17.8885
200 27.0185
300 31.6228
400 36.2353
500 41.6173
600 44.2041
700 46.5188
800 51.7397
900 56.6392
1000 60.3075
1100 64.5368
1200 66.6033
1300 70.7672
1400 74.5185
1500 74.9667
1600 76.4199
1700 79.511
1800 86.8332
1900 91.0494
2000 96.2133
2100 100.125
2200 105.646
2300 107.713
2400 110.454
2500 113.217
2600 115.745
2700 117.154
2800 120.507
2900 122.674
3000 123.556
3100 125.419
3200 129.201
3300 130.801
3400 131.4
3500 135
3600 135
3700 135.801
3800 137.201
3900 139.402
4000 143.45
4100 144.845
4200 146.997
4300 150.602
4400 152.552
4500 155.039
4600 157.544
4700 160.91
4800 162.604
4900 165.895
5000 168.656
5100 170.88
5200 171.421
5300 174.072
5400 174.929
5500 175.445
5600 177.53
5700 178.53
5800 180.247
5900 181.97
6000 183.611
6100 185.27
6200 186.389
6300 187.779
6400 188.345
6500 189.489
6600 193.6
6700 194.487
6800 195.88
6900 196.229
7000 197.408
7100 199.832
7200 201.817
7300 201.817
7400 204.201
7500 204.201
7600 205.3
7700 206.635
7800 208.435
7900 210.06
8000 210.874
8100 211.454
8200 212.709
8300 213.335
8400 214.441
8500 215.87
8600 216.021
8700 219.666
8800 220.495
8900 221.326
9000 221.4
9100 222.002
9200 222.713
9300 222.713
9400 224.377
9500 224.377
9600 225.763
9700 227.15
9800 228.265
9900 228.265
10000 228.827
10100 229.491
10200 231.043
10300 231.871
10400 232.246
10500 233.094
10600 234.472
10700 236.698
10800 237.539
10900 238.399
11000 240.832
11100 241.365
11200 241.901
11300 242.745
11400 244.322
11500 245.247
11600 246.108
11700 247.33
11800 248.195
11900 250.799
12000 253.411
12100 254.772
12200 255.644
12300 255.644
12400 256.135
12500 257.124
12600 257.391
12700 257.992
12800 258.861
12900 259.731
13000 260.601
13100 261.473
13200 261.473
13300 262.345
13400 262.835
13500 264.69
13600 266.055
13700 267.918
13800 267.918
13900 267.918
14000 268.784
100 12.083
200 19.799
300 28.0179
400 37.2156
500 40.8167
600 45.2217
700 46.9574
800 51.225
900 55.8032
1000 59.9083
1100 62.7694
1200 65.9469
1300 68.884
1400 71.8401
1500 73.8783
1600 76.0592
1700 78.6448
1800 79.6492
1900 83.0963
2000 85.9127
2100 87.9659
2200 91.0494
2300 92.6175
2400 93.8616
2500 95.901
2600 97.8008
2700 100.125
2800 100.955
2900 102.343
3000 105.394
3100 105.688
3200 107.615
3300 107.912
3400 110.941
3500 110.941
3600 111.772
3700 111.772
3800 111.83
3900 113.741
4000 115.434
4100 117.047
4200 117.886
4300 119.954
4400 119.954
4500 121.491
4600 123.422
4700 125.1
4800 125.67
4900 126.827
5000 128.81
5100 131.605
5200 132.201
5300 135.429
5400 137.058
5500 138.405
5600 139.807
5700 142.436
5800 143.224
5900 144.014
6000 145.602
6100 146.209
6200 147.003
6300 148.405
6400 149.807
6500 150.416
6600 152.611
6700 153.405
6800 154.201
6900 155.602
7000 156.605
7100 157.41
7200 158.808
7300 159.028
7400 160.655
7500 161.236
7600 161.821
7700 163.003
7800 165.424
7900 166.012
8000 167.2
8100 167.8
8200 169.201
8300 170.836
8400 173.761
8500 175.171
8600 178.104
8700 179.301
8800 179.301
8900 179.301
9000 180.812
9100 181.571
9200 182.332
9300 182.332
9400 182.332
9500 182.332
9600 182.332
9700 183.096
9800 183.439
9900 184.391
10000 184.391
10100 186.231
10200 187.523
10300 189.433
10400 189.489
10500 190.882
10600 190.882
10700 191.46
10800 192.276
10900 193.67
11000 194.487
11100 196.459
11200 197.626
11300 198.215
11400 199.402
11500 200.205
11600 201.604
11700 202.299
11800 203.502
11900 204.475
12000 206.422
12100 207.928
12200 207.928
12300 208.483
12400 210.858
12500 212.812
12600 212.812
12700 214.767
12800 214.767
12900 214.767
13000 215.745
13100 215.745
13200 217.147
13300 217.147
13400 217.407
13500 219.866
13600 219.866
13700 221.4
13800 221.488
13900 222.002
14000 223.403
100 13.6015
200 18.3576
300 22.8473
400 26.9072
500 31.9061
600 34.9285
700 39
800 42.5441
900 47.4342
1000 49.3356
1100 55.3624
1200 58.6941
1300 61.4654
1400 64.2573
1500 66.8506
1600 68.7095
1700 70.2282
1800 73.0548
1900 78.7464
2000 79.0569
2100 81.0432
2200 82.0061
2300 85.8662
2400 89.7385
2500 89.7385
2600 90.471
2700 92.3472
2800 95.2733
2900 98.7927
3000 99.96
3100 102.181
3200 105.948
3300 108.157
3400 109.731
3500 110.68
3600 111.629
3700 112.894
3800 113.225
3900 115.135
4000 116.09
4100 118.962
4200 121.458
4300 121.758
4400 122.066
4500 123.369
4600 123.369
4700 126.127
4800 126.649
4900 126.649
5000 127.35
5100 129.541
5200 130.507
5300 130.507
5400 131.822
5500 132.699
5600 134.893
5700 135.857
5800 138.654
5900 139.635
6000 140.812
6100 141.23
6200 142.215
6300 146.328
6400 148.762
6500 150.685
6600 152.882
6700 154.402
6800 155.647
6900 157.191
7000 159.703
7100 160.963
7200 162.561
7300 163.515
7400 163.817
7500 164.77
7600 164.77
7700 165.849
7800 166.208
7900 166.784
8000 166.784
8100 168.434
8200 168.68
8300 170.602
8400 171.234
8500 171.593
8600 173.104
8700 174.324
8800 176.241
8900 177.2
9000 177.485
9100 178.732
9200 179.402
9300 179.402
9400 179.402
9500 179.402
9600 179.402
9700 179.981
9800 182.85
9900 183.807
10000 185.054
10100 185.054
10200 186.011
10300 186.968
10400 188.215
10500 189.172
10600 191.377
10700 191.377
10800 192.333
10900 193.582
11000 193.582
11100 194.538
11200 194.833
11300 195.328
11400 195.438
11500 196.291
11600 196.291
11700 196.563
11800 196.726
11900 198.91
12000 201.457
12100 202.04
12200 203.214
12300 203.214
12400 203.806
12500 205
12600 206.603
12700 207.408
12800 208.002
12900 209.402
13000 210.205
13100 210.205
13200 211.206
13300 212.002
13400 212.408
13500 213.403
13600 213.403
13700 213.827
13800 214.273
13900 214.401
14000 215.52
100 13.4536
200 19.2094
300 23.1948
400 28.7924
500 31.0483
600 37.6962
700 41.4367
800 43.0813
900 46.2709
1000 50.1597
1100 51.1566
1200 55.0364
1300 61.0737
1400 67.0671
1500 69.0652
1600 72.0069
1700 74.0068
1800 78.0064
1900 81.0247
2000 82.0549
2100 83.1505
2200 84.3801
2300 87.367
2400 89.8053
2500 90.0944
2600 92.9139
2700 93.0591
2800 93.771
2900 93.771
3000 96.7471
3100 98.732
3200 99.5038
3300 102.396
3400 103.407
3500 104.48
3600 106.532
3700 106.705
3800 110.476
3900 111.463
4000 112.45
4100 115.572
4200 116.559
4300 119.52
4400 120.669
4500 121.926
4600 125.897
4700 128.876
4800 129.869
4900 130.863
5000 133.735
5100 134.629
5200 136.719
5300 136.825
5400 138.708
5500 140.698
5600 143.684
5700 144.679
5800 145.674
5900 147.105
6000 148.661
6100 148.661
6200 150.615
6300 152.453
6400 153.73
6500 157.835
6600 157.991
6700 160.953
6800 160.953
6900 161.112
7000 162.929
7100 165.061
7200 166.883
7300 167.359
7400 168.345
7500 169.331
7600 170.988
7700 172.676
7800 173.666
7900 174.657
8000 174.657
8100 175.787
8200 177.767
8300 180.737
8400 180.878
8500 181.593
8600 181.604
8700 186.507
8800 186.703
8900 189.644
9000 191.802
9100 192.782
9200 193.83
9300 196.471
9400 196.471
9500 196.596
9600 198.338
9700 198.338
9800 201.435
9900 203.421
10000 203.541
10100 204.534
10200 206.286
10300 208.274
10400 209.16
10500 210.155
10600 210.95
10700 213.937
10800 217.018
10900 217.92
11000 219.911
11100 221.995
11200 222.899
11300 222.899
11400 224.722
11500 224.722
11600 225.719
11700 226.716
11800 227.713
11900 229.558
12000 230.489
12100 233.482
12200 233.482
12300 234.418
12400 234.48
12500 235.478
12600 236.476
12700 236.476
12800 237.474
12900 239.535
13000 240.601
13100 240.674
13200 241.748
13300 243.526
13400 243.526
13500 244.902
13600 247.891
13700 248.262
13800 250.252
13900 251.072
14000 252.242
100 12.0416
200 17.0294
300 23.4094
400 27.2947
500 31.8277
600 35.4683
700 37.2156
800 40.4969
900 44.0114
1000 46.0977
1100 52.0865
1200 55.0091
1300 57
1400 57
1500 60
1600 63
1700 65.0077
1800 70.0071
1900 74.0068
2000 75.0067
2100 79.0063
2200 81.0062
2300 84.006
2400 88
2500 91.0055
2600 94.0053
2700 98.0051
2800 100.045
2900 101.079
3000 104.077
3100 105.043
3200 107.042
3300 108.042
3400 111.041
3500 111.113
3600 112.112
3700 115.156
3800 116.108
3900 117.038
4000 118.068
4100 122.037
4200 123.037
4300 124.036
4400 125.004
4500 125.196
4600 126.775
4700 128.004
4800 129.004
4900 132.034
5000 133.034
5100 136.719
5200 139.703
5300 142.79
5400 144.886
5500 145.774
5600 147.574
5700 150.851
5800 153.834
5900 153.834
6000 155.824
6100 156.818
6200 159.803
6300 159.803
6400 160.798
6500 161.793
6600 161.793
6700 163.6
6800 163.884
6900 164.596
7000 165.979
7100 167.967
7200 170.95
7300 174.152
7400 174.152
7500 174.393
7600 174.828
7700 174.828
7800 177.553
7900 180.544
8000 184.391
8100 185.389
8200 186.387
8300 186.387
8400 186.387
8500 189.264
8600 190.263
8700 191.262
8800 193.259
8900 194.258
9000 196.308
9100 196.308
9200 197.307
9300 198.252
9400 198.363
9500 200.25
9600 201.249
9700 201.249
9800 203.246
9900 204.198
10000 205.244
10100 205.244
10200 208.24
10300 209.194
10400 210.193
10500 211.287
10600 213.235
10700 214.234
10800 214.283
10900 215.335
11000 216.231
11100 216.453
11200 217.279
11300 219.082
11400 220.082
11500 220.082
11600 220.082
11700 220.275
11800 221.274
11900 221.653
12000 221.653
12100 222.65
12200 223.808
12300 223.895
12400 225.078
12500 227.068
12600 227.068
12700 227.068
12800 228.064
12900 229.059
13000 230.957
13100 230.957
13200 232.142
13300 232.948
13400 234.132
13500 235.228
13600 236.123
13700 236.123
13800 236.123
13900 236.123
14000 236.123
100 14.0357
200 20.3961
300 22.8035
400 25.7099
500 32.573
600 36.7696
700 40.1622
800 44.9222
900 50
1000 53.4509
1100 55.3624
1200 57.5674
1300 58.2495
1400 62.9365
1500 65.8027
1600 69.8928
1700 71.5122
1800 72.8011
1900 77.2528
2000 80.6536
2100 82.2192
2200 84.119
2300 86.6487
2400 88.2553
2500 89.56
2600 90.2497
2700 91.3893
2800 92.6984
2900 94.921
3000 96.566
3100 98.2344
3200 98.7927
3300 101.514
3400 105.622
3500 106.892
3600 109.11
3700 110.68
3800 112.579
3900 113.842
4000 114.586
4100 115.521
4200 117.745
4300 120.067
4400 123.065
4500 123.167
4600 125.016
4700 128.004
4800 129.004
4900 130.004
5000 132.306
5100 133.375
5200 136.033
5300 138.033
5400 141.014
5500 144.003
5600 145.003
5700 148.003
5800 149.084
5900 151.083
6000 153.118
6100 153.16
6200 154.081
6300 155.206
6400 158.079
6500 159.079
6600 160.112
6700 161.112
6800 162.111
6900 163.11
7000 164.11
7100 164.247
7200 166.964
7300 168.44
7400 171.828
7500 173.589
7600 175.354
7700 177.124
7800 178.941
7900 179.825
8000 181.728
8100 184.261
8200 185.321
8300 186.196
8400 187.072
8500 187.843
8600 190.515
8700 190.969
8800 190.969
8900 193.373
9000 197.365
9100 197.428
9200 199.424
9300 200.489
9400 200.721
9500 201.804
9600 203.796
9700 204.793
9800 205.789
9900 206.874
10000 209.862
10100 209.955
10200 210.95
10300 213.937
10400 215.028
10500 216.123
10600 219.21
10700 220.204
10800 221.199
10900 222.194
11000 223.188
11100 228.265
11200 229.367
11300 231.147
11400 231.579
11500 231.821
11600 232.691
11700 234.798
11800 238.027
11900 238.027
12000 243.115
12100 243.528
12200 245.098
12300 246.089
12400 247.081
12500 249.195
12600 251.048
12700 252.04
12800 255.476
12900 255.885
13000 256.462
13100 257.449
13200 259.422
13300 259.977
13400 260.572
13500 263.37
13600 263.37
13700 263.37
13800 264.214
13900 264.327
14000 265.198
100 17
200 22.0227
300 25.318
400 29.6142
500 34.2345
600 37.3631
700 42.45
800 45.7056
900 50.8035
1000 54.7449
1100 57.4282
1200 60.2993
1300 62.3939
1400 64.2806
1500 66.2722
1600 66.6108
1700 67.7422
1800 69.0652
1900 71.5681
2000 72.5603
2100 74.6726
2200 78.0897
2300 79.9062
2400 82.7345
2500 82.7345
2600 85.4751
2700 87.4643
2800 90.2718
2900 94.1913
3000 96.1873
3100 97.1288
3200 97.2522
3300 99.2472
3400 100.319
3500 101.316
3600 104.173
3700 107.168
3800 109.165
3900 112.161
4000 114.215
4100 117.107
4200 118.106
4300 119.067
4400 120.067
4500 122.066
4600 123.065
4700 126.036
4800 128.004
4900 129.016
5000 130.015
5100 132.004
5200 137.015
5300 138
5400 141
5500 141.004
5600 142.014
5700 142.032
5800 143.031
5900 144.031
6000 146.055
6100 148.014
6200 149.121
6300 151.119
6400 153.16
6500 154.003
6600 155.003
6700 156.003
6800 157.013
6900 159.028
7000 162.028
7100 162.049
7200 162.049
7300 164.003
7400 164.003
7500 166.148
7600 166.148
7700 169.145
7800 171.187
7900 174.141
8000 175.14
8100 175.285
8200 176.182
8300 176.409
8400 176.556
8500 178.81
8600 179.279
8700 182.135
8800 183.134
8900 185.173
9000 185.173
9100 187.171
9200 187.171
9300 188.17
9400 190.213
9500 190.213
9600 191.065
9700 193.065
9800 193.065
9900 194.064
10000 197.063
10100 198.124
10200 199.203
10300 200.09
10400 201.022
10500 202.022
10600 203.039
10700 204.039
10800 205.039
10900 205.039
11000 206.002
11100 207.002
11200 207.01
11300 208.002
11400 209.01
11500 210.01
11600 210.01
11700 211.009
11800 213.009
11900 214.009
12000 214.021
12100 215.021
12200 216.021
12300 218.009
12400 219.009
12500 220.002
12600 221.002
12700 221.002
12800 221.036
12900 221.036
13000 223.02
13100 223.036
13200 223.036
13300 224.036
13400 226.035
13500 227.02
13600 229.107
13700 232.106
13800 232.106
13900 232.106
14000 235.104
100 13.0384
200 19.3132
300 25.2982
400 31.6228
500 34.176
600 37.855
700 41.1947
800 45.0999
900 49.0408
1000 52.0384
1100 58.0086
1200 62
1300 62.0322
1400 66.0681
1500 68.0661
1600 70.0286
1700 72.0625
1800 74.0608
1900 76.0592
2000 78.3135
2100 81.6149
2200 83.0241
2300 85.5102
2400 86.5852
2500 88.3233
2600 89.4427
2700 91.9239
2800 92.4446
2900 95.6033
3000 97.5295
3100 100
3200 100.96
3300 100.96
3400 102.489
3500 104.695
3600 108.522
3700 108.522
3800 109.417
3900 110.386
4000 111.4
4100 113.464
4200 113.846
4300 115.278
4400 118.701
4500 119.62
4600 122.723
4700 123.454
4800 123.968
4900 126.921
5000 127.906
5100 127.906
5200 128.082
5300 130.541
5400 131.529
5500 132.518
5600 135.204
5700 135.34
5800 137.321
5900 139.086
6000 139.086
6100 140.071
6200 140.071
6300 144.544
6400 148.297
6500 150.266
6600 152.411
6700 153.395
6800 153.951
6900 155.129
7000 156.311
7100 159.248
7200 162.388
7300 163.368
7400 163.573
7500 164.754
7600 166.721
7700 166.904
7800 170.836
7900 171.02
8000 173.968
8100 174.771
8200 175.756
8300 177.725
8400 180.854
8500 184.166
8600 187.115
8700 187.747
8800 188.098
8900 188.733
9000 190.066
9100 191.05
9200 192.034
9300 193.018
9400 194.987
9500 196.957
9600 198.116
9700 198.927
9800 198.927
9900 198.927
10000 199.279
10100 199.279
10200 200.445
10300 202.41
10400 203.578
10500 204.841
10600 204.841
10700 204.841
10800 204.841
10900 206.712
11000 206.903
11100 206.903
11200 208.866
11300 210.04
11400 211.218
11500 211.218
11600 214.947
11700 217.101
11800 219.064
11900 222.009
12000 223.973
12100 226.126
12200 229.072
12300 230.243
12400 231.815
12500 231.815
12600 231.815
12700 232.998
12800 233.206
12900 234.955
13000 235.733
13100 235.733
13200 236.516
13300 238.288
13400 239.27
13500 240.067
13600 241.423
13700 242.405
13800 244.369
13900 245.351
14000 246.148
100 12.53
200 19.2354
300 23.7065
400 28.0179
500 32.3883
600 35.0143
700 39.0128
800 42.0119
900 46.7547
1000 52.8015
1100 58.8982
1200 61.6198
1300 64.4438
1400 65.1153
1500 66.4003
1600 68.6222
1700 74.3303
1800 75.1665
1900 79.2023
2000 81.2158
2100 86.0523
2200 87.2067
2300 90.6035
2400 91.6079
2500 92.6553
2600 93.4077
2700 95.901
2800 97.0052
2900 100.21
3000 100.21
3100 100.21
3200 101.833
3300 104.043
3400 104.862
3500 108.005
3600 111.503
3700 112.33
3800 116.211
3900 117.886
4000 118.727
4100 121.495
4200 122.319
4300 126.491
4400 128.705
4500 129.53
4600 130.633
4700 132.853
4800 132.853
4900 134.529
5000 135.912
5100 139.284
5200 140.663
5300 141.198
5400 144.586
5500 146.813
5600 147.665
5700 149.496
5800 150.233
5900 152.817
6000 153.681
6100 155.913
6200 159.013
6300 159.881
6400 163.248
6500 165.919
6600 166.832
6700 169.198
6800 170.95
6900 172.708
7000 173.185
7100 173.54
7200 176.207
7300 177.099
7400 178.53
7500 180.1
7600 182.214
7700 184.838
7800 186.196
7900 187.072
8000 187.417
8100 188.303
8200 188.767
8300 189.528
8400 192.899
8500 193.776
8600 193.776
8700 194.654
8800 195.133
8900 195.617
9000 196.596
9100 196.596
9200 197.466
9300 197.96
9400 198.457
9500 199.324
9600 201.189
9700 201.556
9800 202.054
9900 202.921
10000 203.295
10100 205.154
10200 206.022
10300 206.519
10400 206.519
10500 209.124
10600 209.124
10700 209.124
10800 209.995
10900 209.995
11000 210.867
11100 210.867
11200 213.591
11300 214.581
11400 215.824
11500 216.696
11600 217.568
11700 217.568
11800 217.568
11900 218.442
12000 220.193
12100 221.948
12200 223.707
12300 223.786
12400 224.118
12500 225.887
12600 226.119
12700 226.773
12800 228.11
12900 231.244
13000 231.244
13100 233.908
13200 234.798
13300 235.716
13400 236.129
13500 236.578
13600 238.372
13700 241.068
13800 241.506
13900 241.506
14000 242.87
100 14
200 19.2354
300 26.9258
400 31.0483
500 34.0147
600 38.0526
700 44.0114
800 47.0106
900 49.0102
1000 52.0096
1100 56.0089
1200 58.0345
1300 63.0079
1400 67.0298
1500 71.1126
1600 73.1095
1700 75.1066
1800 78.1601
1900 80.0999
2000 81.0987
2100 84.0536
2200 86.3713
2300 89.56
2400 91.0055
2500 92.5419
2600 94.5304
2700 96.421
2800 99.4082
2900 100.404
3000 101.4
3100 105.171
3200 107.168
3300 109.165
3400 113.071
3500 115.109
3600 118.106
3700 118.207
3800 121.202
3900 122.332
4000 126.194
4100 128.25
4200 128.39
4300 129.248
4400 130.648
4500 135.724
4600 135.831
4700 137.713
4800 137.931
4900 141.028
5000 142.021
5100 144.779
5200 144.779
5300 147.648
5400 149.777
5500 149.777
5600 150.748
5700 151.796
5800 152.473
5900 152.742
6000 153.395
6100 154.263
6200 156.205
6300 158.202
6400 159.255
6500 160.253
6600 161.251
6700 162.197
6800 162.197
6900 163.196
7000 163.196
7100 165.109
7200 166.108
7300 166.244
7400 168.241
7500 169.239
7600 169.239
7700 170.012
7800 171.003
7900 172.003
8000 172.026
8100 173.012
8200 173.104
8300 173.819
8400 174.751
8500 176.511
8600 177.451
8700 178.101
8800 179.335
8900 180.942
9000 182.148
9100 183.12
9200 186.038
9300 188.215
9400 190.16
9500 191.133
9600 193.08
9700 194.054
9800 197.203
9900 197.517
10000 200.125
10100 202.529
10200 202.763
10300 205.448
10400 205.448
10500 206.886
10600 207.858
10700 209.802
10800 209.802
10900 210.319
11000 211.294
11100 213.467
11200 214.441
11300 217.366
11400 221.488
11500 221.488
11600 222.463
11700 222.463
11800 225.942
11900 226.921
12000 227.899
12100 228.674
12200 229.654
12300 230.835
12400 232.441
12500 233.418
12600 233.418
12700 234.395
12800 236.349
12900 237.002
13000 239.176
13100 241.124
13200 241.124
13300 243.298
13400 244.73
13500 244.965
13600 247.524
13700 249.479
13800 250.458
13900 251.231
14000 253.19
100 14
200 23.7697
300 28.4605
400 35.1141
500 40.1622
600 43.3244
700 47.1275
800 50.2892
900 53.6004
1000 57.28
1100 59.1354
1200 68.0074
1300 69.2604
1400 71.1688
1500 73.0068
1600 74.2159
1700 78.1601
1800 79.1202
1900 81.3204
2000 82.0061
2100 84.7585
2200 86.5794
2300 88.459
2400 90.5539
2500 92.5419
2600 94.921
2700 96.0833
2800 98.0816
2900 101.272
3000 102.078
3100 104.077
3200 107.075
3300 108.167
3400 110.164
3500 115.109
3600 119.269
3700 120.337
3800 121.202
3900 126.099
4000 132.095
4100 138.058
4200 140.014
4300 142.004
4400 143.003
4500 144.056
4600 145.086
4700 147.054
4800 151.053
4900 154.052
5000 156.08
5100 157.08
5200 159.079
5300 160.028
5400 161.028
5500 164.012
5600 165.012
5700 167.012
5800 167.048
5900 169.047
6000 169.047
6100 169.047
6200 170.074
6300 171.073
6400 172.838
6500 175.071
6600 175.923
6700 176.918
6800 176.918
6900 177.913
7000 178.62
7100 180.472
7200 180.472
7300 180.602
7400 183.576
7500 186.424
7600 186.424
7700 186.682
7800 188.664
7900 190.646
8000 190.919
8100 192.762
8200 194.743
8300 194.879
8400 196.726
8500 199.7
8600 200.691
8700 202.675
8800 203.666
8900 205.779
9000 206.642
9100 207.894
9200 208.626
9300 209.022
9400 210.012
9500 211.002
9600 211.993
9700 211.993
9800 212.72
9900 213.974
10000 214.758
10100 215.741
10200 216.093
10300 218.073
10400 221.045
10500 222.315
10600 223.027
10700 224.018
10800 225.284
10900 226.566
11000 229.532
11100 229.682
11200 229.996
11300 232.131
11400 232.467
11500 234.438
11600 235.595
11700 238.55
11800 238.55
11900 240.52
12000 241.506
12100 242.491
12200 243.647
12300 243.647
12400 245.122
12500 245.618
12600 246.951
12700 247.316
12800 248.298
12900 249.281
13000 251.066
13100 252.05
13200 253.034
13300 253.213
13400 255.18
13500 256.164
13600 257.148
13700 257.955
13800 257.955
13900 257.955
14000 259.925
100 13
200 18.3848
300 26.2488
400 30.4631
500 37.0135
600 46.0435
700 47
800 52.2398
900 55.2268
1000 59.3043
1100 64.3817
1200 66.4831
1300 68.884
1400 72.0069
1500 73.8241
1600 74.8131
1700 76.4853
1800 79.511
1900 82
2000 85.9884
2100 87.3212
2200 90.0944
2300 91.0824
2400 92.7631
2500 94.7259
2600 96.3172
2700 99.4636
2800 101.139
2900 103.078
3000 105.759
3100 106.963
3200 108.171
3300 108.171
3400 108.931
3500 111.158
3600 114.127
3700 115.261
3800 115.732
3900 118.714
4000 121.499
4100 122.053
4200 122.495
4300 124.31
4400 125.3
4500 128.082
4600 129.877
4700 131.848
4800 132.834
4900 134.807
5000 135.148
5100 137.361
5200 140.428
5300 143.003
5400 143.962
5500 145.165
5600 146.455
5700 147.706
5800 148.661
5900 150.217
6000 150.96
6100 152.201
6200 154.742
6300 154.742
6400 155.332
6500 156.349
6600 159.138
6700 160.953
6800 160.953
6900 162.929
7000 163.918
7100 164.906
7200 165.895
7300 168.861
7400 168.861
7500 169.047
7600 172.131
7700 174.943
7800 175.251
7900 176.59
8000 177.226
8100 179.201
8200 183.992
8300 183.992
8400 183.992
8500 183.992
8600 186.118
8700 187.107
8800 188.404
8900 189.391
9000 190.518
9100 191.525
9200 192.512
9300 192.634
9400 193.373
9500 194.25
9600 194.366
9700 195.479
9800 196.471
9900 196.977
10000 197.464
10100 198.457
10200 199.151
10300 199.449
10400 200.721
10500 202.299
10600 202.299
10700 204.475
10800 204.475
10900 205.789
11000 205.789
11100 205.789
11200 207.041
11300 208.614
11400 208.614
11500 209.612
11600 211.142
11700 211.684
11800 211.766
11900 212.132
12000 213.122
12100 215.102
12200 215.102
12300 215.455
12400 216.093
12500 218.213
12600 220.193
12700 222.173
12800 222.315
12900 223.305
13000 224.294
13100 226.274
13200 226.418
13300 228.116
13400 228.116
13500 230.098
13600 231.948
13700 233.805
13800 234.798
13900 234.798
14000 238.768
100 16.2788
200 21.0238
300 27.0185
400 33.0151
500 36.2353
600 39.4462
700 41.0488
800 44.6542
900 51.6236
1000 55.4707
1100 58.5235
1200 60.4649
1300 63.6003
1400 67.7422
1500 69.2026
1600 71.6101
1700 73.6003
1800 74.8131
1900 79.2023
2000 82.4924
2100 84.8528
2200 87.4643
2300 88.459
2400 89.4539
2500 91.5478
2600 93.6483
2700 96.421
2800 96.421
2900 97.4166
3000 98.4124
3100 99.4082
3200 99.4082
3300 101.178
3400 101.494
3500 103.121
3600 103.6
3700 106.677
3800 108.559
3900 110.653
4000 115.624
4100 117.516
4200 119.507
4300 119.507
4400 121.264
4500 126.143
4600 129.097
4700 131.095
4800 132.242
4900 134.183
5000 135.181
5100 138.014
5200 140.014
5300 140.032
5400 141.032
5500 143.031
5600 145.003
5700 146
5800 147.014
5900 147.031
6000 148.054
6100 150.053
6200 153.082
6300 155.116
6400 155.158
6500 157.204
6600 158.114
6700 158.316
6800 160.112
6900 161.112
7000 161.112
7100 163.11
7200 165.303
7300 166.075
7400 166.301
7500 167.075
7600 167.075
7700 168.107
7800 169.189
7900 170.047
8000 172.235
8100 173.234
8200 175.231
8300 176.23
8400 176.23
8500 176.409
8600 177.229
8700 177.634
8800 179.226
8900 179.903
9000 182.135
9100 183.134
9200 185.132
9300 186.132
9400 186.132
9500 186.132
9600 187.171
9700 187.216
9800 188.17
9900 188.534
10000 189.402
10100 190.276
10200 191.269
10300 192.211
10400 193.21
10500 194.612
10600 194.879
10700 196.596
10800 196.596
10900 197.588
11000 197.608
11100 198.595
11200 198.595
11300 199.902
11400 201.556
11500 202.615
11600 204.57
11700 204.57
11800 205.665
11900 205.665
12000 205.769
12100 206.495
12200 207.909
12300 210.069
12400 210.069
12500 210.447
12600 211.436
12700 211.483
12800 211.625
12900 213.588
13000 215.035
13100 216.416
13200 216.416
13300 217.83
13400 217.862
13500 217.862
13600 218.589
13700 221.712
13800 223.143
13900 224.589
14000 224.831
100 14.0357
200 18.1108
300 25
400 31.0161
500 35.0143
600 37.0135
700 41.6293
800 44.0114
900 44.9444
1000 47.4131
1100 49.7695
1200 54.626
1300 55.9464
1400 60.3738
1500 63.0635
1600 65.6201
1700 68.469
1800 72.5603
1900 74.5453
2000 76.531
2100 77.6466
2200 78.1601
2300 79.1202
2400 81.0987
2500 84.0952
2600 85.0059
2700 86.977
2800 87.023
2900 88.0227
3000 90.471
3100 91.214
3200 94.0053
3300 97
3400 98
3500 101.005
3600 106.019
3700 109.041
3800 112.04
3900 113.111
4000 114.018
4100 115.213
4200 118.017
4300 119.038
4400 119.067
4500 122.004
4600 124.004
4700 129
4800 130
4900 132
5000 133
5100 133.015
5200 136
5300 137.004
5400 140.004
5500 141.014
5600 142.004
5700 143.056
5800 143.171
5900 144.17
6000 146.168
6100 146.219
6200 148.216
6300 149.215
6400 150.27
6500 151.268
6600 152.266
6700 159.255
6800 161.199
6900 161.251
7000 164.11
7100 166.048
7200 167.027
7300 167.147
7400 168.146
7500 171.073
7600 173.072
7700 174.072
7800 177.102
7900 177.102
8000 181.025
8100 182.044
8200 182.135
8300 183.025
8400 183.175
8500 183.175
8600 185.173
8700 185.173
8800 186.172
8900 188.066
9000 190.066
9100 190.095
9200 191.128
9300 192.094
9400 193.373
9500 194.371
9600 196.431
9700 198.426
9800 198.426
9900 200.422
10000 202.556
10100 203.553
10200 206.545
10300 208.54
10400 209.468
10500 209.468
10600 209.468
10700 210.343
10800 213.338
10900 214.457
11000 214.597
11100 217.589
11200 225.568
11300 226.566
11400 226.566
11500 229.491
11600 229.787
11700 230.783
11800 231.864
11900 233.944
12000 235.936
12100 236.932
12200 239.921
12300 240.917
12400 241.197
12500 241.913
12600 243.822
12700 243.822
12800 244.902
12900 247.891
13000 248.888
13100 249.884
13200 249.884
13300 252.958
13400 254.867
13500 256.223
13600 258.312
13700 258.414
13800 260.204
13900 261.398
14000 264.282
100 15.2971
200 19.2354
300 22.561
400 26.5707
500 30.4631
600 34.7851
700 39.2173
800 40.1622
900 44.5982
1000 49.98
1100 52
1200 54.7083
1300 60.0833
1400 61.6847
1500 63.9062
1600 67.4463
1700 68.352
1800 70.9366
1900 72.2357
2000 74.0945
2100 74.7329
2200 75.6902
2300 76.6551
2400 78.721
2500 82.9699
2600 85.1645
2700 86.6833
2800 87.9318
2900 87.9318
3000 89.9611
3100 90.8735
3200 91.7878
3300 94.0213
3400 96.7729
3500 98.0867
3600 98.4886
3700 100.319
3800 101.637
3900 103.788
4000 105.076
4100 106.066
4200 107.782
4300 109.33
4400 111.306
4500 112.45
4600 113.952
4700 114.756
4800 117.686
4900 117.686
5000 120.619
5100 120.619
5200 121.807
5300 122.188
5400 123.179
5500 123.179
5600 124.74
5700 127.012
5800 129.988
5900 130.648
6000 131.746
6100 132.74
6200 132.74
6300 133.735
6400 136.367
6500 137.364
6600 140.357
6700 142.506
6800 144.499
6900 145.496
7000 148.486
7100 148.486
7200 148.486
7300 148.57
7400 150.652
7500 151.954
7600 154.324
7700 155.322
7800 156.32
7900 156.387
8000 159.201
8100 159.201
8200 161.199
8300 162.197
8400 163.196
8500 165.148
8600 167.147
8700 168.107
8800 168.107
8900 168.107
9000 169.189
9100 170.047
9200 171.047
9300 173.046
9400 173.046
9500 173.185
9600 174.046
9700 174.631
9800 176.045
9900 178.045
10000 178.045
10100 179.011
10200 179.011
10300 180.011
10400 181.011
10500 182
10600 183.011
10700 186.011
10800 186.024
10900 187.011
11000 187.011
11100 187.024
11200 188.534
11300 190.518
11400 191.042
11500 192.042
11600 192.042
11700 192.042
11800 193.093
11900 193.373
12000 194.01
12100 195.208
12200 196.207
12300 196.207
12400 198.252
12500 198.338
12600 198.338
12700 199.331
12800 199.331
12900 200.325
13000 200.325
13100 201.249
13200 204.245
13300 206.197
13400 207.196
13500 207.196
13600 208.154
13700 209.153
13800 209.153
13900 210.152
14000 210.152
100 13.1529
200 25.0799
300 37.3363
400 42.5793
500 45.5412
600 50.2195
700 50.9215
800 54.1479
900 55.1453
1000 57.0088
1100 60.208
1200 63.0317
1300 65.0077
1400 68.2642
1500 72.0625
1600 74.108
1700 77.1622
1800 80.1561
1900 85.2115
2000 90.1998
2100 91.2688
2200 96.2549
2300 96.3328
2400 101.4
2500 102.396
2600 103.484
2700 104.389
2800 104.389
2900 105.171
3000 107.787
3100 109.772
3200 111.759
3300 113
3400 114.739
3500 114.983
3600 116.966
3700 117.098
3800 118.423
3900 119.419
4000 120.266
4100 124.326
4200 126.696
4300 129.248
4400 130.05
4500 131.034
4600 131.034
4700 131.034
4800 132.518
4900 132.673
5000 133.18
5100 134.729
5200 136.528
5300 137.033
5400 139.032
5500 140.032
5600 141.693
5700 143.014
5800 143.136
5900 144.125
6000 145.993
6100 148.973
6200 149.967
6300 152.191
6400 152.191
6500 153.31
6600 156.416
6700 157.407
6800 159.389
6900 162.237
7000 163.11
7100 166.09
7200 169.956
7300 171.058
7400 171.945
7500 174.929
7600 174.929
7700 175.923
7800 178.81
7900 181.797
8000 182.792
8100 183.788
8200 183.883
8300 185.779
8400 186.775
8500 187.601
8600 188.597
8700 189.594
8800 190.591
8900 192.751
9000 194.659
9100 194.659
9200 196.736
9300 197.649
9400 199.812
9500 201.804
9600 201.804
9700 202.8
9800 204.793
9900 205.879
10000 207.697
10100 209.69
10200 211.766
10300 212.763
10400 214.756
10500 215.752
10600 217.665
10700 217.665
10800 217.665
10900 217.745
11000 220.511
11100 220.581
11200 220.907
11300 222.506
11400 223.895
11500 225.887
11600 226.883
11700 226.974
11800 229.787
11900 230.703
12000 230.783
12100 232.948
12200 234.94
12300 235.936
12400 237.023
12500 238.019
12600 238.019
12700 238.925
12800 239.109
12900 239.109
13000 239.109
13100 240.917
13200 241.913
13300 243.994
13400 247.073
13500 247.978
13600 249.159
13700 249.159
13800 250.154
13900 251.149
14000 251.149
100 11.6619
200 17.8885
300 22.8473
400 26.5707
500 30.6757
600 34.0588
700 36.0694
800 40.3609
900 45.4533
1000 48.9183
1100 53.4135
1200 54.8179
1300 60.7454
1400 64.1405
1500 66.3702
1600 67.7422
1700 69.1158
1800 71.1969
1900 71.6938
2000 74.2428
2100 75.1332
2200 76.9415
2300 81.8413
2400 83.1925
2500 86.8159
2600 86.8159
2700 91.7061
2800 93.5201
2900 96.1769
3000 98.4124
3100 99.8098
3200 102.044
3300 102.956
3400 104.389
3500 105.309
3600 107.541
3700 108.462
3800 109.385
3900 109.659
4000 111.893
4100 112.73
4200 116.456
4300 116.812
4400 120.487
4500 121.758
4600 122.703
4700 122.703
4800 124.278
4900 126.178
5000 126.178
5100 128.736
5200 130.648
5300 131.605
5400 131.605
5500 132.28
5600 134.852
5700 136.795
5800 138.975
5900 140.464
6000 141.439
6100 142.415
6200 144.368
6300 147.299
6400 147.299
6500 149.255
6600 153.375
6700 153.805
6800 154.738
6900 155.242
7000 156.208
7100 160.1
7200 161.301
7300 162.274
7400 162.274
7500 163.025
7600 163.025
7700 163.025
7800 163.248
7900 163.248
8000 165.952
8100 166.928
8200 168.882
8300 168.882
8400 169.098
8500 170.426
8600 170.988
8700 171.607
8800 171.607
8900 171.814
9000 172.586
9100 172.699
9200 174.889
9300 175.855
9400 177.685
9500 177.685
9600 179.644
9700 179.847
9800 182.989
9900 183.199
10000 183.199
10100 185.443
10200 185.526
10300 186.507
10400 187.489
10500 189.264
10600 191.416
10700 193.197
10800 193.197
10900 194.551
11000 197.497
11100 197.687
11200 198.479
11300 199.462
11400 200.445
11500 200.445
11600 200.632
11700 201.556
11800 203.421
11900 204.414
12000 204.534
12100 206.519
12200 206.642
12300 207.762
12400 208.904
12500 212.05
12600 214.22
12700 214.667
12800 217.589
12900 218.79
13000 218.79
13100 219.538
13200 219.538
13300 220.293
13400 221.269
13500 221.269
13600 224.199
13700 225.175
13800 226.367
13900 228.32
14000 230.489
100 14.0357
200 17.2627
300 23.7697
400 29.5466
500 33.6155
600 38.6264
700 43.0116
800 44.6878
900 46.6154
1000 48.7955
1100 52.4023
1200 53.9073
1300 56.5862
1400 58.7282
1500 61.2209
1600 63.0079
1700 65.215
1800 67.0075
1900 67.8012
2000 69.6419
2100 72.5328
2200 73.6614
2300 77.1622
2400 81.5966
2500 83.5703
2600 85.0941
2700 86.7295
2800 87.0919
2900 88.2383
3000 90.824
3100 93.6376
3200 96.2081
3300 99.0202
3400 99.2975
3500 101.242
3600 102.142
3700 103.817
3800 104
3900 106.621
4000 108.462
4100 109.385
4200 111.427
4300 111.615
4400 112.161
4500 112.645
4600 116.829
4700 120.673
4800 120.673
4900 124.535
5000 124.535
5100 125.936
5200 131.883
5300 132.74
5400 133.6
5500 133.6
5600 135.484
5700 136.752
5800 140.293
5900 142.021
6000 144.627
6100 146.373
6200 149.094
6300 150.841
6400 150.841
6500 152.201
6600 153.561
6700 155.048
6800 157.099
6900 159.665
7000 160.524
7100 163.267
7200 164.125
7300 165.496
7400 166.355
7500 169.098
7600 171.327
7700 173.046
7800 173.557
7900 174.771
8000 178.62
8100 179.981
8200 180.472
8300 180.967
8400 180.967
8500 184.708
8600 185.607
8700 186.944
8800 186.944
8900 188.282
9000 189.644
9100 191.416
9200 192.315
9300 192.754
9400 194.093
9500 195.88
9600 197.677
9700 198.134
9800 201.718
9900 201.718
10000 203.059
10100 204.863
10200 206.17
10300 206.17
10400 207.068
10500 207.954
10600 207.954
10700 208.907
10800 209.745
10900 210.642
11000 211.085
11100 211.54
11200 211.983
11300 212.897
11400 214.22
11500 214.674
11600 214.674
11700 215.112
11800 217.793
11900 218.689
12000 219.495
12100 220.438
12200 221.382
12300 222.326
12400 222.657
12500 223.6
12600 224.544
12700 226.433
12800 227.271
12900 229.085
13000 229.993
13100 229.993
13200 232.166
13300 232.166
13400 232.594
13500 233.976
13600 233.976
13700 235.79
13800 236.698
13900 238.025
14000 239.927
100 13.1529
200 20.6155
300 26.4008
400 30.0832
500 37.5766
600 41.6293
700 44.9444
800 49.0408
900 50.448
1000 53.8516
1100 56.7539
1200 60.0167
1300 62.5859
1400 65.5134
1500 72.7805
1600 75.505
1700 79.4292
1800 81.2158
1900 82.7647
2000 85.9884
2100 88.459
2200 91.2414
2300 93.9415
2400 95.7079
2500 99.6393
2600 102.181
2700 106.099
2800 108.259
2900 108.259
3000 108.259
3100 109.238
3200 110.422
3300 115.122
3400 117.085
3500 118.068
3600 119.436
3700 123.556
3800 123.556
3900 125.515
4000 127.475
4100 129.248
4200 129.634
4300 133.555
4400 134.164
4500 136.312
4600 141.598
4700 142.773
4800 144.156
4900 148.297
5000 149.833
5100 150.814
5200 153.395
5300 154.379
5400 155.541
5500 155.913
5600 159.305
5700 161.276
5800 161.276
5900 162.262
6000 162.262
6100 163.918
6200 166.883
6300 167.872
6400 169.85
6500 172.818
6600 175.094
6700 175.647
6800 175.787
6900 177.767
7000 178.899
7100 182.321
7200 183.469
7300 184.456
7400 188.247
7500 190.224
7600 192.512
7700 194.487
7800 194.648
7900 194.648
8000 195.972
8100 196.471
8200 196.471
8300 197.588
8400 201.435
8500 203.666
8600 208.504
8700 209.497
8800 210.611
8900 213.469
9000 213.469
9100 214.462
9200 215.455
9300 215.455
9400 217.442
9500 218.552
9600 219.545
9700 222.41
9800 224.397
9900 225.391
10000 226.173
10100 227.068
10200 229.157
10300 229.157
10400 232.243
10500 236.123
10600 236.123
10700 237.217
10800 238.113
10900 239.416
11000 242.398
11100 242.825
11200 246.895
11300 247.37
11400 248.974
11500 249.884
11600 252.145
11700 253.14
11800 256.322
11900 258.118
12000 258.118
12100 260.11
12200 260.11
12300 260.929
12400 261.015
12500 263.008
12600 264.327
12700 265
12800 265.545
12900 267.541
13000 269.537
13100 269.537
13200 269.602
13300 270.599
13400 272.413
13500 272.47
13600 273.66
13700 273.66
13800 276.355
13900 276.355
14000 277.406
100 14
200 24.0208
300 27.2947
400 33.0151
500 39.0128
600 41.0122
700 46.2709
800 52.2398
900 56.2228
1000 60.0333
1100 65.192
1200 69.029
1300 73.0068
1400 76
1500 79.0063
1600 80.0562
1700 82.0549
1800 82.1523
1900 83.0542
2000 87.023
2100 89.0505
2200 91.0879
2300 94.0851
2400 94.0851
2500 97.0824
2600 98.0816
2700 100.08
2800 102.044
2900 103.019
3000 103.044
3100 105.019
3200 108.074
3300 109.115
3400 110.114
3500 110.114
3600 111.162
3700 112.219
3800 116.039
3900 120.017
4000 121.017
4100 123.016
4200 124.016
4300 124.016
4400 127.035
4500 130.035
4600 132.015
4700 134.015
4800 137.015
4900 139.014
5000 139.014
5100 142.032
5200 143.087
5300 147.167
5400 148.165
5500 149.164
5600 149.164
5700 149.215
5800 150.213
5900 150.333
6000 152.398
6100 154.392
6200 154.392
6300 157.458
6400 158.455
6500 159.452
6600 161.447
6700 163.518
6800 166.589
6900 171.572
7000 171.572
7100 172.569
7200 175.559
7300 178.474
7400 179.471
7500 183.461
7600 188.383
7700 189.381
7800 191.588
7900 193.507
8000 193.838
8100 196.499
8200 197.57
8300 198.645
8400 200.808
8500 200.9
8600 202.2
8700 202.2
8800 203.246
8900 205.477
9000 207.543
9100 207.543
9200 208.614
9300 208.614
9400 209.612
9500 210.535
9600 210.535
9700 214.189
9800 216.113
9900 216.113
10000 219.146
10100 220.145
10200 221.226
10300 222.225
10400 225.142
10500 225.18
10600 230.106
10700 235.077
10800 236.076
10900 238.076
11000 240.075
11100 241.052
11200 242.101
11300 243.101
11400 244.205
11500 246.1
11600 249.098
11700 249.098
11800 249.128
11900 251.127
12000 252.018
12100 253.008
12200 255.008
12300 256.049
12400 257.008
12500 258.017
12600 258.017
12700 258.017
12800 260.017
12900 260.017
13000 260.031
13100 264.047
13200 265.047
13300 267.092
13400 267.092
13500 267.092
13600 268.03
13700 269.007
13800 271.007
13900 271.017
14000 273.016
100 14.8661
200 25.0799
300 29.2746
400 34.1321
500 39.9249
600 44.5982
700 47.1275
800 50.2892
900 52.811
1000 55.0273
1100 55.7136
1200 59.1354
1300 60.208
1400 62.6498
1500 68.593
1600 69.4622
1700 72.4431
1800 73.437
1900 75.06
2000 77.8781
2100 78.1025
2200 79.8311
2300 81.0555
2400 84.0952
2500 85.0706
2600 87.9318
2700 89.493
2800 92.9731
2900 94.921
3000 97.4166
3100 98.7623
3200 100.424
3300 101.242
3400 102.786
3500 104.676
3600 106.283
3700 106.888
3800 111.683
3900 112.272
4000 114.285
4100 114.634
4200 115.694
4300 117.784
4400 118.701
4500 119.921
4600 123.065
4700 125.3
4800 129.865
4900 131.309
5000 132.098
5100 136.418
5200 137.753
5300 137.753
5400 138.654
5500 139.989
5600 141.322
5700 142.239
5800 143.126
5900 144.534
6000 147.648
6100 148.529
6200 148.946
6300 149.967
6400 152.594
6500 153.473
6600 155.235
6700 156.119
6800 158.354
6900 159.239
7000 160.125
7100 163.248
7200 166.373
7300 167.263
7400 168.155
7500 172.192
7600 172.192
7700 174.897
7800 177.133
7900 179.847
8000 180.754
8100 182.571
8200 182.913
8300 184.7
8400 185.151
8500 185.594
8600 186.625
8700 187.04
8800 187.641
8900 189.771
9000 189.771
9100 189.771
9200 190.184
9300 191.51
9400 191.51
9500 193.329
9600 193.745
9700 195.167
9800 197.023
9900 198.698
10000 199.625
10100 200.242
10200 201.162
10300 202.082
10400 203.394
10500 204.846
10600 204.846
10700 206.243
10800 206.243
10900 206.243
11000 207.793
11100 208.463
11200 209.404
11300 211.568
11400 211.896
11500 211.896
11600 211.896
11700 214.73
11800 216.622
11900 217.568
12000 218.22
12100 218.662
12200 220.735
12300 222.729
12400 223.647
12500 224.891
12600 224.982
12700 226.974
12800 226.974
12900 228.633
13000 229.059
13100 232.433
13200 234.644
13300 236.546
13400 237.489
13500 237.807
13600 238.449
13700 238.449
13800 239.708
13900 240.66
14000 242.87
100 18.0278
200 25.5539
300 28.3019
400 36.8917
500 40
600 42.9535
700 46.3249
800 49.0306
900 50.3587
1000 52.4023
1100 55.9732
1200 58.2151
1300 61.131
1400 64.5136
1500 65.7875
1600 67.9412
1700 70.0071
1800 70.7107
1900 72.8354
2000 75.743
2100 77.1557
2200 79.3095
2300 81.5659
2400 86.1452
2500 88.1192
2600 90.2552
2700 93.2148
2800 94.7629
2900 95.7549
3000 98.3107
3100 100.285
3200 102.259
3300 105.224
3400 107.517
3500 110.476
3600 112.614
3700 114.425
3800 117.388
3900 119.218
4000 122.188
4100 123.628
4200 123.968
4300 125.16
4400 126.151
4500 130.115
4600 132.098
4700 132.098
4800 134.082
4900 135.34
5000 135.831
5100 138.813
5200 138.813
5300 139.607
5400 141.598
5500 143.136
5600 143.544
5700 145.582
5800 147.801
5900 148.946
6000 148.946
6100 150.765
6200 153.73
6300 156.697
6400 156.697
6500 159.665
6600 162.779
6700 163.768
6800 169.567
6900 171.549
7000 173.531
7100 175.514
7200 176.638
7300 177.91
7400 180.228
7500 181.221
7600 185.194
7700 188.175
7800 189.283
7900 191.51
8000 192.938
8100 193.933
8200 198.013
8300 200.002
8400 200.9
8500 201.896
8600 202.892
8700 203.553
8800 205.548
8900 205.548
9000 208.471
9100 210.535
9200 212.763
9300 212.763
9400 212.763
9500 213.846
9600 215.028
9700 217.389
9800 217.389
9900 218.387
10000 220.384
10100 220.384
10200 221.382
10300 221.508
10400 222.65
10500 225.641
10600 225.641
10700 226.716
10800 227.879
10900 228.79
11000 228.79
11100 230.627
11200 231.625
11300 234.77
11400 235.767
11500 235.767
11600 235.936
11700 235.936
11800 235.936
11900 236.326
12000 237.76
12100 238.757
12200 240.751
12300 240.751
12400 240.751
12500 243.742
12600 243.742
12700 245
12800 245.002
12900 247
13000 248.002
13100 249.002
13200 249.002
13300 249.008
13400 251.002
13500 251.002
13600 253.002
13700 253.002
13800 256.002
13900 258.008
14000 258.008
100 14.5602
200 24.1868
300 28.0179
400 32.45
500 35.4683
600 38.8973
700 42.2019
800 45.8039
900 49.0408
1000 52.8015
1100 56.6127
1200 58.0086
1300 59.203
1400 63.2456
1500 65.192
1600 67.2309
1700 68.6003
1800 72.2357
1900 73.5391
2000 75.0067
2100 80.025
2200 82
2300 83.006
2400 85.0941
2500 89.0898
2600 94.0851
2700 96.0833
2800 98.326
2900 99.3227
3000 99.3227
3100 100.08
3200 101.079
3300 103.019
3400 104.216
3500 105.546
3600 107.042
3700 109.041
3800 109.563
3900 112.361
4000 112.361
4100 113.296
4200 115.109
4300 115.434
4400 115.879
4500 117.004
4600 119.218
4700 120.487
4800 122.711
4900 123
5000 124.74
5100 126.147
5200 128.16
5300 130.943
5400 131.605
5500 132.816
5600 133.765
5700 134.715
5800 136.616
5900 140.089
6000 140.407
6100 142.004
6200 143.279
6300 144.838
6400 146.414
6500 147.706
6600 148.661
6700 150.283
6800 150.96
6900 151.921
7000 151.921
7100 153.444
7200 153.734
7300 155.647
7400 155.647
7500 156.719
7600 158.269
7700 159.261
7800 159.765
7900 162.997
8000 166.973
8100 167.967
8200 170.065
8300 171.172
8400 173.159
8500 173.934
8600 175.824
8700 176.819
8800 176.819
8900 178.81
9000 178.81
9100 180.801
9200 180.898
9300 180.898
9400 181.463
9500 183.273
9600 184.272
9700 186.269
9800 187.216
9900 188.13
10000 191.128
10100 193.127
10200 195.126
10300 196.207
10400 197.205
10500 198.063
10600 199.09
10700 202.089
10800 202.089
10900 204.039
11000 205.022
11100 205.039
11200 206.039
11300 207.002
11400 207.06
11500 208.01
11600 209.01
11700 210.01
11800 211.009
11900 212.009
12000 212.009
12100 213.009
12200 213.396
12300 214.394
12400 216.391
12500 216.391
12600 218.449
12700 218.449
12800 219.513
12900 220.511
13000 223.573
13100 223.573
13200 225.568
13300 226.566
13400 228.561
13500 230.556
13600 231.553
13700 232.622
13800 235.478
13900 240.468
14000 242.464
100 11.6619
200 19.2354
300 23.8537
400 26.6271
500 31.6228
600 38.0132
700 40.4475
800 42.7551
900 48.3735
1000 51.2445
1100 55.0818
1200 57.28
1300 60.4152
1400 64.1327
1500 66.4906
1600 69.857
1700 72.5672
1800 76.4003
1900 78.339
2000 80.0812
2100 82.9699
2200 84.0119
2300 86.7006
2400 87.9659
2500 90.5539
2600 93.5361
2700 94.5304
2800 96.5194
2900 99.3227
3000 102.313
3100 105.304
3200 105.304
3300 107.299
3400 107.299
3500 107.299
3600 108.227
3700 112.071
3800 113.071
3900 114.11
4000 115.278
4100 115.278
4200 117.068
4300 120.037
4400 122.037
4500 124.036
4600 125.036
4700 127.063
4800 129.097
4900 129.356
5000 132.185
5100 133.417
5200 136.059
5300 137.801
5400 138.798
5500 140.943
5600 143.388
5700 145.231
5800 146.328
5900 149.121
6000 151.159
6100 152.463
6200 155.077
6300 156.924
6400 158.231
6500 159.931
6600 160.462
6700 161.385
6800 161.385
6900 163.233
7000 164.158
7100 166.012
7200 168.241
7300 169.169
7400 170.097
7500 170.097
7600 171.817
7700 173.626
7800 174.554
7900 176.411
8000 176.782
8100 177.341
8200 179.011
8300 179.011
8400 181.466
8500 182.661
8600 184.092
8700 184.619
8800 184.619
8900 184.619
9000 184.619
9100 186.462
9200 186.968
9300 188.884
9400 191.084
9500 191.638
9600 192.938
9700 193.132
9800 193.132
9900 194.427
10000 195.359
10100 197.585
10200 198.517
10300 198.917
10400 200.569
10500 201.527
10600 201.896
10700 203.066
10800 203.364
10900 203.666
11000 204.924
11100 208.087
11200 209.99
11300 209.99
11400 210.297
11500 211.896
11600 212.85
11700 212.85
11800 213.804
11900 214.758
12000 216.965
12100 217.267
12200 217.267
12300 217.573
12400 218.833
12500 218.833
12600 220.735
12700 221.045
12800 221.995
12900 221.995
13000 221.995
13100 222.946
13200 223.573
13300 224.849
13400 227.706
13500 227.706
13600 228.011
13700 229.582
13800 229.582
13900 231.482
14000 231.482
100 13
200 21.0238
300 25.02
400 27.074
500 31.257
600 33.7343
700 36.1386
800 39.0512
900 41
1000 43.9659
1100 46.2385
1200 48.7032
1300 51.264
1400 54.4243
1500 56.3205
1600 58.5235
1700 60.7454
1800 62.9682
1900 66.7083
2000 70.6116
2100 72.5672
2200 73.5459
2300 75.505
2400 76.6877
2500 82.3772
2600 84.3445
2700 86.3134
2800 88.5268
2900 90.956
3000 92.1792
3100 97.0155
3200 97.2677
3300 101.39
3400 103.078
3500 103.846
3600 104.809
3700 109.385
3800 111.324
3900 114.978
4000 115.953
4100 116.181
4200 118.6
4300 120.54
4400 120.54
4500 121.277
4600 122.577
4700 122.577
4800 124.04
4900 125.96
5000 126.921
5100 127.883
5200 127.883
5300 128.845
5400 130.771
5500 131.898
5600 135.595
5700 138.495
5800 140.431
5900 143.098
6000 143.339
6100 144.309
6200 144.554
6300 144.554
6400 145.523
6500 146.25
6600 146.25
6700 146.492
6800 147.054
6900 147.709
7000 147.709
7100 148.223
7200 149.188
7300 149.188
7400 149.188
7500 151.476
7600 154.331
7700 154.638
7800 155.003
7900 158.902
8000 159.126
8100 160.1
8200 161.075
8300 161.075
8400 162.975
8500 162.975
8600 162.975
8700 164.939
8800 165.922
8900 167.093
9000 167.093
9100 169.056
9200 169.248
9300 170.038
9400 172.122
9500 172.192
9600 176.162
9700 176.819
9800 177.775
9900 178.443
10000 178.443
10100 179.12
10200 180.081
10300 181.32
10400 181.604
10500 182.65
10600 184.968
10700 184.968
10800 185.952
10900 186.936
11000 187.92
11100 188.098
11200 189.082
11300 189.082
11400 189.082
11500 190.066
11600 191.416
11700 191.606
11800 192.398
11900 192.398
12000 193.38
12100 197.003
12200 202.002
12300 203.002
12400 205.002
12500 206.039
12600 206.061
12700 206.087
12800 207.039
12900 210.117
13000 211.116
13100 212.191
13200 215.114
13300 215.114
13400 216.083
13500 218.083
13600 219.082
13700 220.145
13800 221.145
13900 221.183
14000 224.143
100 11
200 18.6815
300 25
400 30.0832
500 33.3766
600 37.2156
700 41.0122
800 44.1814
900 47.1699
1000 51.1566
1100 53.3385
1200 55.4437
1300 60.2993
1400 65.2763
1500 67.6018
1600 68.2642
1700 71.0211
1800 74.1485
1900 76.2955
2000 81.2158
2100 85.1587
2200 88.2836
2300 92.228
2400 95.1893
2500 98.9949
2600 99.985
2700 102.703
2800 103.586
2900 106.569
3000 107.299
3100 107.299
3200 110.291
3300 113.217
3400 114.28
3500 116.211
3600 118.068
3700 120.067
3800 123.037
3900 124.036
4000 125.036
4100 126.063
4200 128.035
4300 129.035
4400 129.035
4500 131.015
4600 133.034
4700 135.059
4800 136.059
4900 139.058
5000 142.056
5100 142.056
5200 146.055
5300 150.053
5400 151.053
5500 153.082
5600 156.013
5700 159.154
5800 165.012
5900 166.048
6000 167.027
6100 168.027
6200 168.027
6300 169.003
6400 170.003
6500 171.003
6600 172.003
6700 172.142
6800 173.185
6900 174.141
7000 176.139
7100 178.138
7200 179.137
7300 180.136
7400 180.178
7500 181.177
7600 181.397
7700 185.327
7800 187.385
7900 188.383
8000 189.447
8100 194.435
8200 195.433
8300 195.576
8400 197.57
8500 197.57
8600 197.649
8700 200.721
8800 203.796
8900 203.796
9000 205.789
9100 206.785
9200 209.774
9300 209.774
9400 212.763
9500 214.933
9600 215.752
9700 219.107
9800 219.107
9900 221.097
10000 222.092
10100 222.092
10200 223.188
10300 224.183
10400 225.282
10500 227.271
10600 228.265
10700 229.367
10800 229.367
10900 230.705
11000 232.813
11100 232.813
11200 232.813
11300 233.566
11400 234.559
11500 237.539
11600 239.76
11700 240.753
11800 241.746
11900 241.746
12000 241.868
12100 242.986
12200 245.098
12300 245.231
12400 245.367
12500 245.961
12600 246.221
12700 249.281
12800 249.281
12900 250.264
13000 250.264
13100 251.432
13200 252.602
13300 253.584
13400 254.757
13500 255.738
13600 255.738
13700 256.72
13800 258.683
13900 259.124
14000 260.837
100 13.1529
200 23.0217
300 26.1725
400 30.0167
500 35.0571
600 39.1152
700 43.0116
800 44.0114
900 47.0106
1000 48.8365
1100 54.037
1200 57.0351
1300 60.1332
1400 62.0725
1500 66
1600 70.0286
1700 72.0069
1800 74.027
1900 77.0065
2000 82.0061
2100 88.0057
2200 93
2300 99.0051
2400 100.005
2500 101.005
2600 103.005
2700 105.019
2800 106.005
2900 107.005
3000 109.458
3100 110.549
3200 114.529
3300 116.966
3400 118.95
3500 120.071
3600 121.655
3700 122.188
3800 124.78
3900 125.766
4000 127.738
4100 129.877
4200 133.004
4300 133.004
4400 133.18
4500 134.164
4600 134.347
4700 135.329
4800 135.915
4900 137.295
5000 139.262
5100 141.411
5200 142.58
5300 145.715
5400 146.891
5500 148.661
5600 151.796
5700 154.932
5800 156.707
5900 157.509
6000 159.477
6100 159.656
6200 160.1
6300 162.049
6400 163.025
6500 163.025
6600 163.783
6700 164.76
6800 166.544
6900 167.705
7000 168.345
7100 168.882
7200 169.859
7300 170.836
7400 171.82
7500 172.803
7600 174.195
7700 174.943
7800 176.921
7900 177.341
8000 180.878
8100 182.014
8200 183.308
8300 184.456
8400 185.284
8500 187.259
8600 188.404
8700 189.235
8800 190.224
8900 191.212
9000 193.342
9100 193.342
9200 194.33
9300 195.474
9400 199.424
9500 199.424
9600 201.556
9700 202.544
9800 203.531
9900 205.507
10000 207.483
10100 208.626
10200 208.626
10300 210.297
10400 211.142
10500 215.244
10600 218.213
10700 219.347
10800 221.326
10900 221.326
11000 222.524
11100 222.524
11200 222.612
11300 227.407
11400 227.407
11500 229.386
11600 229.386
11700 231.366
11800 231.51
11900 233.489
12000 233.489
12100 234.478
12200 235.468
12300 235.468
12400 235.468
12500 236.457
12600 239.134
12700 243.132
12800 244.131
12900 246.073
13000 249.05
13100 250.05
13200 252.05
13300 252.05
13400 253.049
13500 254.049
13600 255.071
13700 256.031
13800 256.125
13900 256.125
14000 258.031
100 11.3137
200 19.4165
300 23.7697
400 28.0179
500 31.1448
600 37.4433
700 38.4187
800 41.6773
900 44.9444
1000 47.0106
1100 49.3964
1200 51.264
1300 54.0833
1400 57.2451
1500 59.4643
1600 62.0322
1700 62.0322
1800 67.6757
1900 67.6757
2000 70.5195
2100 72.7324
2200 77.8332
2300 83.4865
2400 84.1546
2500 86.9253
2600 90.6201
2700 91.9239
2800 94.7048
2900 95.6347
3000 96.566
3100 97.4987
3200 99.7246
3300 101.769
3400 102.694
3500 105.475
3600 107.154
3700 109.252
3800 111.086
3900 112.361
4000 114.232
4100 115.694
4200 116.619
4300 119.269
4400 122.776
4500 123.713
4600 123.713
4700 129.356
4800 131.244
4900 133.195
5000 134.082
5100 137.244
5200 138.514
5300 140.407
5400 143.252
5500 143.569
5600 144.9
5700 145.839
5800 146.537
5900 146.751
6000 149.486
6100 150.785
6200 152.856
6300 154.029
6400 155.438
6500 155.438
6600 157.889
6700 158.827
6800 160.823
6900 163.982
7000 166.784
7100 167.141
7200 171.234
7300 172.169
7400 174.04
7500 174.631
7600 178.393
7700 180.613
7800 181.893
7900 183.439
8000 183.439
8100 183.439
8200 184.383
8300 184.383
8400 185.327
8500 185.946
8600 187.216
8700 187.545
8800 189.082
8900 189.497
9000 189.497
9100 190.003
9200 191.659
9300 193.259
9400 194.813
9500 194.813
9600 195.563
9700 196.977
9800 201.099
9900 202.529
10000 203.735
10100 204.944
10200 205.679
10300 207.625
10400 210.319
10500 210.319
10600 212.269
10700 212.72
10800 213.694
10900 213.694
11000 214.898
11100 214.898
11200 217.076
11300 218.284
11400 218.68
11500 219.659
11600 219.866
11700 219.866
11800 222.032
11900 223.009
12000 223.222
12100 223.987
12200 223.987
12300 225.942
12400 225.942
12500 226.921
12600 228.674
12700 228.674
12800 231.041
12900 232.019
13000 232.998
13100 233.976
13200 233.976
13300 234.753
13400 234.753
13500 235.733
13600 235.934
13700 238.097
13800 238.304
13900 240.054
14000 242.992
100 17.0294
200 24.0208
300 28.2843
400 34.1321
500 40.0125
600 47.0425
700 53.0377
800 59.0085
900 65.0692
1000 67.0075
1100 72.0069
1200 72.0625
1300 75.0067
1400 78.1601
1500 79.2275
1600 81.3019
1700 83.006
1800 85.0059
1900 88.5664
2000 91.5478
2100 96.5194
2200 97.5141
2300 100.499
2400 103.484
2500 108.78
2600 110.766
2700 114.529
2800 115.624
2900 118.512
3000 120.599
3100 120.814
3200 121.594
3300 121.594
3400 123.584
3500 125.674
3600 127.475
3700 128.472
3800 130.465
3900 131.381
4000 134.373
4100 137.295
4200 139.23
4300 141.174
4400 143.224
4500 145.221
4600 147.218
4700 147.218
4800 148.165
4900 149.164
5000 153.16
5100 156.259
5200 158.202
5300 159.154
5400 159.154
5500 163.11
5600 163.11
5700 165.109
5800 165.109
5900 166.108
6000 166.148
6100 168.193
6200 170.065
6300 172.052
6400 173.277
6500 174.393
6600 177.496
6700 177.496
6800 179.48
6900 180.472
7000 182.455
7100 183.448
7200 185.432
7300 185.432
7400 186.304
7500 187.297
7600 189.283
7700 191.269
7800 193.373
7900 193.373
8000 193.373
8100 193.373
8200 193.838
8300 194.833
8400 196.352
8500 197.57
8600 198.338
8700 199.449
8800 201.559
8900 203.553
9000 204.48
9100 206.475
9200 207.617
9300 208.694
9400 210.687
9500 211.766
9600 213.846
9700 215.752
9800 215.752
9900 216.834
10000 218.826
10100 220.275
10200 222.324
10300 223.439
10400 224.502
10500 224.502
10600 225.499
10700 226.433
10800 228.219
10900 228.37
11000 230.217
11100 232.175
11200 234.214
11300 235.213
11400 237.019
11500 239.41
11600 240.019
11700 241
11800 242.019
11900 242.019
12000 243.033
12100 245.033
12200 246.018
12300 248.008
12400 249.008
12500 249.018
12600 251
12700 252.052
12800 255.039
12900 256.035
13000 258.118
13100 259.208
13200 260.204
13300 261.297
13400 262.292
13500 263.097
13600 263.097
13700 263.492
13800 264.486
13900 265.481
14000 265.481
100 13.4164
200 20.8806
300 27.2029
400 32.311
500 36.7696
600 40.3113
700 43.9659
800 47.2017
900 49.5782
1000 55.0364
1100 59.9333
1200 63.5295
1300 66.6408
1400 68.0294
1500 70.7743
1600 73.8241
1700 77.2528
1800 81.4985
1900 84.119
2000 88.8876
2100 91.7606
2200 92.4446
2300 93.145
2400 94.3663
2500 97.7394
2600 98.7623
2700 100
2800 100.807
2900 101.637
3000 102.956
3100 104.087
3200 105.702
3300 108.342
3400 110.494
3500 111.826
3600 112.73
3700 116.778
3800 117.201
3900 119.013
4000 119.436
4100 120.748
4200 121.696
4300 122.495
4400 123.438
4500 124.487
4600 126.479
4700 128.561
4800 129.653
4900 131.461
5000 131.548
5100 132.458
5200 133.454
5300 133.454
5400 135.37
5500 135.37
5600 135.37
5700 137.295
5800 139.169
5900 140.289
6000 143
6100 145.774
6200 147.628
6300 150.416
6400 151.714
6500 153.212
6600 155.081
6700 157.305
6800 159.531
6900 159.891
7000 160.256
7100 162
7200 164.344
7300 166.087
7400 167
7500 168
7600 171
7700 172.003
7800 174.003
7900 175.003
8000 177.003
8100 179.011
8200 180.044
8300 181.044
8400 183.044
8500 184.043
8600 184.098
8700 185.132
8800 187.171
8900 191.212
9000 191.212
9100 192.211
9200 192.211
9300 194.209
9400 195.126
9500 196.207
9600 198.204
9700 200.202
9800 200.202
9900 200.202
10000 201.201
10100 202.2
10200 203.199
10300 204.198
10400 205.197
10500 206.243
10600 207.348
10700 208.346
10800 208.346
10900 210.152
11000 210.152
11100 210.152
11200 211.152
11300 211.192
11400 212.191
11500 212.236
11600 214.234
11700 216.187
11800 217.187
11900 219.185
12000 221.145
12100 223.143
12200 223.182
12300 225.142
12400 225.142
12500 226.142
12600 226.142
12700 227.141
12800 227.178
12900 228.14
13000 230.176
13100 232.175
13200 234.173
13300 234.173
13400 235.213
13500 235.213
13600 237.255
13700 239.209
13800 241.207
13900 242.167
14000 243.132
100 19.6469
200 29.7321
300 35.9026
400 46.3249
500 50.2892
600 56.6127
700 57.7235
800 61.8466
900 63.3246
1000 67.624
1100 74.1485
1200 76.1183
1300 83.0241
1400 84.8528
1500 84.8528
1600 88.8144
1700 89.9444
1800 90.934
1900 92.3959
2000 94.7629
2100 99.7246
2200 101.71
2300 103.586
2400 103.697
2500 107.49
2600 107.87
2700 109.882
2800 111.83
2900 113.78
3000 114.756
3100 115.412
3200 115.694
3300 116.559
3400 119.52
3500 120.507
3600 121.495
3700 122.188
3800 126.436
3900 128.725
4000 131.848
4100 132.019
4200 132.673
4300 133.66
4400 134.648
4500 135.3
4600 139.004
4700 140.357
4800 142.285
4900 146.342
5000 149.272
5100 150.27
5200 152.266
5300 154.263
5400 155.322
5500 156.387
5600 159.452
5700 161.608
5800 163.441
5900 164.438
6000 166.433
6100 168.502
6200 171.572
6300 173.488
6400 173.488
6500 176.479
6600 177.722
6700 179.338
6800 180.336
6900 184.272
7000 185.219
7100 187.171
7200 188.17
7300 188.322
7400 189.381
7500 190.318
7600 190.948
7700 192.044
7800 193.256
7900 197.231
8000 197.345
8100 199.218
8200 200.105
8300 203.089
8400 204.189
8500 204.299
8600 204.299
8700 205.078
8800 205.879
8900 205.973
9000 206.969
9100 207.87
9200 208.777
9300 210.609
9400 210.609
9500 210.609
9600 211.533
9700 212.53
9800 214.394
9900 215.102
10000 215.455
10100 217.389
10200 218.387
10300 218.387
10400 220.275
10500 222.272
10600 222.324
10700 223.323
10800 224.321
10900 224.321
11000 227.079
11100 229.079
11200 229.079
11300 230.078
11400 231.078
11500 232.078
11600 233.077
11700 234.034
11800 235.034
11900 239.019
12000 242.019
12100 244.018
12200 244.018
12300 245.018
12400 246.008
12500 246.008
12600 247.002
12700 248.008
12800 248.008
12900 249
13000 251
13100 251.002
13200 252
13300 253
13400 257.002
13500 259.031
13600 260.031
13700 260.069
13800 261.069
13900 261.069
14000 262.017
100 13
200 25.2982
300 28.7924
400 32.28
500 46.8722
600 49.8197
700 53.6004
800 56.0446
900 58.8727
1000 63.5295
1100 65.0308
1200 68.352
1300 70.0071
1400 72.7324
1500 73.6817
1600 77.4919
1700 79.6994
1800 80.6536
1900 82.5651
2000 84.2021
2100 86.6833
2200 89.56
2300 89.56
2400 90.5207
2500 93.6803
2600 94.255
2700 97.4166
2800 98.7623
2900 101.651
3000 104.293
3100 107.703
3200 109.202
3300 111.4
3400 112.089
3500 114.983
3600 116.662
3700 118.849
3800 120.603
3900 121.84
4000 122.528
4100 124.04
4200 126.242
4300 126.921
4400 128.736
4500 129.653
4600 132.189
4700 132.189
4800 133.135
4900 134.082
5000 135.03
5100 138.192
5200 138.192
5300 139.14
5400 139.14
5500 141.905
5600 145.88
5700 146.874
5800 148.862
5900 150.851
6000 151.845
6100 153.834
6200 154.829
6300 154.829
6400 155.824
6500 157.918
6600 158.912
6700 160.378
6800 163.371
6900 163.371
7000 165.303
7100 166.208
7200 168.19
7300 170.106
7400 171.105
7500 173.104
7600 177.045
7700 177.045
7800 178.045
7900 179.045
8000 180.044
8100 181.069
8200 184.024
8300 184.024
8400 187.024
8500 188.024
8600 188.024
8700 191.01
8800 192.003
8900 195.064
9000 195.126
9100 198.091
9200 200.122
9300 200.122
9400 200.16
9500 202.089
9600 204.088
9700 204.12
9800 204.12
9900 205.088
10000 205.088
10100 206.061
10200 206.061
10300 206.293
10400 208.06
10500 209.06
10600 210.021
10700 211.021
10800 211.116
10900 213.021
11000 213.021
11100 214.021
11200 217.021
11300 217.037
11400 218.037
11500 219.057
11600 222.081
11700 224.08
11800 225.08
11900 227.108
12000 227.108
12100 228.107
12200 228.107
12300 229.14
12400 231.078
12500 232.078
12600 233.137
12700 236.136
12800 238.17
12900 240.169
13000 240.169
13100 242.207
13200 244.131
13300 245.1
13400 247.099
13500 247.13
13600 249.128
13700 250.128
13800 252.161
13900 252.198
14000 254.238
100 13.1529
200 19
300 23.3452
400 28.2843
500 33.7343
600 35.6931
700 38.3275
800 41.2311
900 43.8292
1000 46.0652
1100 48.3735
1200 50.6063
1300 52.3546
1400 55.4707
1500 59.0339
1600 60.9016
1700 63.5295
1800 66.1891
1900 67.5352
2000 70.6824
2100 72.45
2200 74.7329
2300 78.7909
2400 82.8553
2500 84.8646
2600 85.7963
2700 88.3912
2800 91.5478
2900 93.1075
3000 95.462
3100 97.8621
3200 98.7927
3300 100.305
3400 102.883
3500 104.178
3600 105.475
3700 106.042
3800 107.564
3900 108.503
4000 109.932
4100 113.088
4200 113.088
4300 114.586
4400 115.879
4500 116.812
4600 118.962
4700 120.308
4800 122.589
4900 124.78
5000 126.127
5100 127.475
5200 128.825
5300 129.769
5400 131.488
5500 133.27
5600 134.648
5700 135.518
5800 137.321
5900 137.321
6000 137.321
6100 140.036
6200 141.852
6300 143.673
6400 146.014
6500 146.932
6600 148.142
6700 149.693
6800 150.233
6900 151.003
7000 153.235
7100 153.235
7200 153.388
7300 155.077
7400 156.78
7500 157.699
7600 159.013
7700 159.013
7800 159.931
7900 164.924
8000 165.846
8100 165.846
8200 166.235
8300 166.235
8400 169
8500 171.773
8600 172.699
8700 174.554
8800 176.233
8900 177.924
9000 177.924
9100 179.569
9200 180.499
9300 182.387
9400 184.231
9500 185.154
9600 187.003
9700 189.615
9800 190.003
9900 190.79
10000 191.708
10100 191.708
10200 192.005
10300 192.419
10400 193.546
10500 193.546
10600 194.466
10700 194.466
10800 195.387
10900 196.888
11000 196.888
11100 197.798
11200 198.708
11300 199.489
11400 200.36
11500 200.801
11600 202.684
11700 205.913
11800 206.422
11900 207.509
12000 209.659
12100 210.642
12200 212.002
12300 213.178
12400 216.317
12500 219.258
12600 219.258
12700 220.045
12800 221.219
12900 221.219
13000 221.219
13100 222.991
13200 222.991
13300 223.788
13400 225.754
13500 226.738
13600 227.899
13700 228.705
13800 228.886
13900 231.311
14000 231.657
100 13.6015
200 18.4391
300 23.7697
400 32.8938
500 35.7351
600 39.3954
700 42.4853
800 47.0106
900 49.7695
1000 51.264
1100 53.4883
1200 53.4883
1300 55.7136
1400 58.5235
1500 58.5235
1600 60.9262
1700 61.8466
1800 63.2456
1900 65.4599
2000 72.1249
2100 74.3303
2200 78.1601
2300 81.6088
2400 83.4865
2500 86.3308
2600 87.9318
2700 90.1388
2800 92.3472
2900 96.566
3000 97.1236
3100 98.6712
3200 98.6712
3300 100.578
3400 103.446
3500 103.446
3600 103.586
3700 105.948
3800 106.513
3900 107.564
4000 109.481
4100 111.4
4200 112.361
4300 113.323
4400 115.248
4500 116.482
4600 117.175
4700 119.708
4800 120.702
4900 123.406
5000 125.399
5100 126.396
5200 126.57
5300 128.472
5400 129.468
5500 130.465
5600 131.461
5700 131.461
5800 131.746
5900 134.451
6000 135.447
6100 136.444
6200 137.364
6300 138.322
6400 139.517
6500 140.289
6600 141.651
6700 141.908
6800 147.411
6900 147.411
7000 147.706
7100 151.822
7200 153.734
7300 154.984
7400 154.984
7500 155.589
7600 156.541
7700 156.895
7800 157.166
7900 158.758
8000 160.031
8100 161.307
8200 161.645
8300 162.25
8400 162.25
8500 162.25
8600 162.336
8700 163.193
8800 165.711
8900 166.58
9000 167.451
9100 168.324
9200 170.074
9300 172.708
9400 173.185
9500 173.666
9600 174.471
9700 175.824
9800 176.006
9900 176.502
10000 177.003
10100 178.474
10200 178.877
10300 179.388
10400 181.97
10500 181.97
10600 182.833
10700 182.833
10800 183.338
10900 183.338
11000 184.201
11100 184.201
11200 184.719
11300 185.432
11400 185.456
11500 187.171
11600 187.601
11700 189.029
11800 189.528
11900 190.767
12000 191.149
12100 192.023
12200 192.899
12300 193.383
12400 193.871
12500 194.538
12600 196.42
12700 197.01
12800 197.96
12900 200.449
13000 200.449
13100 201.725
13200 202.386
13300 203.354
13400 205.234
13500 205.234
13600 207.135
13700 207.135
13800 208.087
13900 209.038
14000 209.347
100 12.53
200 19.2354
300 25.4951
400 29.1548
500 32.6956
600 37.108
700 41
800 43.0465
900 47.5079
1000 51.1077
1100 54.3783
1200 58.6686
1300 62.2656
1400 68.6003
1500 70.7107
1600 72.9452
1700 73.4302
1800 75.591
1900 77.4145
2000 79.177
2100 81.6088
2200 86.4002
2300 88.8651
2400 90.2718
2500 92.1303
2600 96.1769
2700 98.4886
2800 100.319
2900 102.552
3000 107.154
3100 110.168
3200 113.318
3300 114.543
3400 115.451
3500 116.778
3600 117.686
3700 118.596
3800 119.013
3900 119.013
4000 123.491
4100 126.127
4200 130
4300 131.217
4400 133.154
4500 134.123
4600 136.821
4700 137.641
4800 137.928
4900 138.521
5000 142.046
5100 143.962
5200 143.962
5300 144.838
5400 145.784
5500 146.731
5600 146.731
5700 150.526
5800 151.489
5900 155.271
6000 159.063
6100 160.649
6200 160.649
6300 162.542
6400 164.438
6500 167.601
6600 168.55
6700 170.763
6800 172.409
6900 174.29
7000 175.231
7100 178.059
7200 180.278
7300 183.109
7400 184.383
7500 185.952
7600 187.555
7700 187.555
7800 188.51
7900 188.6
8000 188.6
8100 189.465
8200 193.582
8300 194.538
8400 195.494
8500 197.408
8600 197.408
8700 198.655
8800 199.249
8900 200.504
9000 201.457
9100 201.757
9200 202.082
9300 202.2
9400 204.318
9500 205.448
9600 205.876
9700 205.915
9800 206.828
9900 207.135
10000 207.762
10100 210.319
10200 211.294
10300 214.002
10400 215.195
10500 215.956
10600 217.366
10700 218.888
10800 218.888
10900 219.866
11000 221.822
11100 224.758
11200 224.964
11300 226.921
11400 226.921
11500 229.856
11600 230.274
11700 234.184
11800 236.14
11900 238.304
12000 238.304
12100 240.47
12200 241.238
12300 241.238
12400 242.099
12500 242.099
12600 244.049
12700 246.221
12800 247.196
12900 248.395
13000 248.622
13100 251.772
13200 252.745
13300 252.745
13400 252.976
13500 253.718
13600 255.666
13700 255.666
13800 257.841
13900 259.532
14000 259.532
100 12.1655
200 16.2788
300 23.0868
400 30.0832
500 35.7351
600 43.3244
700 48.1041
800 48.7647
900 51.4296
1000 56.2939
1100 57.4891
1200 59.4811
1300 60.4401
1400 62.0967
1500 64.0312
1600 65
1700 68.1542
1800 70.0928
1900 72.0347
2000 77.1298
2100 79.0759
2200 80.05
2300 84.1724
2400 86.885
2500 88.8426
2600 93.9415
2700 97.0824
2800 100.623
2900 100.807
3000 101.789
3100 104.346
3200 105.537
3300 107.079
3400 109.041
3500 110.345
3600 110.345
3700 112.178
3800 113.358
3900 115.317
4000 116.297
4100 120.033
4200 121.017
4300 124.149
4400 126.752
4500 128.082
4600 129.248
4700 130.231
4800 130.231
4900 130.231
5000 132.382
5100 132.575
5200 132.575
5300 134.536
5400 137.481
5500 137.931
5600 139.169
5700 140.812
5800 142.201
5900 143.837
6000 143.837
6100 144.81
6200 146.014
6300 146.25
6400 149.201
6500 149.913
6600 149.913
6700 150.748
6800 152.742
6900 154.858
7000 155.563
7100 155.621
7200 157.035
7300 157.153
7400 159.022
7500 159.022
7600 160.515
7700 162.641
7800 163.38
7900 164.794
8000 165.517
8100 166.307
8200 169.248
8300 169.248
8400 171.21
8500 175.328
8600 177.291
8700 177.685
8800 179.067
8900 179.694
9000 180.236
9100 181.218
9200 181.218
9300 183.183
9400 184.166
9500 185.149
9600 187.299
9700 188.282
9800 190.247
9900 193.197
10000 195.346
10100 196.329
10200 196.515
10300 198.479
10400 198.668
10500 199.65
10600 200.632
10700 203.394
10800 205.543
10900 206.712
11000 207.694
11100 207.694
11200 209.848
11300 210.829
11400 212.793
11500 213.776
11600 215.557
11700 217.706
11800 218.689
11900 220.302
12000 220.302
12100 221.287
12200 222.272
12300 223.913
12400 224.076
12500 225.062
12600 225.575
12700 225.887
12800 226.718
12900 228.528
13000 228.528
13100 229.513
13200 229.682
13300 231.51
13400 232.215
13500 233.206
13600 234.196
13700 234.196
13800 236.044
13900 236.044
14000 236.044
100 15.1327
200 21.1896
300 25.2982
400 29.4109
500 33.8378
600 36.4005
700 41.4849
800 45.3542
900 51.1566
1000 54.0833
1100 58.0775
1200 59.0339
1300 61.0328
1400 63.0079
1500 64.4981
1600 66.4831
1700 68.0661
1800 69.5845
1900 73.437
2000 76.531
2100 78.4092
2200 81.2219
2300 82.8734
2400 85.4751
2500 86.4696
2600 89.56
2700 91.5478
2800 92.7793
2900 93.6483
3000 95.7549
3100 95.7549
3200 95.8853
3300 97.5807
3400 98.8433
3500 103.238
3600 105.38
3700 106.104
3800 106.794
3900 106.794
4000 108.374
4100 109.124
4200 111.018
4300 111.018
4400 112.539
4500 112.787
4600 115.352
4700 116.692
4800 118.106
4900 119.52
5000 120.917
5100 123.762
5200 124.483
5300 129.402
5400 130.108
5500 132.276
5600 134.469
5700 134.469
5800 135.148
5900 136.517
6000 138.842
6100 142.948
6200 142.948
6300 143.892
6400 146.11
6500 148.327
6600 150.546
6700 151.822
6800 154.042
6900 154.042
7000 155.596
7100 158.146
7200 160.975
7300 162.865
7400 162.865
7500 163.811
7600 163.811
7700 169.071
7800 170.449
7900 171.172
8000 171.863
8100 172.586
8200 173.277
8300 173.971
8400 175.191
8500 177.598
8600 179.301
8700 180.569
8800 181.199
8900 183.098
9000 183.098
9100 185.648
9200 187.856
9300 187.856
9400 190.52
9500 191.481
9600 191.901
9700 191.901
9800 192.169
9900 192.169
10000 192.816
10100 195
10200 196.939
10300 196.939
10400 197.692
10500 197.692
10600 197.798
10700 200.449
10800 200.943
10900 201.326
11000 202.766
11100 203.961
11200 205.507
11300 205.913
11400 207.74
11500 209.571
11600 210.889
11700 211.804
11800 211.804
11900 212.207
12000 213.026
12100 213.937
12200 214.849
12300 214.849
12400 214.849
12500 215.474
12600 217.313
12700 219.155
12800 220.077
12900 220.077
13000 220.465
13100 222.697
13200 223.618
13300 224.54
13400 225.85
13500 225.85
13600 226.636
13700 226.771
13800 227.693
13900 227.693
14000 228.232
100 13.1529
200 30.5941
300 38.6394
400 41.5933
500 47.2969
600 51.4782
700 54.4518
800 55.5788
900 57.7235
1000 58.5235
1100 60.7289
1200 63.6003
1300 65.2534
1400 67.1863
1500 68.9638
1600 72.8011
1700 74.9466
1800 75.8947
1900 77.7946
2000 80.3243
2100 83.5703
2200 85.7963
2300 88.955
2400 90.6201
2500 95.0789
2600 97.8621
2700 99.1615
2800 103.247
2900 105.309
3000 105.849
3100 107.541
3200 109.005
3300 111.086
3400 112.925
3500 114.039
3600 115.741
3700 117.953
3800 120.42
3900 124.483
4000 126.716
4100 126.716
4200 127.534
4300 129.808
4400 130.035
4500 130.74
4600 131.59
4700 133.72
4800 136.854
4900 139.617
5000 141.032
5100 142.864
5200 143.781
5300 145.097
5400 146.014
5500 146.414
5600 148.003
5700 150.233
5800 152.086
5900 154.548
6000 154.945
6100 156.263
6200 159.154
6300 160.078
6400 161.385
6500 161.929
6600 161.929
6700 164.003
6800 164.003
6900 165.315
7000 167.943
7100 168.861
7200 171.094
7300 172.012
7400 176.477
7500 178.709
7600 178.709
7700 181.466
7800 182.923
7900 185.011
8000 186.85
8100 188.693
8200 194.466
8300 195.778
8400 195.923
8500 197.618
8600 199.462
8700 200.385
8800 200.928
8900 202.781
9000 205.565
9100 207.793
9200 209.093
9300 209.093
9400 211.152
9500 212.085
9600 213.019
9700 213.953
9800 215.081
9900 215.244
10000 217.313
10100 217.313
10200 218.048
10300 218.403
10400 219.338
10500 221.563
10600 221.563
10700 221.921
10800 224.147
10900 226.374
11000 229.172
11100 230.465
11200 232.332
11300 234.201
11400 237.008
11500 239.585
11600 241.106
11700 241.106
11800 242.745
11900 245.552
12000 245.904
12100 249.303
12200 249.303
12300 250.841
12400 252.464
12500 253.476
12600 254.342
12700 256.223
12800 256.223
12900 257.163
13000 258.105
13100 259.046
13200 259.046
13300 259.046
13400 259.988
13500 260.325
13600 263.181
13700 264.093
13800 265.919
13900 266.738
14000 267.649
100 13.4536
200 24.4131
300 29.5296
400 34.9285
500 40.1622
600 43.8634
700 48.3011
800 50.6952
900 54.7083
1000 59.4811
1100 61.9839
1200 64.846
1300 66.7608
1400 67.3573
1500 71.3092
1600 72.2772
1700 74.9533
1800 78.1025
1900 81.7435
2000 84.8999
2100 85.8662
2200 89.0225
2300 89.9889
2400 89.9889
2500 92.8924
2600 93.9628
2700 95.2103
2800 97.5141
2900 98.4886
3000 99.6895
3100 100.285
3200 103.16
3300 104.12
3400 105.361
3500 106.32
3600 106.607
3700 107.564
3800 108.24
3900 108.467
4000 110.027
4100 111.521
4200 112.894
4300 115.109
4400 115.676
4500 115.884
4600 118.849
4700 121.511
4800 124.964
4900 125.734
5000 127.016
5100 128.316
5200 129.835
5300 132.136
5400 132.91
5500 135.093
5600 139.807
5700 140
5800 140.602
5900 141.032
6000 141.032
6100 144.627
6200 145.245
6300 145.866
6400 147.272
6500 147.899
6600 151.212
6700 151.98
6800 153.525
6900 153.525
7000 154.693
7100 155.878
7200 156.486
7300 157.267
7400 158.902
7500 159.778
7600 162.413
7700 164.648
7800 166.003
7900 167.359
8000 167.359
8100 167.359
8200 168.505
8300 168.582
8400 170.883
8500 172.235
8600 172.708
8700 174.003
8800 174.003
8900 174.471
9000 174.943
9100 174.943
9200 175.824
9300 176.706
9400 178.059
9500 178.765
9600 180.768
9700 181.246
9800 182.603
9900 183.853
10000 184.567
10100 185.97
10200 188.112
10300 189.526
10400 190.924
10500 192.354
10600 195.208
10700 197.385
10800 198.116
10900 199.529
11000 200.998
11100 201.804
11200 203.384
11300 203.384
11400 205
11500 206.41
11600 207.714
11700 207.82
11800 208.581
11900 209.69
12000 210.44
12100 211.192
12200 211.192
12300 213.925
12400 213.925
12500 214.59
12600 216.002
12700 216.601
12800 217.276
12900 217.276
13000 217.607
13100 218.552
13200 219.244
13300 219.966
13400 221.353
13500 222.072
13600 222.767
13700 226.274
13800 227.407
13900 227.407
14000 229.244
100 16.0312
200 23.4094
300 29.5466
400 31.3847
500 34.6699
600 38.4838
700 44.2041
800 49.4975
900 51.788
1000 56.5155
1100 59.4811
1200 60.8769
1300 64.5368
1400 68.884
1500 71.8401
1600 72.6223
1700 75.1665
1800 76.5768
1900 78.6448
2000 80.6598
2100 82.807
2200 86.3134
2300 89.1403
2400 90.6091
2500 91.351
2600 92.8493
2700 96.2081
2800 98.3107
2900 99.0353
3000 100.499
3100 101.912
3200 102.728
3300 105.551
3400 108.374
3500 109.877
3600 110.635
3700 111.396
3800 112.929
3900 113.701
4000 113.701
4100 116.211
4200 119.808
4300 122.201
4400 124.278
4500 128.141
4600 130.633
4700 132.608
4800 133.776
4900 133.776
5000 133.776
5100 133.776
5200 135.093
5300 136.741
5400 138.398
5500 140.346
5600 142.056
5700 142.056
5800 143.126
5900 143.126
6000 144.516
6100 145.908
6200 148.122
6300 148.946
6400 149.03
6500 149.843
6600 150.336
6700 150.336
6800 150.659
6900 151.99
7000 153.101
7100 154.486
7200 154.486
7300 154.486
7400 154.486
7500 155.322
7600 156.16
7700 157
7800 158.382
7900 159.223
8000 163.371
8100 163.918
8200 164.754
8300 164.754
8400 167.8
8500 167.8
8600 168.074
8700 168.36
8800 168.656
8900 169.198
9000 170.344
9100 171.19
9200 171.724
9300 173.104
9400 174.634
9500 176.822
9600 178.757
9700 180.693
9800 181.662
9900 182.387
10000 182.387
10100 184.101
10200 184.101
10300 185.068
10400 185.068
10500 185.068
10600 187.257
10700 187.515
10800 188.828
10900 189.447
11000 189.708
11100 191.638
11200 192.603
11300 192.603
11400 193.83
11500 194.095
11600 194.178
11700 196.825
11800 199.06
11900 201.259
12000 202.148
12100 203.039
12200 204.824
12300 204.824
12400 204.824
12500 205.718
12600 207.509
12700 208.406
12800 208.849
12900 209.313
13000 211.092
13100 213.009
13200 213.009
13300 213.785
13400 215.058
13500 216.002
13600 216.947
13700 220.731
13800 224.522
13900 227.684
14000 230.222
100 13
200 20.6155
300 25.632
400 31.257
500 38.6005
600 41.7612
700 45.2217
800 48.3839
900 51.5461
1000 54.4243
1100 58.2495
1200 61.3922
1300 62.0967
1400 64.0312
1500 67.6831
1600 72.3671
1700 73.3485
1800 75.3127
1900 76.2955
2000 78.2624
2100 80.604
2200 83.5464
2300 84.5281
2400 89.4427
2500 92.3959
2600 94.541
2700 95.5249
2800 96.026
2900 98.0051
3000 99.7246
3100 100.717
3200 101.597
3300 103.247
3400 106.212
3500 110.168
3600 112.009
3700 113
3800 114.272
3900 115.974
4000 118.828
4100 118.828
4200 118.828
4300 120.839
4400 121.824
4500 124.904
4600 125.897
4700 127.566
4800 129.557
4900 132.544
5000 133.735
5100 135.831
5200 136.825
5300 139.807
5400 139.918
5500 141.152
5600 142.144
5700 142.172
5800 144.17
5900 144.17
6000 147.363
6100 147.801
6200 149.164
6300 151.119
6400 151.119
6500 152.118
6600 153.056
6700 153.082
6800 154.052
6900 155.029
7000 157.003
7100 159.665
7200 160.125
7300 161.505
7400 163.487
7500 164.478
7600 167.323
7700 170.426
7800 171.292
7900 173.159
8000 174.27
8100 174.27
8200 175.034
8300 176.028
8400 176.918
8500 177.248
8600 178.908
8700 180.898
8800 181
8900 182.989
9000 183.096
9100 186.078
9200 187.072
9300 187.182
9400 189.061
9500 190.055
9600 191.05
9700 191.672
9800 194.371
9900 195.021
10000 197.084
10100 199.251
10200 200.771
10300 201.534
10400 203.482
10500 205.762
10600 206.119
10700 207.531
10800 207.531
10900 209.468
11000 213.335
11100 213.335
11200 214.618
11300 216.206
11400 219.201
11500 219.611
11600 219.804
11700 222.623
11800 223.806
11900 223.806
12000 224.475
12100 226.685
12200 227.622
12300 228.659
12400 230.054
12500 230.868
12600 230.868
12700 231.925
12800 232.263
12900 235.529
13000 236.349
13100 237.171
13200 240.47
13300 242.128
13400 245.177
13500 246.564
13600 247.681
13700 249.9
13800 250.2
13900 251.34
14000 253.553
100 12.0416
200 18.2483
300 23
400 30
500 35
600 38.3275
700 41.3038
800 45.2769
900 50.2494
1000 54.231
1100 60.075
1200 62.1289
1300 63.0317
1400 67.0298
1500 68.0294
1600 69.857
1700 71.4703
1800 76.1643
1900 80.2247
2000 81.3019
2100 82.2192
2200 83.3847
2300 86.209
2400 86.209
2500 88.2043
2600 89.0898
2700 92.0869
2800 96.0833
2900 97.0464
3000 100.045
3100 104.043
3200 107.042
3300 107.042
3400 108.019
3500 111.018
3600 111.041
3700 114.07
3800 115.039
3900 116.039
4000 117.017
4100 118.068
4200 121.017
4300 123.004
4400 125.016
4500 126.036
4600 126.194
4700 128.035
4800 129.035
4900 129.035
5000 131.034
5100 131.309
5200 132.306
5300 132.378
5400 134.373
5500 135.3
5600 137.295
5700 139.291
5800 140.289
5900 142.225
6000 144.17
6100 144.222
6200 145.169
6300 147.085
6400 148.216
6500 149.272
6600 149.272
6700 150.213
6800 152.21
6900 154.208
7000 155.206
7100 157.258
7200 160.2
7300 161.152
7400 162.151
7500 162.308
7600 163.077
7700 163.306
7800 165.048
7900 166.048
8000 168.048
8100 168.048
8200 168.048
8300 169.027
8400 169.027
8500 171.003
8600 171.003
8700 172.012
8800 174.003
8900 175.011
9000 176.011
9100 177.071
9200 179.101
9300 179.137
9400 179.179
9500 180.044
9600 180.044
9700 182.395
9800 184.329
9900 187.323
10000 188.322
10100 189.447
10200 191.442
10300 193.313
10400 195.31
10500 197.307
10600 199.304
10700 199.304
10800 200.302
10900 200.422
11000 201.42
11100 202.485
11200 203.298
11300 204.296
11400 205.412
11500 206.197
11600 207.348
11700 210.402
11800 211.464
11900 211.606
12000 212.681
12100 212.763
12200 215.393
12300 215.393
12400 217.451
12500 218.449
12600 220.445
12700 223.439
12800 224.437
12900 225.435
13000 226.433
13100 227.431
13200 228.429
13300 230.489
13400 231.487
13500 232.622
13600 232.622
13700 235.614
13800 235.614
13900 237.356
14000 239.353
100 12.6491
200 19.3132
300 25.0599
400 28.7924
500 31.6228
600 35.1141
700 37.5366
800 40.3609
900 44.7772
1000 49.0408
1100 50.2892
1200 53.4509
1300 56.6127
1400 60.4401
1500 61.4003
1600 66.1891
1700 68.8767
1800 72.0139
1900 72.9178
2000 73.3553
2100 75.3127
2200 77.8781
2300 79.3095
2400 80.6226
2500 84.309
2600 85.235
2700 88.0227
2800 88.955
2900 90.824
3000 95.8801
3100 96.566
3200 98.1835
3300 100.17
3400 101.02
3500 102.083
3600 103.812
3700 105.948
3800 108.157
3900 108.167
4000 111.328
4100 112.579
4200 114.481
4300 116.709
4400 118.596
4500 119.541
4600 121.491
4700 123.329
4800 124.278
4900 127.13
5000 131.244
5100 132.563
5200 134.082
5300 135.351
5400 137.244
5500 138.827
5600 139.778
5700 140.089
5800 141.382
5900 144.25
6000 147.411
6100 147.411
6200 148.368
6300 148.368
6400 150
6500 150.217
6600 153.075
6700 154.331
6800 154.638
6900 155.901
7000 156.895
7100 157.166
7200 159.355
7300 160.328
7400 161.075
7500 162.274
7600 166.172
7700 168.122
7800 170.074
7900 173.22
8000 174.195
8100 176.148
8200 177.564
8300 180.488
8400 181.463
8500 182.661
8600 182.661
8700 184.092
8800 186.271
8900 188.958
9000 189.932
9100 191.88
9200 192.634
9300 195.489
9400 195.489
9500 195.489
9600 195.78
9700 197.307
9800 198.285
9900 199.472
10000 199.472
10100 199.685
10200 199.902
10300 200.592
10400 200.821
10500 202.596
10600 202.596
10700 202.596
10800 203.394
10900 203.578
11000 204.247
11100 204.793
11200 205.222
11300 207.171
11400 207.617
11500 209.612
11600 210.466
11700 211.684
11800 212.462
11900 212.462
12000 214.336
12100 214.394
12200 216.333
12300 218.33
12400 219.386
12500 221.382
12600 222.441
12700 222.441
12800 224.437
12900 225.435
13000 226.433
13100 226.433
13200 226.566
13300 227.563
13400 227.713
13500 229.706
13600 230.703
13700 231.7
13800 234.691
13900 234.691
14000 235.614
100 13.3417
200 21.0238
300 26.0768
400 29.6816
500 35
600 41.0122
700 45.2769
800 51.3128
900 56.0357
1000 59.0762
1100 59.9083
1200 61.6198
1300 65.9469
1400 68.884
1500 72.9178
1600 75.1665
1700 76.5768
1800 79.9062
1900 82.134
2000 82.134
2100 83.5464
2200 85.6329
2300 86.3134
2400 88.3912
2500 91.2414
2600 92.6553
2700 93.3488
2800 94.7629
2900 95.462
3000 96.1769
3100 99.0051
3200 100.419
3300 102.552
3400 103.966
3500 108.301
3600 109.604
3700 111.072
3800 111.866
3900 113.358
4000 114.11
4100 115.521
4200 116.043
4300 116.825
4400 120.42
4500 120.42
4600 122.201
4700 124.278
4800 125.1
4900 126.194
5000 126.491
5100 128.413
5200 130.633
5300 130.924
5400 131.469
5500 132.306
5600 134.536
5700 137.117
5800 139.635
5900 140.812
6000 140.812
6100 142.773
6200 143.736
6300 146.291
6400 146.492
6500 146.537
6600 147.146
6700 148.489
6800 149.466
6900 150.336
7000 151.463
7100 151.463
7200 153.444
7300 155.563
7400 157.686
7500 158.824
7600 158.978
7700 161.276
7800 161.276
7900 162.262
8000 164.754
8100 165.56
8200 165.56
8300 167.529
8400 169.499
8500 172.29
8600 173.277
8700 174.264
8800 174.522
8900 175.514
9000 176.505
9100 178.373
9200 178.373
9300 179.869
9400 180.854
9500 181.497
9600 182.321
9700 183.308
9800 184.621
9900 185.607
10000 186.473
10100 187.299
10200 188.664
10300 190.625
10400 192.876
10500 193.659
10600 194.281
10700 197.254
10800 198.04
10900 200.412
11000 201.814
11100 205.232
11200 208.216
11300 209.805
11400 210.801
11500 212.2
11600 212.2
11700 214.114
11800 215.52
11900 215.52
12000 216.633
12100 217.249
12200 217.249
12300 217.849
12400 221.815
12500 222.036
12600 222.407
12700 222.504
12800 223.573
12900 223.573
13000 224.143
13100 224.964
13200 225.535
13300 226.046
13400 226.046
13500 228.569
13600 230.217
13700 232.699
13800 233.529
13900 234.917
14000 235.476
100 15.5242
200 20.8806
300 24.0416
400 28.0713
500 34.0588
600 38.1838
700 42.45
800 44.1022
900 46.8615
1000 47.634
1100 49.8197
1200 52.469
1300 55.5788
1400 58.5491
1500 60.0167
1600 61.5224
1700 62.514
1800 65.4905
1900 68.2495
2000 69.2315
2100 74.5252
2200 77.1038
2300 79.0759
2400 82.201
2500 84.3445
2600 86.3134
2700 86.3134
2800 88.459
2900 89.627
3000 90.934
3100 92.0706
3200 96.1769
3300 99.2975
3400 99.2975
3500 101.119
3600 102.108
3700 106.042
3800 108.005
3900 111.018
4000 112.071
4100 116.017
4200 117.038
4300 121.037
4400 123.016
4500 127.016
4600 131.015
4700 133.004
4800 134.004
4900 135
5000 136
5100 139
5200 140.004
5300 141.014
5400 143.056
5500 145.014
5600 148.03
5700 151.013
5800 153.029
5900 153.029
6000 154.013
6100 156.013
6200 159.013
6300 160.028
6400 161.028
6500 162.028
6600 163.049
6700 163.077
6800 163.15
6900 166.193
7000 167.147
7100 170.144
7200 171.143
7300 173.046
7400 174.103
7500 176.102
7600 179.101
7700 180.1
7800 181.044
7900 182.176
8000 184.22
8100 187.171
8200 188.266
8300 188.266
8400 189.13
8500 191.167
8600 191.212
8700 192.211
8800 193.21
8900 195.256
9000 195.256
9100 196.367
9200 196.367
9300 198.363
9400 198.494
9500 199.565
9600 200.562
9700 203.553
9800 203.711
9900 205.623
10000 206.62
10100 206.62
10200 208.866
10300 210.858
10400 213.677
10500 213.677
10600 214.674
10700 216.668
10800 217.83
10900 218.323
11000 219.823
11100 219.911
11200 221.732
11300 223.087
11400 223.895
11500 226.883
11600 226.883
11700 226.883
11800 226.883
11900 226.883
12000 226.991
12100 227.794
12200 228.116
12300 228.116
12400 228.116
12500 231.089
12600 233.071
12700 235.325
12800 236.315
12900 238.437
13000 240.56
13100 240.56
13200 240.56
13300 242.539
13400 242.539
13500 244.518
13600 245.367
13700 246.357
13800 248.204
13900 248.338
14000 248.338
100 11.1803
200 20.2237
300 26.0192
400 29.0172
500 36.1248
600 37.2156
700 41.7732
800 47.8017
900 52.4976
1000 57.28
1100 59.7746
1200 62.0322
1300 65.7875
1400 69.2604
1500 69.2892
1600 72.45
1700 74.0945
1800 77.6209
1900 81.1542
2000 83.7735
2100 85.6154
2200 86.0058
2300 88.5664
2400 89.8999
2500 92.1303
2600 92.1303
2700 93.4719
2800 95.2733
2900 96.1509
3000 99.2824
3100 100.185
3200 101.074
3300 101.533
3400 103.354
3500 105.119
3600 105.119
3700 106.607
3800 108.24
3900 109.895
4000 112.112
4100 113.759
4200 114.948
4300 116.297
4400 116.297
4500 119.57
4600 122.723
4700 125.399
4800 126.147
4900 127.577
5000 127.816
5100 129.294
5200 130.507
5300 132.004
5400 133.959
5500 134.172
5600 136.341
5700 137.873
5800 137.873
5900 138.654
6000 139.714
6100 141.23
6200 142.864
6300 143.837
6400 145.523
6500 145.523
6600 147.513
6700 148.489
6800 148.489
6900 149.255
7000 150.233
7100 151.212
7200 152.611
7300 156.518
7400 157.496
7500 159.878
7600 161.075
7700 162.049
7800 163.478
7900 163.713
8000 164.685
8100 165.17
8200 166.388
8300 169.544
8400 171.479
8500 173.416
8600 175.354
8700 175.354
8800 179.011
8900 179.978
9000 182.168
9100 184.101
9200 184.101
9300 186.035
9400 186.55
9500 187.481
9600 188.452
9700 190.394
9800 192.338
9900 192.575
10000 192.575
10100 192.72
10200 194.247
10300 194.247
10400 194.247
10500 194.247
10600 195.205
10700 196.163
10800 196.743
10900 198.366
11000 200.449
11100 201.427
11200 203.16
11300 204.12
11400 205.645
11500 206.603
11600 206.737
11700 207.183
11800 207.885
11900 209.038
12000 209.99
12100 211.249
12200 212.509
12300 212.509
12400 212.822
12500 212.822
12600 213.138
12700 214.406
12800 215.353
12900 215.353
13000 215.353
13100 215.641
13200 216.622
13300 217.61
13400 218.888
13500 219.228
13600 220.771
13700 222.657
13800 222.657
13900 224.876
14000 225.819
100 15.2315
200 22.2036
300 29.4109
400 32.7567
500 36.6742
600 40.8534
700 43.6578
800 46.2385
900 52.8015
1000 54.7814
1100 57.5847
1200 61.4003
1300 64.846
1400 66.7608
1500 67.72
1600 71.5681
1700 73.3757
1800 74.9533
1900 77.8781
2000 78.8543
2100 80.604
2200 85.703
2300 86.122
2400 88.6454
2500 94.541
2600 95.352
2700 100.285
2800 104.087
2900 108.046
3000 109.179
3100 111.629
3200 113.437
3300 118.533
3400 123.628
3500 124.78
3600 129.066
3700 129.437
3800 130.817
3900 132.22
4000 133.881
4100 135.713
4200 137.277
4300 140.036
4400 141.792
4500 142.773
4600 143.951
4700 144.734
4800 147.679
4900 151.608
5000 152.971
5100 154.557
5200 155.541
5300 156.525
5400 157.509
5500 157.509
5600 158.474
5700 160.431
5800 161.409
5900 161.83
6000 166.928
6100 166.928
6200 169.65
6300 173.367
6400 176.505
6500 177.685
6600 179.644
6700 182.39
6800 185.526
6900 185.526
7000 187.115
7100 190.066
7200 193.018
7300 194.363
7400 194.363
7500 195.346
7600 197.942
7700 199.462
7800 201.427
7900 205.361
8000 208.312
8100 209.938
8200 211.747
8300 214.401
8400 214.553
8500 216.234
8600 218.213
8700 218.213
8800 221.183
8900 223.305
9000 225.284
9100 228.254
9200 229.107
9300 232.08
9400 232.94
9500 233.345
9600 233.345
9700 234.335
9800 234.335
9900 235.325
10000 237.306
10100 238.296
10200 238.296
10300 239.151
10400 241.847
10500 241.994
10600 243.977
10700 243.977
10800 245.837
10900 246.83
11000 246.83
11100 246.941
11200 248.697
11300 249.231
11400 251.205
11500 251.348
11600 252.448
11700 252.448
11800 253.442
11900 255.539
12000 256.533
12100 257.109
12200 259.069
12300 260.837
12400 260.837
12500 261.819
12600 263.41
12700 263.41
12800 264.394
12900 265.377
13000 267.344
13100 268.328
13200 269.312
13300 272.265
13400 275.218
13500 275.862
13600 276.848
13700 277.363
13800 279.331
13900 282.285
14000 284.255
100 12.0416
200 18.6815
300 22.0907
400 27.313
500 30.0167
600 37.1618
700 42.9535
800 44.2945
900 48.3735
1000 52.3927
1100 55.1543
1200 55.5428
1300 57.0088
1400 60.7454
1500 62.6259
1600 64.5368
1700 66.0681
1800 68.2495
1900 70.2922
2000 71.8401
2100 72.2496
2200 75.9539
2300 78.6448
2400 79.0759
2500 81.0494
2600 85.8429
2700 86.8332
2800 88.0738
2900 88.8144
3000 91.9239
3100 94.8947
3200 97.7394
3300 100.13
3400 103.247
3500 107.355
3600 109.179
3700 111.803
3800 113.283
3900 115.261
4000 119.218
4100 121.495
4200 123.179
4300 124.169
4400 124.904
4500 126.151
4600 126.775
4700 127.769
4800 129.252
4900 132.412
5000 134.183
5100 136
5200 138.196
5300 141.354
5400 141.354
5500 143.126
5600 143.126
5700 144.451
5800 147.136
5900 147.136
6000 147.597
6100 149.833
6200 152.069
6300 152.506
6400 152.506
6500 154.742
6600 156.525
6700 158.345
6800 159.211
6900 162.604
7000 163.689
7100 165.68
7200 166.964
7300 168.716
7400 171.047
7500 172.905
7600 175.277
7700 176.301
7800 178.877
7900 179.047
8000 179.739
8100 181.397
8200 183.393
8300 183.619
8400 186.387
8500 186.387
8600 187.83
8700 188.725
8800 190.518
8900 191.951
9000 191.951
9100 192.754
9200 194.659
9300 197.649
9400 197.821
9500 198.124
9600 199.023
9700 200.36
9800 201.718
9900 201.718
10000 203.066
10100 203.531
10200 204.619
10300 205.412
10400 206.022
10500 206.206
10600 207.608
10700 209.01
10800 212.002
10900 212.002
11000 212.608
11100 215.188
11200 216.095
11300 217.849
11400 218.753
11500 220.084
11600 222.38
11700 225.109
11800 227.844
11900 229.085
12000 230.413
12100 230.413
12200 230.413
12300 231.262
12400 231.262
12500 232.166
12600 233.465
12700 233.465
12800 233.857
12900 234.776
13000 235.308
13100 236.231
13200 237.154
13300 237.154
13400 239.002
13500 239.385
13600 240.16
13700 240.693
13800 242.706
13900 242.706
14000 243.633
100 13.4536
200 19.2354
300 24.4131
400 28.4429
500 35.0143
600 40.0125
700 44
800 47.0956
900 49.4975
1000 51.4782
1100 56.0803
1200 62.0725
1300 66.1891
1400 70.3491
1500 76.2365
1600 79.404
1700 81.4985
1800 83.6002
1900 88.6848
2000 92.0706
2100 95.1893
2200 99.1413
2300 102.591
2400 105.906
2500 109.179
2600 110.168
2700 111.306
2800 111.306
2900 115.572
3000 117.546
3100 119.854
3200 120.507
3300 122
3400 122.984
3500 125.447
3600 127.424
3700 129.259
3800 131.381
3900 132.231
4000 133.222
4100 135.665
4200 137.058
4300 138.177
4400 140.293
4500 140.577
4600 143.402
4700 144.128
4800 145
4900 145.993
5000 146.986
5100 147.868
5200 149.967
5300 151.845
5400 152.84
5500 154.829
5600 158.71
5700 158.808
5800 160.798
5900 163.689
6000 163.884
6100 163.884
6200 164.368
6300 167.362
6400 170.356
6500 171.353
6600 172.29
6700 172.351
6800 172.491
6900 173.566
7000 174.562
7100 176.479
7200 178.55
7300 179.471
7400 183.461
7500 185.456
7600 186.526
7700 189.518
7800 190.515
7900 193.507
8000 195.433
8100 195.433
8200 196.431
8300 196.652
8400 198.645
8500 200.562
8600 201.636
8700 202.556
8800 202.633
8900 203.63
9000 205.879
9100 206.969
9200 208.959
9300 211.149
9400 213.759
9500 215.671
9600 218.662
9700 220.819
9800 223.647
9900 223.808
10000 224.804
10100 224.804
10200 225.078
10300 228.37
10400 228.37
10500 228.37
10600 229.369
10700 229.428
10800 232.364
10900 232.364
11000 233.362
11100 233.362
11200 233.42
11300 234.361
11400 236.358
11500 237.356
11600 239.353
11700 240.3
11800 242.25
11900 244.248
12000 244.248
12100 245.247
12200 246.246
12300 247.245
12400 249.289
12500 249.339
12600 250.392
12700 253.334
12800 253.334
12900 254.386
13000 255.282
13100 256.281
13200 259.278
13300 261.276
13400 262.322
13500 263.321
13600 263.372
13700 263.372
13800 263.427
13900 265.424
14000 265.424
100 15.2971
200 18.0278
300 26.0192
400 31.4006
500 33.4215
600 35.9026
700 41.7732
800 44.9222
900 48.5077
1000 55.0273
1100 60.0833
1200 63.3246
1300 65.521
1400 65.8027
1500 70.6116
1600 73.4983
1700 74.7262
1800 76.922
1900 80.6536
2000 80.6536
2100 82.8613
2200 83.8153
2300 85.0706
2400 87.2812
2500 87.6641
2600 91.1811
2700 91.9239
2800 93.4077
2900 94.541
3000 96.0208
3100 97.8621
3200 100.09
3300 101.02
3400 102.122
3500 102.883
3600 104.752
3700 106.977
3800 107.912
3900 108.849
4000 109.005
4100 111.005
4200 112.018
4300 114.49
4400 114.826
4500 116.108
4600 117
4700 118.004
4800 119.004
4900 121.078
5000 122.004
5100 122.25
5200 124.258
5300 124.258
5400 125.196
5500 126.194
5600 128.016
5700 129.139
5800 131.137
5900 132.015
6000 133.135
6100 135.004
6200 135.093
6300 135.093
6400 137.033
6500 137.179
6600 140.129
6700 142.127
6800 144.056
6900 147.031
7000 148.03
7100 148.054
7200 150.053
7300 152.118
7400 152.21
7500 153.264
7600 153.395
7700 155.464
7800 157.204
7900 158.455
8000 158.455
8100 160.153
8200 162.865
8300 163.817
8400 165.424
8500 166.652
8600 167.92
8700 168.244
8800 168.55
8900 170.461
9000 171.082
9100 172.029
9200 172.105
9300 175.103
9400 175.103
9500 176.102
9600 176.139
9700 178.138
9800 179.137
9900 180.178
10000 181.224
10100 181.224
10200 182.222
10300 183.221
10400 185.173
10500 185.173
10600 186.172
10700 187.171
10800 187.171
10900 188.17
11000 189.169
11100 189.169
11200 189.214
11300 190.379
11400 192.315
11500 192.315
11600 193.313
11700 194.312
11800 196.308
11900 196.367
12000 197.307
12100 199.04
12200 200.04
12300 203.039
12400 205.039
12500 205.039
12600 206.022
12700 206.022
12800 207.022
12900 207.155
13000 209.153
13100 210.152
13200 210.193
13300 211.192
13400 211.192
13500 213.19
13600 215.281
13700 217.279
13800 217.389
13900 218.33
14000 219.584
100 14.2127
200 17.2627
300 24.0832
400 30.6105
500 35.8469
600 41.1825
700 46.8722
800 51.6236
900 57.8014
1000 60.5392
1100 63.1348
1200 66.242
1300 67.6018
1400 68.884
1500 71.8471
1600 77.1038
1700 81.3941
1800 83.3847
1900 84.3801
2000 87.367
2100 90.3549
2200 94.2603
2300 96.2549
2400 97.1288
2500 98.1835
2600 100.18
2700 103.121
2800 106.075
2900 110.073
3000 111.113
3100 112.285
3200 114.039
3300 115.352
3400 116.039
3500 118.068
3600 119.004
3700 120.004
3800 121.004
3900 124.004
4000 126.004
4100 126.036
4200 127.098
4300 128.141
4400 130.188
4500 131.187
4600 134.183
4700 137.179
4800 140.175
4900 141.174
5000 142.285
5100 143.349
5200 144.499
5300 146.578
5400 147.489
5500 147.868
5600 149.967
5700 152.453
5800 153.47
5900 154.467
6000 155.464
6100 158.398
6200 159.389
6300 160.381
6400 160.381
6500 162.496
6600 162.496
6700 164.149
6800 167.147
6900 168.107
7000 168.107
7100 168.19
7200 169.189
7300 169.189
7400 173.026
7500 175.026
7600 177.025
7700 181.025
7800 182.025
7900 182.044
8000 184.003
8100 184.003
8200 185.068
8300 187.003
8400 188.024
8500 190.024
8600 191.042
8700 191.042
8800 192.023
8900 193
9000 194
9100 194.003
9200 196
9300 197.091
9400 198.091
9500 201.122
9600 204.12
9700 205.119
9800 206.155
9900 209.153
10000 211.192
10100 212.191
10200 214.189
10300 215.114
10400 216.113
10500 216.148
10600 216.148
10700 217.389
10800 218.33
10900 218.387
11000 218.387
11100 220.581
11200 221.578
11300 221.578
11400 223
11500 223.081
11600 224.109
11700 224.502
11800 226.108
11900 228.107
12000 229.14
12100 230.139
12200 233.137
12300 234.137
12400 235.136
12500 235.213
12600 235.213
12700 237.255
12800 237.255
12900 238.254
13000 239.301
13100 240.3
13200 240.3
13300 241.406
13400 243.347
13500 243.347
13600 245.294
13700 245.294
13800 246.293
13900 248.29
14000 249.289
100 13.9284
200 21.8403
300 27.2029
400 30.0832
500 33.2415
600 37
700 43.8634
800 45.31
900 47.0106
1000 50.8035
1100 55.4437
1200 59.0762
1300 60.075
1400 65.123
1500 68.1836
1600 70.1142
1700 71.1126
1800 73.1095
1900 76.1052
2000 77.1038
2100 80.0999
2200 82.0975
2300 82.0975
2400 85.0529
2500 87.0517
2600 88.459
2700 92.0869
2800 94.0851
2900 95.0842
3000 98.0816
3100 102.108
3200 103.947
3300 104.938
3400 106.212
3500 107.201
3600 111.158
3700 111.158
3800 111.158
3900 111.893
4000 113.217
4100 114.543
4200 114.543
4300 115.871
4400 115.871
4500 117.652
4600 119.541
4700 120.487
4800 123.628
4900 124.78
5000 124.78
5100 126.752
5200 128.316
5300 130.924
5400 131.214
5500 132.382
5600 133.364
5700 134.347
5800 134.48
5900 137.058
6000 140.161
6100 141.152
6200 143.014
6300 145.88
6400 146.874
6500 146.986
6600 149.091
6700 150.083
6800 152.319
6900 154.302
7000 154.302
7100 155.425
7200 155.425
7300 158.269
7400 158.269
7500 161.771
7600 163.233
7700 164.201
7800 166.111
7900 167.093
8000 168.467
8100 169.056
8200 170.836
8300 171.02
8400 172.192
8500 173.173
8600 174.347
8700 175.525
8800 176.4
8900 176.505
9000 178.869
9100 179.078
9200 179.293
9300 182.439
9400 183.415
9500 183.415
9600 183.415
9700 184.177
9800 184.391
9900 186.344
10000 187.537
10100 187.758
10200 189.489
10300 189.489
10400 191.442
10500 193.961
10600 194.941
10700 196.705
10800 197.687
10900 199.06
11000 202
11100 203.18
11200 203.961
11300 205.139
11400 206.119
11500 206.119
11600 208.079
11700 209.06
11800 211.218
11900 211.419
12000 212.398
12100 212.398
12200 215.745
12300 217.702
12400 218.68
12500 218.68
12600 220.638
12700 220.638
12800 220.844
12900 221.822
13000 222.596
13100 224.199
13200 227.13
13300 228.537
13400 230.274
13500 231.251
13600 232.228
13700 232.228
13800 235.162
13900 235.162
14000 235.587
100 15
200 22.561
300 31.4006
400 35.5106
500 40.6079
600 43.4166
700 48.5077
800 51.788
900 51.9711
1000 54.8179
1100 59.6657
1200 62.5859
1300 69.6348
1400 72.8011
1500 74.7329
1600 76.6551
1700 79.0569
1800 80.9568
1900 82.0792
2000 83.1685
2100 85.7263
2200 87.7268
2300 89.4707
2400 93.9628
2500 95.2103
2600 97.4166
2700 98.6712
2800 100.881
2900 102.786
3000 104.695
3100 107.703
3200 110.86
3300 111.83
3400 113.759
3500 117.175
3600 117.631
3700 118.68
3800 119.369
3900 119.369
4000 120.333
4100 120.603
4200 121.565
4300 122.528
4400 124.908
4500 125.032
4600 126.846
4700 126.846
4800 127.632
4900 129.375
5000 133.6
5100 134.462
5200 135.326
5300 137.201
5400 138.423
5500 139.086
5600 140.656
5700 141.524
5800 142.394
5900 143.265
6000 146.373
6100 147.248
6200 148.946
6300 148.946
6400 150.296
6500 153.473
6600 153.473
6700 155.708
6800 158.42
6900 159.778
7000 161.533
7100 163.768
7200 165.605
7300 165.605
7400 167.451
7500 168.814
7600 170.672
7700 172.038
7800 173.28
7900 175.514
8000 175.514
8100 175.514
8200 176.647
8300 178.017
8400 178.017
8500 178.53
8600 180.71
8700 180.71
8800 182.321
8900 184.7
9000 184.7
9100 186.489
9200 187.107
9300 188.82
9400 189.621
9500 191.416
9600 192.315
9700 193.215
9800 195.018
9900 195.018
10000 195.921
10100 195.921
10200 196.4
10300 198.215
10400 198.215
10500 198.215
10600 200.532
10700 203.273
10800 203.273
10900 203.273
11000 203.679
11100 204.592
11200 205.828
11300 206.022
11400 208.403
11500 211.206
11600 212.002
11700 213.403
11800 214.009
11900 214.805
12000 215.601
12100 216.206
12200 216.206
12300 217.002
12400 218.403
12500 218.403
12600 220.204
12700 221.009
12800 222.407
12900 222.407
13000 223.403
13100 224.698
13200 227.106
13300 229.896
13400 232.691
13500 233.054
13600 233.624
13700 234.557
13800 234.557
13900 234.557
14000 235.136
100 14.8661
200 26.0768
300 33.0606
400 38.0132
500 44.1022
600 48.5077
700 51.4782
800 54.3323
900 57.8705
1000 62.8013
1100 65.307
1200 71.3863
1300 75.3127
1400 77.2787
1500 81.3941
1600 83.3607
1700 88.7694
1800 89.9889
1900 93.145
2000 94.8314
2100 97.1648
2200 100.424
2300 101.39
2400 105.361
2500 107.28
2600 107.856
2700 109.895
2800 113.6
2900 115.248
3000 116.211
3100 117.835
3200 120.071
3300 121.565
3400 122.972
3500 126.127
3600 129.283
3700 129.283
3800 134.123
3900 134.123
4000 138.004
4100 139.946
4200 141.891
4300 141.891
4400 143.611
4500 146.322
4600 147.299
4700 151.212
4800 153.17
4900 154.149
5000 155.913
5100 157.69
5200 160.639
5300 162.432
5400 162.607
5500 165.387
5600 166.373
5700 166.904
5800 169.056
5900 170.229
6000 171.607
6100 174.545
6200 176.706
6300 180.427
6400 181.408
6500 182.39
6600 182.784
6700 183.763
6800 186.561
6900 187.758
7000 190.683
7100 190.683
7200 191.659
7300 194.587
7400 194.587
7500 196.461
7600 198.154
7700 203.973
7800 204.944
7900 206.4
8000 209.554
8100 210.772
8200 212.25
8300 212.96
8400 213.677
8500 216.585
8600 216.585
8700 216.585
8800 217.862
8900 218.826
9000 219.829
9100 221.678
9200 223.946
9300 227.108
9400 229.976
9500 231.89
9600 232.848
9700 234.764
9800 236.681
9900 236.966
10000 236.966
10100 238.799
10200 239.754
10300 240.709
10400 243.578
10500 245.491
10600 246.449
10700 246.449
10800 248.081
10900 250.96
11000 252.606
11100 254.804
11200 254.804
11300 256.727
11400 256.727
11500 257.69
11600 258.652
11700 260.849
11800 261.811
11900 261.966
12000 262.084
12100 264.282
12200 265.243
12300 266.205
12400 268.129
12500 270.054
12600 270.054
12700 271.017
12800 272.25
12900 275.138
13000 276.101
13100 278.029
13200 278.993
13300 278.993
13400 280.66
13500 282.335
13600 285.708
13700 286.435
13800 288.617
13900 289.588
14000 292.5
100 14.0357
200 19.3132
300 23.0868
400 27.2029
500 31.0483
600 35.171
700 39.8121
800 41.4367
900 46.3897
1000 49.2544
1100 54.3323
1200 55.3263
1300 57.5587
1400 60.531
1500 63.0714
1600 64.0078
1700 67
1800 69.0652
1900 72.0278
2000 73.2462
2100 74.108
2200 75.71
2300 78.0577
2400 79.0569
2500 80.0999
2600 82.7103
2700 84.4808
2800 86.093
2900 88.0511
3000 90.2441
3100 93.1719
3200 96.1041
3300 96.5401
3400 97.2934
3500 98.27
3600 99.4636
3700 100.896
3800 100.896
3900 103.586
4000 103.812
4100 104.561
4200 106.042
4300 107.28
4400 109.238
4500 110.023
4600 111.987
4700 112.969
4800 113.952
4900 114.935
5000 116.902
5100 116.902
5200 119.683
5300 121.495
5400 123.794
5500 123.968
5600 125.132
5700 126.436
5800 128.265
5900 128.456
6000 130.25
6100 131.107
6200 132.098
6300 132.966
6400 134.733
6500 135.713
6600 135.915
6700 136.938
6800 139.635
6900 139.635
7000 141.014
7100 141.014
7200 143.178
7300 144.156
7400 145.344
7500 146.758
7600 148.933
7700 149.683
7800 153.056
7900 155.467
8000 156.205
8100 159.355
8200 159.355
8300 161.771
8400 162.742
8500 165.656
8600 166.628
8700 167.601
8800 167.836
8900 169.779
9000 170.074
9100 171.05
9200 172.026
9300 172.586
9400 173.003
9500 174.748
9600 175.727
9700 175.727
9800 176.148
9900 178.317
10000 179.969
10100 180.942
10200 181.417
10300 183.12
10400 184.092
10500 186.754
10600 187.003
10700 187.971
10800 188.223
10900 189.908
11000 189.908
11100 190.158
11200 190.633
11300 192.346
11400 193.83
11500 195.76
11600 196.987
11700 197.185
11800 198.487
11900 199.882
12000 200
12100 200.96
12200 202.882
12300 202.882
12400 203.16
12500 203.16
12600 204.6
12700 205.407
12800 205.866
12900 209.16
13000 209.16
13100 211.149
13200 213.138
13300 215.232
13400 216.227
13500 218.014
13600 218.014
13700 218.014
13800 219.009
13900 219.659
14000 220.581
100 17.4642
200 25.0799
300 29.4279
400 34.5254
500 38.4838
600 43.382
700 51.4296
800 55.9464
900 57.6975
1000 64.0781
1100 66.5733
1200 69.1158
1300 72.4017
1400 75.8024
1500 78.032
1600 79.6116
1700 82.0061
1800 83.4086
1900 85.9127
2000 87.0057
2100 89.3588
2200 92.4392
2300 93.6483
2400 95.8801
2500 97.1288
2600 100.722
2700 103.769
2800 106.005
2900 107.355
3000 107.782
3100 108.227
3200 109.179
3300 111.018
3400 111.893
3500 113.649
3600 115.004
3700 118.533
3800 122.119
3900 123.309
4000 124.868
4100 125.718
4200 129.321
4300 131.027
4400 131.548
4500 133.462
4600 134.332
4700 135.831
4800 136.858
4900 137.768
5000 139.086
5100 140.132
5200 140.982
5300 140.982
5400 142.888
5500 144.506
5600 145.798
5700 146.263
5800 149.833
5900 149.883
6000 151.638
6100 152.542
6200 154.26
6300 155.978
6400 156.732
6500 158.685
6600 158.902
6700 160.59
6800 160.59
6900 162.413
7000 164.247
7100 167.839
7200 167.839
7300 170.95
7400 170.95
7500 172.003
7600 175.824
7700 177.124
7800 178.474
7900 180.247
8000 181.135
8100 182.915
8200 182.915
8300 183.371
8400 184.261
8500 184.296
8600 184.296
8700 185.151
8800 186.497
8900 190.066
9000 190.066
9100 190.961
9200 190.961
9300 191.857
9400 192.354
9500 193.197
9600 194.551
9700 195.451
9800 199.06
9900 199.489
10000 200.392
10100 201.259
10200 203.961
10300 203.961
10400 204.394
10500 205.73
10600 206.17
10700 206.613
10800 207.87
10900 209.246
11000 209.246
11100 209.246
11200 209.459
11300 209.459
11400 211.376
11500 212.325
11600 213.122
11700 213.974
11800 215.604
11900 219.347
12000 219.347
12100 220.511
12200 221.894
12300 222.441
12400 222.441
12500 222.443
12600 222.443
12700 223.754
12800 224.439
12900 225.535
13000 225.869
13100 226.874
13200 227.982
13300 228.022
13400 230.098
13500 230.098
13600 231.089
13700 233.893
13800 236.681
13900 238.891
14000 240.052
100 16.4924
200 25.0799
300 33.0606
400 42.0119
500 46.0109
600 50.04
700 57.0789
800 61.0737
900 63.2851
1000 69.2604
1100 72.4431
1200 78.4092
1300 78.5175
1400 81.3941
1500 83.3847
1600 88.5664
1700 91.351
1800 95.0842
1900 96.5194
2000 99.0808
2100 101.079
2200 103.044
2300 108.042
2400 109.041
2500 111.072
2600 111.113
2700 115.213
2800 118.152
2900 119.151
3000 121.066
3100 122.066
3200 124.064
3300 124.145
3400 126.036
3500 129.035
3600 132.015
3700 134.034
3800 135.015
3900 135.059
4000 138.058
4100 139.058
4200 141.057
4300 144.031
4400 144.031
4500 145.031
4600 146.031
4700 148.03
4800 149.03
4900 151.083
5000 152.03
5100 153.052
5200 155.052
5300 157.648
5400 159.831
5500 161.771
5600 162.985
5700 164.451
5800 166.628
5900 167.371
6000 167.371
6100 168.345
6200 170.294
6300 171.269
6400 175.171
6500 176.148
6600 176.366
6700 178.101
6800 180.056
6900 180.826
7000 182.784
7100 183.565
7200 184.545
7300 185.723
7400 188.862
7500 191.024
7600 191.442
7700 193.197
7800 194.363
7900 195.164
8000 199.462
8100 201.613
8200 202.786
8300 204.941
8400 204.941
8500 206.903
8600 208.079
8700 211.419
8800 212.603
8900 213.581
9000 213.965
9100 215.928
9200 216.91
9300 218.874
9400 220.045
9500 222.009
9600 222.991
9700 223.788
9800 224.956
9900 224.956
10000 226.559
10100 227.903
10200 228.886
10300 229.87
10400 230.853
10500 231.836
10600 231.836
10700 233.803
10800 234.787
10900 235.771
11000 236.58
11100 237.565
11200 238.673
11300 241.615
11400 242.596
11500 243.578
11600 243.772
11700 243.971
11800 243.971
11900 244.753
12000 245.177
12100 246.173
12200 246.173
12300 247.267
12400 248.163
12500 250.252
12600 253.14
12700 253.14
12800 254.437
12900 255.227
13000 257.317
13100 258.312
13200 259.409
13300 260.618
13400 260.618
13500 262.393
13600 263.388
13700 263.388
13800 263.388
13900 266.372
14000 266.372
100 14.0357
200 22
300 27.0185
400 29.5466
500 35.1141
600 38.8973
700 40.2616
800 44.643
900 49.0306
1000 50.448
1100 52.8867
1200 55.0818
1300 56.8859
1400 57.9741
1500 59.1354
1600 61.9839
1700 65.8027
1800 69.9214
1900 74.7262
2000 77.201
2100 81.6088
2200 85.44
2300 88.8876
2400 92.3472
2500 93.9202
2600 95.6033
2700 96.0469
2800 99.0202
2900 100.658
3000 101.02
3100 101.592
3200 105.119
3300 106.888
3400 109.567
3500 112.259
3600 112.259
3700 115.395
3800 115.832
3900 119.867
4000 122.102
4100 123.907
4200 124.812
4300 126.574
4400 129.248
4500 130.146
4600 131.928
4700 131.947
4800 133.297
4900 133.297
5000 135.989
5100 139.617
5200 140.943
5300 142.762
5400 145.413
5500 146.82
5600 147.231
5700 148.003
5800 148.93
5900 149.402
6000 151.212
6100 153.026
6200 154.353
6300 154.353
6400 155.682
6500 159.314
6600 160.639
6700 162.963
6800 164.694
6900 165.109
7000 167.344
7100 168.253
7200 169.163
7300 171.898
7400 172.235
7500 175.866
7600 180.834
7700 184.391
7800 185.302
7900 189.771
8000 189.771
8100 195.563
8200 196.474
8300 196.848
8400 198.698
8500 200.928
8600 202.233
8700 204.463
8800 205.387
8900 207.239
9000 207.239
9100 209.093
9200 210.021
9300 210.021
9400 210.583
9500 211.322
9600 211.514
9700 212.445
9800 212.81
9900 214.537
10000 216.412
10100 216.76
10200 218.048
10300 220.857
10400 221.795
10500 221.795
10600 222.733
10700 224.611
10800 225.211
10900 226.491
11000 227.669
11100 227.669
11200 228.65
11300 229.595
11400 231.758
11500 231.758
11600 234.386
11700 238.883
11800 241.76
11900 241.76
12000 244.92
12100 245.88
12200 246.288
12300 248.944
12400 249.9
12500 251.149
12600 251.446
12700 251.803
12800 252.769
12900 254.311
13000 256.891
13100 256.891
13200 256.891
13300 259.679
13400 261.232
13500 261.536
13600 264.751
13700 266.603
13800 266.603
13900 266.663
14000 267.529
100 11.6619
200 18
300 24.4131
400 29.0172
500 32.573
600 36.0555
700 38.6005
800 41.1825
900 43.1741
1000 46.1736
1100 47.7598
1200 51
1300 53.2353
1400 57.1402
1500 60.1332
1600 63.1981
1700 64.195
1800 68.1836
1900 69.2604
2000 71.3863
2100 72.6911
2200 74.6726
2300 76.9415
2400 78.9177
2500 79.404
2600 82.3772
2700 82.5651
2800 87.1321
2900 87.9659
3000 89.9444
3100 89.9444
3200 91.0055
3300 95.8853
3400 95.8853
3500 98.0051
3600 99.8499
3700 100.717
3800 102.825
3900 103.817
4000 107.671
4100 107.787
4200 111.45
4300 113.358
4400 114.28
4500 116.211
4600 117.209
4700 119.269
4800 121.202
4900 123.146
5000 125.1
5100 125.1
5200 126.099
5300 128.035
5400 129.016
5500 130.138
5600 130.138
5700 132.015
5800 133.15
5900 136.015
6000 137.641
6100 140.52
6200 143.68
6300 146.84
6400 146.84
6500 147.122
6600 149.04
6700 149.04
6800 150
6900 151.242
7000 152.486
7100 155.081
7200 156.605
7300 157.28
7400 159.201
7500 160.44
7600 161.4
7700 162.361
7800 164.976
7900 165.245
8000 165.424
8100 166.676
8200 168.238
8300 169.189
8400 171.712
8500 172.047
8600 175.864
8700 177.775
8800 178.732
8900 178.732
9000 180.278
9100 182.187
9200 184.394
9300 184.394
9400 186.682
9500 187.619
9600 188.215
9700 189.172
9800 191.838
9900 192.567
10000 193.497
10100 193.497
10200 193.497
10300 195.133
10400 196.087
10500 197.041
10600 199.612
10700 201.527
10800 201.527
10900 201.817
11000 202.773
11100 203.364
11200 203.73
11300 207.183
11400 207.183
11500 208.435
11600 208.806
11700 212.641
11800 217.72
11900 217.72
12000 218.68
12100 219.641
12200 219.641
12300 220.327
12400 221.289
12500 222.8
12600 223.761
12700 224.722
12800 225
12900 226.645
13000 227.607
13100 227.882
13200 228.843
13300 229.12
13400 229.401
13500 230.645
13600 230.645
13700 232.157
13800 232.422
13900 232.422
14000 232.775
100 13.3417
200 18.4391
300 22.0227
400 28.0179
500 33.0606
600 35.0571
700 38.0132
800 41.0122
900 45.0111
1000 48.0104
1100 52.1536
1200 54.1479
1300 55.2268
1400 57.2189
1500 61.0082
1600 65.0077
1700 66.0076
1800 67.082
1900 69.2604
2000 70.5762
2100 72.1734
2200 74.4312
2300 78.1601
2400 81.0247
2500 83.006
2600 87.0057
2700 89.0225
2800 91.0055
2900 91.0879
3000 94.0479
3100 97.0464
3200 98.0051
3300 101.005
3400 103.005
3500 104.005
3600 107.075
3700 111.041
3800 113.071
3900 114.039
4000 117.068
4100 117.068
4200 120.067
4300 121.103
4400 124.101
4500 126.194
4600 128.316
4700 130.311
4800 132.306
4900 132.639
5000 135.624
5100 136.62
5200 139.607
5300 142.506
5400 142.506
5500 143.59
5600 144.347
5700 145.344
5800 146.342
5900 147.275
6000 147.275
6100 150.479
6200 151.476
6300 152.473
6400 153.47
6500 154.467
6600 154.467
6700 155.322
6800 155.39
6900 155.39
7000 156.205
7100 157.385
7200 158.316
7300 160.253
7400 160.253
7500 161.112
7600 161.447
7700 163.15
7800 163.15
7900 166.048
8000 166.048
8100 166.075
8200 168.107
8300 169.189
8400 170.188
8500 171.187
8600 171.187
8700 173.185
8800 175.345
8900 176.409
9000 177.406
9100 178.55
9200 180.544
9300 181.044
9400 181.541
9500 182.099
9600 184.043
9700 186.043
9800 186.043
9900 187.067
10000 187.067
10100 189.066
10200 189.095
10300 190.168
10400 191.167
10500 191.262
10600 193.259
10700 195.31
10800 196.308
10900 196.308
11000 197.307
11100 197.307
11200 198.567
11300 201.559
11400 202.633
11500 204.313
11600 205.234
11700 207.348
11800 208.346
11900 210.343
12000 211.4
12100 212.398
12200 214.161
12300 214.555
12400 215.455
12500 217.706
12600 222.576
12700 224.571
12800 225.568
12900 225.568
13000 226.566
13100 227.563
13200 229.558
13300 229.558
13400 230.783
13500 231.864
13600 232.86
13700 236.028
13800 236.123
13900 236.434
14000 237.428
100 12.1655
200 19.2354
300 24.0832
400 29.0689
500 37.1214
600 40.6079
700 41.5933
800 44.4072
900 48.2597
1000 50.9902
1100 53.4603
1200 57.3149
1300 63.3877
1400 66.3702
1500 70.4557
1600 75.4255
1700 79.3095
1800 84.2912
1900 86.209
2000 90.1998
2100 92.2659
2200 93.2631
2300 95.0842
2400 98.0204
2500 99.0808
2600 100.125
2700 101.124
2800 105.171
2900 105.233
3000 106.231
3100 108.074
3200 112.071
3300 115.017
3400 116.039
3500 116.069
3600 116.155
3700 118.207
3800 118.207
3900 119.206
4000 121.334
4100 123.406
4200 124.403
4300 129.314
4400 133.375
4500 134.451
4600 136.297
4700 136.62
4800 139.607
4900 140.289
5000 141.354
5100 143.349
5200 144.347
5300 145.774
5400 146.769
5500 147.34
5600 148.337
5700 149.335
5800 149.335
5900 151.162
6000 152.161
6100 156.051
6200 157.051
6300 159.05
6400 159.05
6500 160.078
6600 160.078
6700 160.2
6800 161.199
6900 162.25
7000 162.25
7100 164.027
7200 164.195
7300 165.245
7400 167.299
7500 169.296
7600 171.292
7700 172.29
7800 174.072
7900 175.103
8000 177.071
8100 180.136
8200 181.177
8300 183.535
8400 184.532
8500 185.779
8600 187.523
8700 188.215
8800 188.597
8900 189.518
9000 191.316
9100 192.315
9200 194.435
9300 194.504
9400 194.504
9500 197.365
9600 197.365
9700 198.305
9800 200.302
9900 200.302
10000 200.422
10100 202.299
10200 206.293
10300 207.292
10400 209.289
10500 210.288
10600 210.288
10700 210.288
10800 211.237
10900 212.285
11000 215.232
11100 215.281
11200 218.277
11300 220.275
11400 222.272
11500 224.27
11600 224.27
11700 224.27
11800 224.27
11900 224.27
12000 224.321
12100 227.22
12200 230.217
12300 231.262
12400 231.262
12500 232.215
12600 233.362
12700 233.482
12800 234.48
12900 235.544
13000 235.544
13100 236.542
13200 237.474
13300 238.537
13400 241.406
13500 241.531
13600 243.526
13700 246.457
13800 246.457
13900 247.455
14000 250.45
100 12.7279
200 21.0238
300 25.632
400 28.6007
500 32.2025
600 35.609
700 39.5601
800 42.2019
900 44.911
1000 47.4236
1100 49.5782
1200 51.6624
1300 56.0446
1400 58.7963
1500 61.7171
1600 66.2193
1700 67.7791
1800 72.8011
1900 74.3303
2000 78.4347
2100 82.5409
2200 83.8153
2300 84.7585
2400 87.5957
2500 90.4434
2600 91.7061
2700 94.578
2800 95.2733
2900 97.509
3000 99.5389
3100 100.846
3200 102.859
3300 106.471
3400 112.004
3500 114.39
3600 118.072
3700 118.512
3800 119.541
3900 120.104
4000 120.83
4100 124.036
4200 126.246
4300 126.827
4400 130.096
4500 130.92
4600 132.575
4700 133.701
4800 138.698
4900 141.174
5000 144.779
5100 145.908
5200 145.908
5300 146.997
5400 147.557
5500 148.946
5600 150.602
5700 152.266
5800 153.101
5900 154.616
6000 154.616
6100 155.602
6200 156.208
6300 157.813
6400 158.373
6500 159.013
6600 160.602
6700 160.602
6800 161.208
6900 163.368
7000 165.484
7100 165.919
7200 167.263
7300 167.705
7400 167.705
7500 168.158
7600 168.772
7700 170.082
7800 172.154
7900 174.413
8000 176.581
8100 177.46
8200 178.997
8300 179.636
8400 180.278
8500 182.453
8600 183.358
8700 185.27
8800 186.947
8900 189.283
9000 189.283
9100 191.672
9200 192.44
9300 194.126
9400 194.756
9500 196.163
9600 196.939
9700 196.939
9800 198.346
9900 199.123
10000 199.752
10100 200.385
10200 200.385
10300 203.199
10400 203.836
10500 205.762
10600 207.82
10700 208.581
10800 208.581
10900 209.344
11000 210.109
11100 211.152
11200 211.646
11300 212.417
11400 213.825
11500 214.597
11600 215.372
11700 216.779
11800 217.279
11900 217.92
12000 218.826
12100 220.984
12200 221.07
12300 223.143
12400 223.893
12500 224.555
12600 224.644
12700 225.078
12800 225.078
12900 225.701
13000 226.557
13100 227.903
13200 228.044
13300 228.58
13400 228.712
13500 229.456
13600 229.595
13700 229.993
13800 232.433
13900 232.744
14000 233.384
100 15.2315
200 21.3776
300 30.2655
400 35.0143
500 39.0128
600 45.0444
700 47.0425
800 52.0384
900 56.1427
1000 58.2151
1100 61.131
1200 64.1249
1300 66.1211
1400 68.2642
1500 69.1809
1600 71.2531
1700 73.2462
1800 77.2334
1900 77.3175
2000 80.399
2100 81.6149
2200 83.0963
2300 87.0919
2400 87.0919
2500 88.0909
2600 89.0898
2700 89.202
2800 90.4268
2900 91.4112
3000 93.3809
3100 94.0213
3200 94.921
3300 96.3016
3400 98.3107
3500 99.2018
3600 102.078
3700 106.607
3800 108.005
3900 108.812
4000 109.622
4100 112.361
4200 114.56
4300 117.341
4400 119.252
4500 122.066
4600 123.976
4700 126.479
4800 128.141
4900 129.8
5000 132.257
5100 134.525
5200 137.306
5300 140.911
5400 143.391
5500 145.055
5600 147.567
5700 148.95
5800 150.944
5900 153.395
6000 153.701
6100 155.872
6200 156.984
6300 158.373
6400 158.373
6500 160.078
6600 161.236
6700 163.6
6800 167.003
6900 168.834
7000 171.026
7100 172.609
7200 173.404
7300 176.4
7400 177.2
7500 178.404
7600 180
7700 182.428
7800 184.402
7900 186.011
8000 187.2
8100 188.438
8200 189.011
8300 190.602
8400 193.404
8500 195
8600 196.815
8700 197.426
8800 198.217
8900 202.425
9000 204.805
9100 204.805
9200 205.412
9300 207.002
9400 207.425
9500 209.402
9600 210.419
9700 211.227
9800 212.038
9900 212.624
10000 214.83
10100 214.83
10200 216.816
10300 218.213
10400 218.806
10500 220.204
10600 221.603
10700 221.603
10800 224.804
10900 225.411
11000 226.206
11100 226.815
11200 228.213
11300 229.02
11400 229.611
11500 230.638
11600 231.603
11700 232.407
11800 233.002
11900 233.6
12000 234.201
12100 236.812
12200 237.422
12300 239.008
12400 239.008
12500 239.804
12600 240.67
12700 241.812
12800 242.421
12900 242.421
13000 243.824
13100 244.616
13200 246.205
13300 246.205
13400 247.002
13500 247.002
13600 248.793
13700 248.793
13800 248.942
13900 248.942
14000 251.008
100 12.7279
200 18.1108
300 25.0799
400 31.257
500 35.2278
600 39.2046
700 41.2311
800 45.3982
900 48.3322
1000 50.9902
1100 55
1200 55.0091
1300 58.6003
1400 62
1500 65
1600 66.8506
1700 68.1836
1800 69.4622
1900 73.0616
2000 73.1095
2100 74.4312
2200 76.7919
2300 80.7527
2400 81.7435
2500 83.7257
2600 85.8429
2700 87.9659
2800 90.934
2900 92.9139
3000 92.9139
3100 93.2148
3200 94.6414
3300 98.6154
3400 99.6092
3500 102.591
3600 102.956
3700 105.385
3800 108.559
3900 109.772
4000 111.759
4100 111.759
4200 113.442
4300 113.534
4400 114.529
4500 115.213
4600 116.211
4700 117.273
4800 118.207
4900 118.229
5000 120.204
5100 122.201
5200 122.332
5300 123.406
5400 125.399
5500 125.399
5600 126.669
5700 127.063
5800 128.098
5900 129.248
6000 132.004
6100 133.004
6200 135.015
6300 140.014
6400 140.014
6500 141.032
6600 144.014
6700 146.014
6800 147.031
6900 149.054
7000 150.053
7100 153.052
7200 153.052
7300 154.029
7400 155.029
7500 157.051
7600 160.028
7700 161.028
7800 161.05
7900 162.028
8000 168.003
8100 170.003
8200 170.003
8300 171.003
8400 174.003
8500 175.011
8600 177.011
8700 179
8800 179.011
8900 185.024
9000 187.003
9100 188.043
9200 193.003
9300 194.01
9400 195.003
9500 196.003
9600 196.064
9700 199.063
9800 203.039
9900 205.061
10000 206.119
10100 207.087
10200 207.118
10300 207.118
10400 208.002
10500 211.002
10600 212
10700 213
10800 215.002
10900 217
11000 217.002
11100 219.002
11200 220.009
11300 220.02
11400 221.02
11500 221.036
11600 223.02
11700 224.02
11800 224.02
11900 225.036
12000 226.02
12100 228.009
12200 229.02
12300 229.107
12400 230.106
12500 230.139
12600 232.106
12700 233.002
12800 233.105
12900 235.002
13000 235.002
13100 238
13200 239.008
13300 241
13400 241.008
13500 241.008
13600 242.002
13700 242.008
13800 243.002
13900 243.008
14000 243.008
100 12.8062
200 20.2485
300 26.4197
400 33.4215
500 35.5106
600 38.2753
700 42.19
800 45.6508
900 47.0106
1000 48.8774
1100 51.6236
1200 54.1295
1300 56.6039
1400 59.203
1500 66.2193
1600 67.1863
1700 70.214
1800 73.8241
1900 75.2728
2000 77.026
2100 78.5493
2200 80.6226
2300 82.4621
2400 85.6154
2500 88.955
2600 89.8888
2700 91.7606
2800 92.1141
2900 94.921
3000 99.368
3100 100.305
3200 100.305
3300 102.181
3400 103.121
3500 104.676
3600 105.688
3700 106.254
3800 107.912
3900 109.11
4000 111.018
4100 112.929
4200 117.341
4300 119.921
4400 121.84
4500 122.123
4600 123.491
4700 126.384
4800 126.921
4900 129.12
5000 130.648
5100 132.563
5200 133.24
5300 133.929
5400 134.201
5500 135.093
5600 136.062
5700 136.312
5800 138.004
5900 139.359
6000 140.357
6100 142.352
6200 142.352
6300 143.349
6400 146.414
6500 146.414
6600 149.405
6700 152.473
6800 152.555
6900 153.551
7000 155.39
7100 157.385
7200 158.455
7300 159.452
7400 159.531
7500 160.611
7600 162.693
7700 162.693
7800 163.689
7900 163.884
8000 164.685
8100 164.985
8200 167.084
8300 168.443
8400 169.567
8500 170.065
8600 171.058
8700 171.058
8800 172.131
8900 173.954
9000 175.251
9100 178.213
9200 179.201
9300 180.189
9400 183.153
9500 184.141
9600 184.141
9700 184.838
9800 185.13
9900 186.271
10000 186.29
10100 187.259
10200 187.259
10300 188.247
10400 189.447
10500 190.683
10600 193.189
10700 193.189
10800 193.189
10900 195.205
11000 196.163
11100 200.112
11200 202.237
11300 204.071
11400 204.071
11500 204.071
11600 204.534
11700 205.497
11800 206.77
11900 208.127
12000 209.093
12100 210.49
12200 210.867
12300 212.85
12400 213.841
12500 213.974
12600 214.161
12700 214.161
12800 214.646
12900 215.372
13000 216.342
13100 217.168
13200 218.131
13300 219.094
13400 219.584
13500 219.584
13600 221.508
13700 223.087
13800 223.087
13900 223.087
14000 225.282
100 11.1803
200 23.3452
300 27.2947
400 31.0161
500 39
600 44.1814
700 47.1699
800 52.0865
900 56.0803
1000 61.2944
1100 67.1863
1200 71.2531
1300 74.1687
1400 77.1038
1500 78.1601
1600 81.0555
1700 84.1487
1800 86.209
1900 87.367
2000 89
2100 90
2200 93.0054
2300 96.0469
2400 98.0816
2500 99.1262
2600 101.079
2700 103.078
2800 106.118
2900 107.168
3000 109.073
3100 109.073
3200 111.072
3300 113.159
3400 116.069
3500 118.068
3600 119.105
3700 123.037
3800 124.036
3900 126.016
4000 127.035
4100 130.035
4200 133.094
4300 136.092
4400 139.129
4500 140.175
4600 141.128
4700 141.51
4800 143.126
4900 144.281
5000 145.169
5100 147.085
5200 148.084
5300 149.054
5400 150.053
5500 151.119
5600 152.082
5700 155.029
5800 157.029
5900 159.05
6000 160.05
6100 161.05
6200 163.049
6300 166.075
6400 167.108
6500 168.107
6600 169.106
6700 172.105
6800 176.102
6900 180.1
7000 182.176
7100 183.044
7200 184.098
7300 186.043
7400 186.067
7500 186.172
7600 187.043
7700 188.043
7800 188.215
7900 192.094
8000 193.166
8100 193.259
8200 194.371
8300 196.023
8400 197.041
8500 198.063
8600 198.063
8700 199.023
8800 202.002
8900 204.01
9000 206.022
9100 207.118
9200 208.118
9300 209.153
9400 211.116
9500 211.116
9600 211.152
9700 212.236
9800 212.236
9900 213.19
10000 214.189
10100 214.189
10200 215.188
10300 215.188
10400 217.147
10500 217.23
10600 218.147
10700 218.515
10800 220.384
10900 220.384
11000 221.443
11100 222.225
11200 222.729
11300 223.725
11400 225.801
11500 226.716
11600 227.713
11700 228.876
11800 230.152
11900 230.152
12000 231.249
12100 233.041
12200 233.041
12300 233.137
12400 234.676
12500 236.783
12600 238.648
12700 239.883
12800 240.635
12900 242.621
13000 243.614
13100 244.608
13200 244.608
13300 246.83
13400 247.588
13500 248.582
13600 252.557
13700 255.65
13800 256.877
13900 257.87
14000 259.856
100 11
200 19.0263
300 24.3516
400 33.0151
500 36.4966
600 41.0122
700 48.0521
800 52.4976
900 58.5235
1000 59.1354
1100 61.327
1200 64.846
1300 67.72
1400 73.2462
1500 76.6551
1600 77.3692
1700 79.3095
1800 80.3617
1900 84.4808
2000 86.4002
2100 88.0568
2200 90.4434
2300 91.7061
2400 92.0272
2500 94.578
2600 96.4624
2700 100.245
2800 101.193
2900 103.092
3000 105.304
3100 105.948
3200 108.467
3300 109.444
3400 111.665
3500 112.606
3600 116.379
3700 116.379
3800 119.218
3900 119.269
4000 121.758
4100 123.665
4200 125.575
4300 128.445
4400 129.402
4500 130.648
4600 131.605
4700 132.004
4800 132.28
4900 134.766
5000 135.44
5100 136.062
5200 137.641
5300 138.885
5400 139.284
5500 140.918
5600 142.864
5700 142.864
5800 143.837
5900 145.784
6000 146.758
6100 146.758
6200 147.959
6300 148.933
6400 151.109
6500 154.029
6600 155.003
6700 155.003
6800 155.467
6900 157.41
7000 157.41
7100 158.382
7200 159.261
7300 161.372
7400 162.274
7500 162.779
7600 164.906
7700 168.024
7800 169.012
7900 170.988
8000 174.106
8100 175.932
8200 178.059
8300 180.472
8400 185.432
8500 185.559
8600 188.664
8700 189.655
8800 191.638
8900 192.38
9000 193.373
9100 194.366
9200 194.487
9300 195.479
9400 196.01
9500 197.99
9600 198.98
9700 199.424
9800 200.569
9900 203.531
10000 203.691
10100 205.361
10200 206.344
10300 207.885
10400 209.848
10500 210.107
10600 211.419
10700 213.378
10800 214.159
10900 217.497
11000 217.892
11100 218.68
11200 219.866
11300 220.204
11400 223.294
11500 225.282
11600 226.276
11700 227.271
11800 227.271
11900 228.162
12000 229.157
12100 231.147
12200 233.137
12300 234.036
12400 234.036
12500 235.315
12600 236.279
12700 238.019
12800 238.019
12900 239.56
13000 240.104
13100 242.745
13200 244.739
13300 246.658
13400 247.655
13500 248.652
13600 249.65
13700 250.647
13800 252.573
13900 253.505
14000 256.564
100 13.0384
200 20.0998
300 27.2947
400 34.3657
500 38.1182
600 43.4166
700 47.3814
800 50.2195
900 54.231
1000 56.2228
1100 57.7754
1200 60.208
1300 61.2944
1400 66.1891
1500 69.3542
1600 71.5681
1700 74.5453
1800 76.7919
1900 78.9177
2000 82.0366
2100 86.3134
2200 87.0976
2300 88.295
2400 90.3549
2500 93.2631
2600 94.1329
2700 97.1854
2800 99.1817
2900 101.242
3000 103.392
3100 104.389
3200 105.304
3300 106.381
3400 107.466
3500 107.466
3600 112.446
3700 114.438
3800 117.427
3900 120.416
4000 123.329
4100 125.196
4200 127.252
4300 129.19
4400 132.185
4500 134.134
4600 137.091
4700 137.091
4800 140.228
4900 142.225
5000 144.347
5100 146.086
5200 147.411
5300 147.489
5400 149.405
5500 150.562
5600 151.4
5700 153.639
5800 154.392
5900 154.829
6000 157.813
6100 159.803
6200 161.793
6300 163.689
6400 163.689
6500 163.884
6600 165.979
6700 168.76
6800 168.76
6900 170.356
7000 171.353
7100 172.351
7200 173.349
7300 176.343
7400 176.343
7500 179.011
7600 181
7700 182.888
7800 183.883
7900 184.878
8000 185.084
8100 187.963
8200 189.953
8300 192.938
8400 194.928
8500 197.914
8600 199.008
8700 199.111
8800 200.9
8900 203.983
9000 206.073
9100 208.062
9200 210.052
9300 212.144
9400 213.354
9500 213.469
9600 213.469
9700 216.449
9800 219.429
9900 220.422
10000 222.194
10100 223.188
10200 223.294
10300 224.439
10400 226.566
10500 226.566
10600 227.035
10700 230.983
10800 231.97
10900 231.97
11000 233.944
11100 235.255
11200 236.907
11300 238.883
11400 240.859
11500 242.835
11600 242.835
11700 245.953
11800 246.941
11900 246.941
12000 248.085
12100 248.085
12200 250.38
12300 251.589
12400 252.723
12500 253.712
12600 253.712
12700 254.702
12800 254.849
12900 254.849
13000 255.838
13100 256.827
13200 256.827
13300 258.863
13400 259.856
13500 261.842
13600 262.835
13700 263.947
13800 266.925
13900 267.8
14000 267.8
100 13.6015
200 22.0907
300 29.6142
400 33.7343
500 36.7151
600 41.7732
700 46.9574
800 51
900 54.1295
1000 55.4707
1100 60.0333
1200 60.7454
1300 63.6946
1400 66.4831
1500 69.6419
1600 72.6154
1700 76.5506
1800 78.1857
1900 81.3449
2000 84.7703
2100 89.0225
2200 92.8924
2300 94.5939
2400 97.2934
2500 99.925
2600 101.139
2700 104.048
2800 107.708
2900 111.611
3000 111.611
3100 114.004
3200 116.181
3300 118.663
3400 119.854
3500 123
3600 124.952
3700 126.775
3800 128.763
3900 128.763
4000 130.981
4100 131.973
4200 133.959
4300 136.195
4400 136.938
4500 137.819
4600 137.819
4700 138.924
4800 139.807
4900 141.428
5000 141.428
5100 143.544
5200 143.694
5300 144.534
5400 147.503
5500 147.648
5600 148.637
5700 149.482
5800 150.748
5900 151.212
6000 154.208
6100 154.635
6200 155.724
6300 156.438
6400 157.41
6500 158.808
6600 160.328
6700 163.248
6800 165.197
6900 166.397
7000 168.573
7100 168.573
7200 170.751
7300 173.669
7400 175.111
7500 175.111
7600 175.602
7700 176.409
7800 180.4
7900 183.461
8000 183.461
8100 184.391
8200 184.391
8300 185.219
8400 185.219
8500 186.775
8600 188.86
8700 190.948
8800 192.044
8900 192.151
9000 192.151
9100 193.039
9200 194.139
9300 198.013
9400 199.008
9500 200.002
9600 200.998
9700 202.892
9800 204.883
9900 204.883
10000 205.973
10100 206.073
10200 206.073
10300 207.87
10400 208.866
10500 210.155
10600 211.149
10700 213.138
10800 213.138
10900 213.244
11000 214.238
11100 214.462
11200 215.232
11300 217.221
11400 218.215
11500 219.429
11600 221.531
11700 221.531
11800 221.651
11900 223.403
12000 223.403
12100 224.511
12200 224.511
12300 226.241
12400 228.843
12500 229.804
12600 232.002
12700 234.201
12800 235.051
12900 235.051
13000 236.008
13100 237.508
13200 240.801
13300 240.801
13400 241.205
13500 241.481
13600 242.442
13700 244.641
13800 248.761
13900 250.282
14000 252.484
100 13.4164
200 22.8254
300 29.5466
400 35.3553
500 42.72
600 49.4773
700 51.923
800 53.3667
900 56.0446
1000 57.2189
1100 62.2896
1200 63.5059
1300 66.2722
1400 68.2642
1500 69.2604
1600 72.111
1700 73.5527
1800 76.896
1900 79.712
2000 83.7257
2100 86.7006
2200 86.7006
2300 87.9659
2400 89.8053
2500 90.7965
2600 93.0591
2700 94.2019
2800 94.3663
2900 96.6023
3000 98.8383
3100 99.8248
3200 101.966
3300 103.31
3400 104.235
3500 106.892
3600 109.128
3700 110.018
3800 110.91
3900 112.73
4000 114.057
4100 115.248
4200 116.284
4300 117.137
4400 119.038
4500 120.108
4600 121.491
4700 122.037
4800 123.175
4900 125.399
5000 126.779
5100 128.035
5200 129.356
5300 130.357
5400 131.187
5500 132.31
5600 133.963
5700 134.792
5800 134.792
5900 134.792
6000 134.792
6100 135.093
6200 135.248
6300 136.693
6400 137.383
6500 138.224
6600 138.636
6700 139.086
6800 140.346
6900 142.562
7000 145.661
7100 146.479
7200 147.054
7300 147.054
7400 148.809
7500 150.207
7600 152.003
7700 153.6
7800 154.806
7900 155.206
8000 156.605
8100 156.605
8200 156.822
8300 156.822
8400 156.822
8500 157.632
8600 159.261
8700 159.298
8800 161.236
8900 162.265
9000 163.218
9100 163.518
9200 165.557
9300 165.702
9400 165.858
9500 165.858
9600 166.331
9700 167.431
9800 167.431
9900 168.048
10000 170.792
10100 171.747
10200 174.324
10300 177.418
10400 177.418
10500 178.844
10600 180.58
10700 182.789
10800 184.361
10900 185.946
11000 186.893
11100 191.635
11200 193.848
11300 194.797
11400 195.747
11500 196.698
11600 199.86
11700 200.172
11800 200.811
11900 201.122
12000 202.072
12100 206.828
12200 208.734
12300 209.038
12400 211.559
12500 211.559
12600 213.46
12700 213.46
12800 214.462
12900 215.984
13000 216.933
13100 217.883
13200 218.22
13300 218.961
13400 220.095
13500 221.995
13600 222.308
13700 223.573
13800 224.849
13900 228.3
14000 228.569
100 14.0357
200 21.3776
300 28.8617
400 32.311
500 39.9249
600 44.3847
700 47.2969
800 49.4773
900 51.2445
1000 55.0818
1100 59.9083
1200 61.9839
1300 64.2573
1400 65.9242
1500 67.7791
1600 68.7095
1700 70.7107
1800 76.1183
1900 77.9295
2000 79.7621
2100 81.2158
2200 81.2158
2300 82.7345
2400 85.0941
2500 86.7295
2600 89.8888
2700 90.6697
2800 91.4166
2900 93.6376
3000 95.1893
3100 98.0306
3200 100.568
3300 102.181
3400 103.465
3500 105.342
3600 106.042
3700 107.703
3800 112.401
3900 113.296
4000 114.634
4100 116.469
4200 118.186
4300 119.101
4400 119.62
4500 121.462
4600 122.09
4700 123.434
4800 123.548
4900 124.908
5000 128.876
5100 130.173
5200 132.034
5300 133.33
5400 136.125
5500 136.858
5600 136.858
5700 137.615
5800 138.539
5900 139.176
6000 141.156
6100 141.156
6200 144.848
6300 144.848
6400 145.399
6500 147.628
6600 148.556
6700 150.416
6800 151.347
6900 152.532
7000 154.829
7100 156.589
7200 157.471
7300 158.959
7400 161.756
7500 162.117
7600 162.117
7700 162.69
7800 164.56
7900 166.433
8000 167.027
8100 167.359
8200 168.324
8300 169.499
8400 170.391
8500 171.283
8600 171.283
8700 171.735
8800 172.038
8900 173.773
9000 173.773
9100 173.971
9200 175.647
9300 176.238
9400 176.921
9500 178.62
9600 180.602
9700 180.602
9800 180.602
9900 182.822
10000 184.792
10100 185.777
10200 188.098
10300 190.874
10400 192.676
10500 192.676
10600 193.499
10700 195.474
10800 195.474
10900 196.461
11000 197.608
11100 198.595
11200 199.912
11300 201.07
11400 201.07
11500 201.4
11600 202.054
11700 203.039
11800 203.531
11900 204.198
12000 208.137
12100 208.137
12200 208.137
12300 209.122
12400 209.122
12500 209.296
12600 209.938
12700 210.723
12800 211.265
12900 212.426
13000 214.394
13100 215.557
13200 217.175
13300 217.993
13400 217.993
13500 218.979
13600 221.939
13700 222.926
13800 223.913
13900 226.214
14000 226.385
100 13.3417
200 23.2594
300 26.0768
400 30.4631
500 36.2491
600 42.72
700 44.0114
800 47.7598
900 53.1601
1000 57.28
1100 63.0635
1200 65.7343
1300 67.2681
1400 67.6757
1500 70.2282
1600 73.3485
1700 76.1183
1800 77.6466
1900 79.404
2000 82.3893
2100 82.3893
2200 83.3847
2300 85.2877
2400 88.0227
2500 90.6091
2600 92.5743
2700 93.7443
2800 94.7259
2900 97.6729
3000 99.363
3100 99.363
3200 99.6393
3300 100.623
3400 103.407
3500 105.546
3600 106.532
3700 108.853
3800 110.023
3900 110.422
4000 112.294
4100 114.272
4200 115.732
4300 118.377
4400 120.208
4500 122.332
4600 123.471
4700 125.16
4800 128.133
4900 128.133
5000 128.996
5100 129.988
5200 131.746
5300 133.54
5400 134.536
5500 134.536
5600 135.37
5700 135.37
5800 137.525
5900 139.607
6000 141.51
6100 141.51
6200 144.347
6300 144.347
6400 144.347
6500 146.492
6600 148.337
6700 150.333
6800 150.333
6900 151.331
7000 153.326
7100 156.387
7200 158.202
7300 159.38
7400 161.152
7500 162.151
7600 165.194
7700 166.244
7800 167.242
7900 170.188
8000 171.187
8100 172.186
8200 173.234
8300 176.182
8400 180.136
8500 181.135
8600 182.176
8700 182.176
8800 183.098
8900 186.097
9000 186.097
9100 187.216
9200 188.17
9300 190.168
9400 190.213
9500 192.211
9600 192.26
9700 192.44
9800 195
9900 196.003
10000 197.003
10100 198.003
10200 200.002
10300 202.002
10400 203.01
10500 205.01
10600 206.01
10700 206.01
10800 207.408
10900 210.002
11000 210.002
11100 211.002
11200 214.009
11300 215.009
11400 215.009
11500 215.009
11600 217.009
11700 218.021
11800 218.021
11900 218.021
12000 218.083
12100 220.082
12200 221.111
12300 221.111
12400 222.081
12500 223.081
12600 224.109
12700 224.143
12800 225.142
12900 226.142
13000 227.141
13100 228.14
13200 229.107
13300 229.107
13400 229.63
13500 231.625
13600 231.625
13700 232.622
13800 233.619
13900 234.617
14000 235.614
100 14.2127
200 23.0217
300 32.5269
400 36.1248
500 40.3609
600 42.638
700 46.0977
800 48.1041
900 51.6236
1000 55.8659
1100 60.0083
1200 63.561
1300 65.5515
1400 69.2892
1500 71.5122
1600 72.7324
1700 74
1800 77.4919
1900 80.2309
2000 84.1546
2100 85.0941
2200 86.3771
2300 88.0227
2400 91.5478
2500 93.4077
2600 95.2733
2700 96.0052
2800 98.2344
2900 99.925
3000 103.078
3100 103.47
3200 105.119
3300 107.355
3400 110.073
3500 111.4
3600 112.401
3700 112.401
3800 114.791
3900 115.395
4000 117.201
4100 117.201
4200 117.953
4300 118.533
4400 119.218
4500 120.167
4600 122.589
4700 123.065
4800 125.897
4900 127.632
5000 128.129
5100 129.711
5200 131.947
5300 133.417
5400 134.332
5500 135.65
5600 138.398
5700 138.798
5800 140.118
5900 141.032
6000 141.032
6100 143.673
6200 144.997
6300 146.322
6400 148.142
6500 149.967
6600 152.201
6700 152.611
6800 155.348
6900 155.862
7000 158.619
7100 159.013
7200 160.851
7300 162.308
7400 165.085
7500 165.085
7600 166.012
7700 166.388
7800 166.94
7900 167.502
8000 169
8100 169.924
8200 171.234
8300 172.169
8400 173.459
8500 174.04
8600 174.977
8700 177.553
8800 179.424
8900 181.648
9000 182.497
9100 183.872
9200 183.872
9300 184.459
9400 185.744
9500 186.682
9600 186.682
9700 188.215
9800 190.097
9900 191.982
10000 192.925
10100 192.925
10200 192.925
10300 193.869
10400 193.869
10500 194.813
10600 196.698
10700 198.91
10800 199.223
10900 201.122
11000 201.762
11100 202.714
11200 203.335
11300 203.769
11400 206.526
11500 206.526
11600 207.48
11700 207.762
11800 207.894
11900 210.867
12000 212.85
12100 213.588
12200 213.588
12300 214.704
12400 218.552
12500 218.552
12600 219.545
12700 220.538
12800 220.783
12900 220.783
13000 221.903
13100 223.517
13200 226.497
13300 226.497
13400 226.497
13500 226.497
13600 228.484
13700 229.478
13800 231.465
13900 231.579
14000 231.579
100 16.1245
200 23.7697
300 31.7805
400 34.7131
500 37.6563
600 42.72
700 44.9444
800 50.9215
900 53.4883
1000 57.2451
1100 59.4643
1200 62.1772
1300 65.2993
1400 69.857
1500 70.2638
1600 72.5603
1700 76.1577
1800 76.9415
1900 79.177
2000 81.1234
2100 83.5284
2200 85.44
2300 86.764
2400 87.6641
2500 91.022
2600 92.1954
2700 93.9415
2800 96.7729
2900 97.6934
3000 100.846
3100 101.637
3200 105.043
3300 105.043
3400 108.005
3500 109.385
3600 111.162
3700 112.161
3800 115.317
3900 117.175
4000 118.106
4100 119.038
4200 120.204
4300 122.004
4400 126.087
4500 126.087
4600 126.463
4700 127.389
4800 129.097
4900 130.096
5000 131.244
5100 131.244
5200 133.135
5300 135.059
5400 136.015
5500 136.971
5600 138.521
5700 140.089
5800 140.428
5900 142.302
6000 143.252
6100 144.201
6200 145.465
6300 148.314
6400 148.314
6500 150.336
6600 152.191
6700 152.453
6800 152.742
6900 153.73
7000 153.883
7100 155.425
7200 156.847
7300 157.835
7400 157.835
7500 157.851
7600 158.808
7700 160.29
7800 161.447
7900 163.591
8000 164.754
8100 165.922
8200 165.922
8300 167.093
8400 170.038
8500 171.21
8600 171.47
8700 171.814
8800 174.545
8900 176.505
9000 178.466
9100 178.869
9200 179.446
9300 180.427
9400 182.2
9500 184.166
9600 185.335
9700 187.299
9800 189.452
9900 190.625
10000 190.822
10100 192.398
10200 192.588
10300 193.569
10400 195.724
10500 197.687
10600 197.881
10700 199.264
10800 200.145
10900 200.412
11000 200.684
11100 201.646
11200 202.2
11300 202.773
11400 204.402
11500 207.299
11600 207.299
11700 210.162
11800 212.812
11900 215.416
12000 219.764
12100 219.993
12200 221.436
12300 222.686
12400 223.66
12500 227.561
12600 228.537
12700 230.489
12800 230.708
12900 231.465
13000 232.228
13100 234.395
13200 236.14
13300 236.913
13400 236.913
13500 237.693
13600 237.693
13700 238.673
13800 239.46
13900 241.423
14000 242.405
100 15.0333
200 25
300 32
400 37.2156
500 41.2311
600 44.0114
700 48.2701
800 51.1957
900 52.811
1000 59.4643
1100 64.2573
1200 65.5515
1300 68.352
1400 71.1196
1500 71.4703
1600 73.7902
1700 73.7902
1800 75.6108
1900 77.2528
2000 77.7946
2100 79.6304
2200 81.7435
2300 86.3481
2400 87.5557
2500 91.6788
2600 93.3916
2700 93.3916
2800 97.5141
2900 102.611
3000 104.293
3100 105.262
3200 106.733
3300 108.683
3400 110.856
3500 113.78
3600 117.686
3700 122.577
3800 124.535
3900 127.475
4000 129.838
4100 130.495
4200 131.469
4300 132.442
4400 135.366
4500 136.341
4600 137.102
4700 138.975
4800 139.946
4900 140.186
5000 142.127
5100 144.069
5200 146.014
5300 147.959
5400 148.933
5500 149.907
5600 151.855
5700 152.83
5800 155.003
5900 155.756
6000 156.205
6100 156.732
6200 158.619
6300 159.11
6400 160.801
6500 162.742
6600 164.685
6700 167.836
6800 168.808
6900 170.511
7000 171.732
7100 172.699
7200 174.385
7300 174.385
7400 176.377
7500 179.271
7600 179.271
7700 181.912
7800 182.168
7900 184.101
8000 185.54
8100 186.51
8200 187.481
8300 188.215
8400 188.215
8500 189.188
8600 189.188
8700 190.16
8800 191.133
8900 192.107
9000 194.283
9100 195.028
9200 195.028
9300 195.028
9400 197.952
9500 198.927
9600 198.927
9700 198.927
9800 200.878
9900 200.878
10000 200.878
10100 200.878
10200 202.074
10300 203.049
10400 204.247
10500 205.679
10600 207.625
10700 209.802
10800 210.545
10900 210.545
11000 212.269
11100 212.269
11200 213.244
11300 216.171
11400 217.147
11500 217.147
11600 219.866
11700 220.844
11800 222.245
11900 223.987
12000 224.199
12100 225.391
12200 226.367
12300 227.343
12400 227.783
12500 228.758
12600 229.957
12700 230.931
12800 230.931
12900 231.905
13000 232.131
13100 232.659
13200 233.634
13300 234.787
13400 235.771
13500 236.563
13600 237.918
13700 238.101
13800 239.27
13900 240.693
14000 240.902
100 15
200 21.4009
300 27.7849
400 31.305
500 34.7851
600 38.3275
700 39.8121
800 46.8188
900 52.1728
1000 55.109
1100 56.2939
1200 61.8142
1300 63.4114
1400 67.624
1500 71.8401
1600 75.6042
1700 80.604
1800 82.6196
1900 84.6463
2000 89.3756
2100 90.1388
2200 92.6984
2300 97
2400 102.176
2500 102.942
2600 108.074
2700 108.706
2800 111.521
2900 114.477
3000 118.068
3100 120.88
3200 121.824
3300 125
3400 126.827
3500 127.64
3600 129.035
3700 132.246
3800 134.35
3900 135.772
4000 137.208
4100 137.902
4200 140.007
4300 141.485
4400 143.544
4500 147.248
4600 148.735
4700 150.073
4800 152.84
4900 152.84
5000 154.564
5100 155.322
5200 157.035
5300 157.035
5400 157.724
5500 159.138
5600 159.862
5700 161.966
5800 161.966
5900 162.69
6000 162.788
6100 164.624
6200 166.208
6300 168.514
6400 169.012
6500 169.806
6600 170.845
6700 172.235
6800 173.528
6900 174.897
7000 176.706
7100 177.612
7200 178.676
7300 179.847
7400 180.754
7500 181.706
7600 185.828
7700 185.828
7800 187.523
7900 188.322
8000 189.433
8100 190.308
8200 190.822
8300 191.437
8400 193.662
8500 195.041
8600 195.576
8700 195.686
8800 198.252
8900 201.341
9000 201.854
9100 201.854
9200 202.712
9300 203.226
9400 203.421
9500 204.788
9600 204.793
9700 205.154
9800 206.7
9900 207.548
10000 207.772
10100 208.255
10200 209.251
10300 210.262
10400 212.132
10500 213.715
10600 215.177
10700 216.945
10800 217.412
10900 218.296
11000 218.296
11100 218.765
11200 218.765
11300 220.531
11400 220.554
11500 222.272
11600 223.652
11700 224.537
11800 224.537
11900 225.397
12000 225.854
12100 225.854
12200 228.123
12300 231.262
12400 232.125
12500 233.026
12600 233.026
12700 233.927
12800 234.798
12900 236.597
13000 238.814
13100 240.608
13200 242.405
13300 242.405
13400 243.772
13500 244.675
13600 245.106
13700 245.978
13800 246.441
13900 246.862
14000 246.862
100 17
200 25.4951
300 29.0689
400 36.1248
500 41.7732
600 44.6878
700 46.4004
800 48.2597
900 50.8035
1000 53.8516
1100 59.5399
1200 61.4003
1300 65.8635
1400 68.4763
1500 69.3542
1600 73.3553
1700 74.3034
1800 77.026
1900 79.2591
2000 82.7647
2100 85.8836
2200 87.6584
2300 91.7061
2400 93.5201
2500 94.0213
2600 95.7549
2700 96.7988
2800 99.3177
2900 100.225
3000 102.044
3100 104.695
3200 105.19
3300 107.541
3400 108.853
3500 110.168
3600 110.693
3700 110.693
3800 111.615
3900 111.893
4000 112.805
4100 115.395
4200 115.953
4300 117.273
4400 118.533
4500 120.167
4600 120.814
4700 121.491
4800 122.703
4900 125.575
5000 127.487
5100 129.356
5200 129.356
5300 129.973
5400 130.92
5500 131.244
5600 131.244
5700 136.015
5800 136.956
5900 138.928
6000 139.864
6100 140.943
6200 142.338
6300 143.279
6400 143.279
6500 146.441
6600 148.327
6700 150.217
6800 151.162
6900 151.162
7000 152.765
7100 152.765
7200 152.765
7300 153.379
7400 153.708
7500 154.042
7600 154.324
7700 155.589
7800 158.446
7900 158.446
8000 158.446
8100 160.353
8200 161.307
8300 162.262
8400 163.218
8500 164.174
8600 169.248
8700 169.248
8800 170.206
8900 170.329
9000 170.329
9100 172.047
9200 173.303
9300 173.303
9400 175.414
9500 176.465
9600 177.116
9700 178.07
9800 179.271
9900 180.58
10000 180.58
10100 180.945
10200 180.945
10300 182.88
10400 183.848
10500 184.101
10600 186.035
10700 187.003
10800 187.971
10900 189.423
11000 190.16
11100 192.419
11200 192.634
11300 194.031
11400 196.003
11500 196.217
11600 196.217
11700 196.977
11800 197.909
11900 198.879
12000 199.85
12100 200.821
12200 202.763
12300 203.735
12400 204.707
12500 204.707
12600 205.679
12700 206.155
12800 206.155
12900 206.4
13000 206.652
13100 208.598
13200 208.598
13300 209.093
13400 210.319
13500 211.249
13600 211.284
13700 212.269
13800 214.002
13900 214.002
14000 215.956
100 15.2643
200 21.2132
300 25.0799
400 31.0644
500 40
600 44.4072
700 46.6905
800 50.0899
900 52.0865
1000 54.1295
1100 58.0517
1200 60.208
1300 63.1506
1400 65.7343
1500 68.2495
1600 70.859
1700 73.9797
1800 75.8024
1900 78.7718
2000 78.7718
2100 79.7621
2200 84.5931
2300 87.5728
2400 87.5728
2500 88.8144
2600 90.0222
2700 92.0217
2800 93.0215
2900 95.0474
3000 96.0469
3100 98.0816
3200 99.1817
3300 102.24
3400 104.389
3500 106.471
3600 109.037
3700 112.446
3800 113.442
3900 115.434
4000 118.423
4100 119.507
4200 120.599
4300 122.691
4400 122.919
4500 123.045
4600 125.16
4700 128.133
4800 129.988
4900 130.863
5000 131.685
5100 132.85
5200 135.831
5300 136.825
5400 137.819
5500 140.911
5600 142.899
5700 144.007
5800 145.248
5900 145.248
6000 146.24
6100 147.231
6200 150.336
6300 151.954
6400 153.942
6500 153.942
6600 154.829
6700 155.824
6800 155.929
6900 158.146
7000 158.978
7100 160.016
7200 161.112
7300 162.607
7400 163.771
7500 165.747
7600 166.904
7700 166.904
7800 169.706
7900 170.839
8000 173.666
8100 174.797
8200 176.638
8300 176.638
8400 177.91
8500 178.059
8600 180.472
8700 180.499
8800 182.428
8900 186.29
9000 187.515
9100 193.569
9200 194.281
9300 195.969
9400 196.217
9500 196.726
9600 197.692
9700 197.952
9800 200.96
9900 200.96
10000 200.96
10100 202.2
10200 203.16
10300 203.16
10400 203.16
10500 204.475
10600 205.679
10700 207.625
10800 210.545
10900 210.775
11000 211.747
11100 212.72
11200 212.72
11300 213.467
11400 213.694
11500 214.401
11600 214.786
11700 216.585
11800 218.525
11900 218.525
12000 218.525
12100 220.708
12200 222.144
12300 223.432
12400 226.013
12500 226.947
12600 228.035
12700 230.263
12800 231.935
12900 231.935
13000 232.312
13100 234.542
13200 235.468
13300 236.394
13400 237.697
13500 240.477
13600 241.033
13700 242.157
13800 242.924
13900 242.924
14000 243.846
100 14.1421
200 22.3607
300 26.3059
400 30.6757
500 34.4819
600 40.5216
700 43.1741
800 49.4773
900 53.8516
1000 57.0088
1100 57.8705
1200 59.2368
1300 62.2013
1400 69.1158
1500 70.1142
1600 74.108
1700 77.1622
1800 80.3057
1900 82.2982
2000 85.4751
2100 86.7006
2200 87.2812
2300 88.5664
2400 90.6697
2500 92.0706
2600 92.3959
2700 95.5249
2800 96.7471
2900 97.8621
3000 101
3100 103.16
3200 105.906
3300 106.705
3400 108.674
3500 111.005
3600 111.987
3700 113.952
3800 117.085
3900 117.085
4000 117.085
4100 119.05
4200 119.239
4300 120.221
4400 121.495
4500 122.577
4600 123.556
4700 126.495
4800 127.475
4900 129.437
5000 129.634
5100 131.4
5200 133.18
5300 134.164
5400 134.807
5500 134.807
5600 135.366
5700 137.768
5800 139.743
5900 143.544
6000 143.544
6100 144.361
6200 147.313
6300 147.492
6400 149.459
6500 149.643
6600 151.42
6700 152.83
6800 153.805
6900 153.805
7000 154.149
7100 155.756
7200 157.29
7300 157.29
7400 160.702
7500 160.702
7600 161.697
7700 162.693
7800 164.685
7900 165.68
8000 165.68
8100 167.672
8200 169.499
8300 170.496
8400 170.575
8500 173.566
8600 177.553
8700 178.55
8800 180.544
8900 181.541
9000 181.62
9100 182.538
9200 185.607
9300 187.771
9400 188.521
9500 189.594
9600 190.851
9700 191.943
9800 192.044
9900 192.842
10000 195.829
10100 196.825
10200 196.825
10300 199.331
10400 200.325
10500 200.442
10600 203.194
10700 204.189
10800 204.189
10900 205.407
11000 206.177
11100 207.171
11200 207.171
11300 208.504
11400 210.49
11500 210.49
11600 211.993
11700 215.956
11800 218.073
11900 220.055
12000 221.045
12100 223.027
12200 223.027
12300 223.45
12400 224.439
12500 226
12600 231.821
12700 233.566
12800 233.805
12900 235.915
13000 236.907
13100 237.655
13200 239.883
13300 242.739
13400 245.717
13500 248.582
13600 249.576
13700 250.801
13800 252.786
13900 253.9
14000 253.9
100 12.2066
200 20.6155
300 28.2312
400 34.4819
500 39.8497
600 41
700 44.643
800 49.4773
900 51.0784
1000 52.1728
1100 55.0091
1200 57.8014
1300 59.0593
1400 61.7738
1500 65
1600 68.2422
1700 73.0068
1800 77.9359
1900 83.006
2000 85.44
2100 89.5879
2200 93.1933
2300 95.4149
2400 96.7988
2500 99.6243
2600 102.416
2700 104.293
2800 107.201
2900 109.018
3000 110.259
3100 112.614
3200 116.516
3300 117.29
3400 119.474
3500 122.613
3600 123.406
3700 125
3800 125
3900 127.562
4000 128.973
4100 130.384
4200 130.384
4300 131.137
4400 132.322
4500 134.38
4600 134.38
4700 136.693
4800 138.105
4900 140.264
5000 140.929
5100 142.215
5200 142.864
5300 142.864
5400 143.753
5500 143.934
5600 145.344
5700 146.755
5800 147.105
5900 147.513
6000 147.513
6100 148.553
6200 148.822
6300 149.723
6400 151.093
6500 152.817
6600 153.323
6700 153.834
6800 153.834
6900 154.923
7000 156.285
7100 158.493
7200 159.477
7300 161.447
7400 163.417
7500 164.402
7600 165.387
7700 165.387
7800 166.373
7900 166.373
8000 167.359
8100 169.499
8200 170.317
8300 172.192
8400 173.173
8500 174.155
8600 175.756
8700 175.756
8800 176.74
8900 178.709
9000 181.665
9100 183.308
9200 183.308
9300 184.456
9400 185.284
9500 185.443
9600 187.107
9700 188.096
9800 190.074
9900 192.354
10000 194.178
10100 194.33
10200 195.021
10300 197
10400 197
10500 198.759
10600 198.759
10700 199.745
10800 202.704
10900 203.691
11000 205.01
11100 206.344
11200 207.328
11300 208.677
11400 209.296
11500 211.265
11600 211.265
11700 211.265
11800 214.394
11900 215.035
12000 216.021
12100 217.175
12200 217.175
12300 217.348
12400 219.317
12500 220.477
12600 222.445
12700 222.445
12800 224.415
12900 227.543
13000 228.355
13100 228.886
13200 229.689
13300 230.673
13400 231.311
13500 231.482
13600 232.297
13700 234.438
13800 234.438
13900 235.423
14000 236.78
100 14.8661
200 26.1725
300 28.3019
400 31.4006
500 36.0694
600 41.8688
700 46.5296
800 51.6236
900 58.0517
1000 64.1327
1100 66.2193
1200 67.897
1300 70.859
1400 75.505
1500 79.6241
1600 82.3772
1700 86.1452
1800 90.0944
1900 91.4112
2000 93.7443
2100 94.921
2200 97.0824
2300 99.6092
2400 100.603
2500 100.688
2600 102.396
2700 103.581
2800 105.385
2900 108.374
3000 110.454
3100 111.544
3200 114.63
3300 115.624
3400 116.619
3500 118.512
3600 120.503
3700 122.801
3800 122.919
3900 124.579
4000 127.475
4100 128.472
4200 130.465
4300 133.454
4400 133.54
4500 134.536
4600 137.713
4700 139.703
4800 139.703
4900 141.693
5000 144.586
5100 147.489
5200 150.562
5300 152.329
5400 153.264
5500 159.201
5600 162.197
5700 164.195
5800 165.366
5900 167.672
6000 169.756
6100 169.956
6200 171.421
6300 174.27
6400 174.27
6500 176.011
6600 179.025
6700 183.025
6800 185.043
6900 189.042
7000 190.024
7100 191.003
7200 193
7300 193
7400 193.01
7500 193.041
7600 195
7700 196.003
7800 197.01
7900 199.01
8000 200.01
8100 202.002
8200 204.01
8300 204.022
8400 205.01
8500 206.039
8600 207.039
8700 208.06
8800 208.087
8900 211.021
9000 212.021
9100 214.021
9200 215.037
9300 216.021
9400 216.058
9500 217.083
9600 218.083
9700 220.111
9800 222.11
9900 224.109
10000 225.109
10100 226.035
10200 226.221
10300 228.178
10400 228.178
10500 230.139
10600 230.139
10700 230.176
10800 231.175
10900 233.009
11000 233.009
11100 234.009
11200 236.002
11300 237.002
11400 237.002
11500 237.002
11600 237.002
11700 237.135
11800 239.169
11900 239.169
12000 240.052
12100 241.052
12200 242.052
12300 242.052
12400 243.074
12500 244.051
12600 244.051
12700 246.051
12800 246.051
12900 247.073
13000 249.098
13100 252.097
13200 252.198
13300 253.64
13400 256.096
13500 257.124
13600 259.124
13700 260.233
13800 263.23
13900 263.23
14000 264.068
100 16.1555
200 23.1948
300 30.2655
400 37.1214
500 40
600 43.1741
700 47.2969
800 49.4773
900 52.6308
1000 53.8516
1100 57.6975
1200 59.4138
1300 65.4905
1400 68.469
1500 69.4622
1600 71.2531
1700 74.3303
1800 77.1622
1900 81.7068
2000 82.4621
2100 84.4038
2200 88.6002
2300 92.8924
2400 95.3362
2500 96.566
2600 99.6895
2700 100.439
2800 102.611
2900 104.048
3000 104.924
3100 109.142
3200 110.603
3300 113.759
3400 115.248
3500 118.68
3600 120.603
3700 120.88
3800 122.123
3900 124.619
4000 127.781
4100 130.92
4200 130.92
4300 133.462
4400 134.406
4500 136.624
4600 137.295
4700 137.568
4800 139.778
4900 139.864
5000 141.739
5100 142.443
5200 142.622
5300 143.024
5400 143.569
5500 144.312
5600 145.962
5700 147.828
5800 149.696
5900 151.921
6000 153.792
6100 154.729
6200 155.666
6300 156.605
6400 156.952
6500 158.496
6600 159.411
6700 161.245
6800 162.693
6900 164.396
7000 166.628
7100 167.693
7200 168.467
7300 168.751
7400 170.309
7500 171.231
7600 172.154
7700 173.326
7800 175.855
7900 178.084
8000 178.272
8100 179.939
8200 181.797
8300 184.589
8400 184.589
8500 186.454
8600 186.815
8700 186.815
8800 187.387
8900 187.747
9000 187.747
9100 189.613
9200 190.906
9300 191.269
9400 191.269
9500 192.065
9600 192.065
9700 192.416
9800 194.288
9900 195.576
10000 195.931
10100 196.512
10200 198.98
10300 200.96
10400 201.675
10500 203.541
10600 204.362
10700 205.767
10800 206.7
10900 207.634
11000 208.569
11100 208.569
11200 208.926
11300 210.794
11400 213.019
11500 213.953
11600 215.824
11700 216.178
11800 217.35
11900 217.697
12000 218.289
12100 219.228
12200 221.109
12300 221.109
12400 222.05
12500 223.933
12600 224.876
12700 226.762
12800 226.762
12900 227.095
13000 228.373
13100 228.373
13200 228.373
13300 228.668
13400 229.085
13500 230.339
13600 230.688
13700 232.596
13800 233.324
13900 234.542
14000 235.763
100 12.53
200 20.3961
300 24.1868
400 30.0666
500 35.1283
600 40.1123
700 42.19
800 46.0435
900 51.1566
1000 52.1536
1100 53.0094
1200 59
1300 65.0077
1400 69
1500 71.0282
1600 72.111
1700 74.108
1800 76.1643
1900 78.0577
2000 80.025
2100 82.0061
2200 84.006
2300 84.006
2400 84.0238
2500 86.0058
2600 87.023
2700 89.0225
2800 90.05
2900 92.1358
3000 92.1358
3100 94.1913
3200 96.1873
3300 97.4166
3400 100.499
3500 101.4
3600 102.825
3700 104.307
3800 105.304
3900 110.368
4000 112.446
4100 115.624
4200 115.732
4300 119.708
4400 120.702
4500 122.642
4600 123.968
4700 124.952
4800 125.603
4900 128.082
5000 128.082
5100 129.634
5200 131.027
5300 131.848
5400 133.36
5500 133.989
5600 136.624
5700 137.768
5800 138.755
5900 139.743
6000 139.743
6100 140.73
6200 142.706
6300 144.682
6400 145.671
6500 147.503
6600 151.605
6700 152.319
6800 152.319
6900 153.183
7000 154.055
7100 156.179
7200 157.334
7300 159.305
7400 160.29
7500 161.447
7600 162.262
7700 163.248
7800 164.235
7900 165.387
8000 166.544
8100 166.544
8200 167.359
8300 169.169
8400 169.169
8500 171.143
8600 171.143
8700 172.131
8800 172.409
8900 173.658
9000 174.324
9100 176.241
9200 180.081
9300 181.041
9400 182.003
9500 182.964
9600 185.162
9700 185.44
9800 186.4
9900 186.682
10000 186.968
10100 187.361
10200 188.024
10300 189.283
10400 189.283
10500 190.877
10600 191.212
10700 192.925
10800 193.041
10900 193.879
11000 194.833
11100 196.087
11200 197.041
11300 198.177
11400 199.379
11500 200.125
11600 200.661
11700 203.273
11800 205
11900 205.222
12000 205.976
12100 206.952
12200 206.952
12300 208.54
12400 210.535
12500 213.46
12600 214.457
12700 215.455
12800 215.455
12900 215.455
13000 218.387
13100 218.449
13200 218.515
13300 219.447
13400 221.326
13500 223.323
13600 227.372
13700 229.369
13800 232.31
13900 232.31
14000 233.362
100 16.0312
200 24.5153
300 28.0179
400 31.0161
500 34.1321
600 37.4833
700 42.5441
800 47.0106
900 51.4782
1000 53.3385
1100 56.3205
1200 61.2046
1300 66.2722
1400 68.0294
1500 70.4557
1600 73.5527
1700 75.1332
1800 81.0062
1900 81.0062
2000 83.1505
2100 84.006
2200 86.093
2300 87.0919
2400 88.0909
2500 89.822
2600 90.802
2700 92.9624
2800 94.1488
2900 96.1041
3000 97.1288
3100 99.4636
3200 101.4
3300 104.389
3400 104.48
3500 105.575
3600 107.564
3700 109.041
3800 109.836
3900 111.987
4000 112.379
4100 114.28
4200 115.122
4300 117.273
4400 118.423
4500 120.416
4600 122.332
4700 126.321
4800 126.321
4900 128.316
5000 128.316
5100 130.138
5200 130.188
5300 134.302
5400 134.302
5500 140.289
5600 141.287
5700 141.287
5800 141.354
5900 143.283
6000 146.342
6100 149.405
6200 151.4
6300 153.47
6400 154.392
6500 154.729
6600 155.544
6700 158.534
6800 159.615
6900 161.245
7000 163.6
7100 163.6
7200 166.769
7300 168.668
7400 168.76
7500 170.575
7600 170.66
7700 172.569
7800 173.566
7900 176.4
8000 177.387
8100 177.477
8200 179.36
8300 180.51
8400 182.395
8500 183.393
8600 184.329
8700 185.219
8800 187.579
8900 189.391
9000 191.366
9100 192.354
9200 192.512
9300 193.342
9400 193.342
9500 194.879
9600 195.87
9700 196.86
9800 198.842
9900 199.97
10000 200.96
10100 202.237
10200 203.226
10300 205.061
10400 207.041
10500 207.041
10600 207.041
10700 207.894
10800 208.173
10900 208.319
11000 209.38
11100 210.297
11200 211.256
11300 215.232
11400 216.227
11500 217.221
11600 218.323
11700 218.323
11800 219.317
11900 221.531
12000 222.643
12100 223.403
12200 224.511
12300 224.511
12400 225.391
12500 225.504
12600 227.379
12700 227.607
12800 229.713
12900 230.705
13000 231.698
13100 235.669
13200 236.907
13300 238.648
13400 238.648
13500 238.768
13600 239.309
13700 241.299
13800 244.283
13900 247.168
14000 249.064
100 15.2315
200 22.8035
300 28.6356
400 34.0147
500 40.7063
600 42.0595
700 46.1411
800 47.8017
900 51.8652
1000 55.3624
1100 58.8727
1200 60.407
1300 62.2415
1400 64.195
1500 67.0671
1600 67.3573
1700 68.9638
1800 72.5328
1900 75.4321
2000 76.4003
2100 80.2808
2200 80.604
2300 83.5464
2400 86.3134
2500 88.8144
2600 90.2441
2700 91.444
2800 92.7793
2900 93.9042
3000 98.2344
3100 99.925
3200 103.812
3300 104.561
3400 104.676
3500 106.733
3600 108.268
3700 112.009
3800 113.296
3900 115.169
4000 115.521
4100 118.596
4200 119.871
4300 121.491
4400 123.329
4500 124.278
4600 125.228
4700 125.873
4800 127.389
4900 130.545
5000 130.782
5100 131.472
5200 132.004
5300 133.825
5400 134.737
5500 135.65
5600 137.801
5700 138.708
5800 141.439
5900 144.309
6000 145.231
6100 145.619
6200 146.414
6300 148.246
6400 148.246
6500 149.967
6600 151.7
6700 152.611
6800 154.353
6900 155.261
7000 156.109
7100 158.824
7200 159.248
7300 159.248
7400 159.665
7500 160.555
7600 161.447
7700 162.339
7800 163.233
7900 163.233
8000 164.128
8100 164.128
8200 166.82
8300 166.82
8400 167.72
8500 168.621
8600 168.621
8700 169.095
8800 171.047
8900 172.038
9000 172.792
9100 174.542
9200 175.419
9300 176.006
9400 176.006
9500 178.135
9600 179.011
9700 179.494
9800 180.624
9900 181.033
10000 183
10100 183
10200 183.052
10300 185.335
10400 187.115
10500 187.115
10600 188.905
10700 188.905
10800 192.034
10900 193.197
11000 194.18
11100 200.085
11200 200.085
11300 201.884
11400 204.678
11500 205.665
11600 207.639
11700 208.626
11800 211.91
11900 213.722
12000 214.553
12100 215.541
12200 216.021
12300 216.021
12400 217.993
12500 217.993
12600 217.993
12700 218.979
12800 220.952
12900 222.767
13000 223.6
13100 223.6
13200 223.6
13300 224.415
13400 225.4
13500 225.4
13600 227.37
13700 229.513
13800 231.482
13900 233.283
14000 234.269
100 14.7648
200 21.0238
300 26.1725
400 28.1603
500 32.1403
600 34.3657
700 37.0135
800 40.1622
900 43.6807
1000 45.0444
1100 48.0104
1200 52.0096
1300 57.0351
1400 61.2046
1500 64.6297
1600 68.884
1700 71.1969
1800 73.1642
1900 76.2955
2000 79.6241
2100 80.05
2200 81.7863
2300 84.7231
2400 87.6641
2500 89.1964
2600 92.0272
2700 93.3006
2800 93.9202
2900 93.984
3000 96.7988
3100 98.0816
3200 100.285
3300 100.901
3400 100.96
3500 103.846
3600 106.48
3700 108.171
3800 110.114
3900 113.031
4000 114.756
4100 115.521
4200 116.181
4300 116.181
4400 117.444
4500 117.444
4600 120.83
4700 121.807
4800 122.577
4900 122.577
5000 123.556
5100 125.718
5200 125.929
5300 128.655
5400 128.86
5500 129.437
5600 130.419
5700 130.817
5800 132.034
5900 133.034
6000 134.034
6100 135.015
6200 136.004
6300 138.232
6400 140.175
6500 143.349
6600 144.347
6700 145.344
6800 145.344
6900 146.492
7000 148.337
7100 149.405
7200 151.4
7300 151.4
7400 153.395
7500 153.47
7600 153.47
7700 153.47
7800 154.467
7900 156.461
8000 158.455
8100 158.455
8200 158.455
8300 158.455
8400 159.452
8500 159.803
8600 161.793
8700 161.793
8800 161.793
8900 161.793
9000 161.793
9100 162.89
9200 163.884
9300 166.09
9400 167.084
9500 168.315
9600 170.3
9700 170.426
9800 170.558
9900 171.292
10000 171.292
10100 173.277
10200 174.27
10300 175.146
10400 176.255
10500 176.255
10600 178.908
10700 178.908
10800 180.71
10900 182.702
11000 183.698
11100 184.784
11200 186.604
11300 187.601
11400 188.597
11500 189.594
11600 190.444
11700 191.442
11800 191.442
11900 192.2
12000 193.61
12100 195.576
12200 196.237
12300 197.568
12400 198.98
12500 200.562
12600 204.137
12700 205.548
12800 207.06
12900 207.714
13000 208.581
13100 208.581
13200 208.866
13300 210.155
13400 211.646
13500 213.825
13600 213.825
13700 215.523
13800 217.039
13900 218.563
14000 220.737
100 14.0357
200 21.095
300 29.2746
400 33.3766
500 42.0476
600 45.0999
700 47.1699
800 49.0102
900 52.0384
1000 56.0357
1100 61.0328
1200 64.0078
1300 68.0294
1400 72.0278
1500 74.0608
1600 77
1700 81.0555
1800 84.0952
1900 86
2000 88.1419
2100 88.3629
2200 89.3588
2300 90.1998
2400 92.1358
2500 94.1329
2600 95.1315
2700 97.1288
2800 100.285
2900 104.139
3000 105.906
3100 109.142
3200 111.086
3300 114.004
3400 114.756
3500 119.101
3600 120.075
3700 121.277
3800 123
3900 124.197
4000 125.515
4100 127.122
4200 128.32
4300 132.22
4400 136.341
4500 137.317
4600 138.051
4700 139.979
4800 142.618
4900 146.25
5000 150.137
5100 153.287
5200 156.438
5300 156.678
5400 156.924
5500 158.862
5600 161.047
5700 162.985
5800 164.201
5900 165.677
6000 165.94
6100 167.836
6200 169.546
6300 170.766
6400 171.493
6500 172.467
6600 172.957
6700 173.761
6800 174.723
6900 174.874
7000 175.96
7100 177.079
7200 178.306
7300 179.067
7400 179.271
7500 180.624
7600 181.665
7700 182.784
7800 185.723
7900 186.703
8000 187.683
8100 188.664
8200 188.664
8300 190.625
8400 191.802
8500 193.763
8600 194.743
8700 195.724
8800 198.081
8900 199.06
9000 200.661
9100 201.427
9200 202
9300 202.98
9400 204.159
9500 205.922
9600 206.903
9700 208.279
9800 211.419
9900 212.812
10000 213.244
10100 213.244
10200 214.441
10300 215.416
10400 216.391
10500 216.518
10600 217.497
10700 218.68
10800 219.456
10900 222.2
11000 223.973
11100 225.144
11200 225.754
11300 227.721
11400 228.705
11500 231.836
11600 233.985
11700 234.61
11800 236.58
11900 238.38
12000 240.52
12100 240.869
12200 242.033
12300 245.165
12400 247.132
12500 248.298
12600 248.298
12700 249.281
12800 249.281
12900 252.23
13000 253.213
13100 254.38
13200 257.148
13300 257.329
13400 259.925
13500 260.91
13600 261.262
13700 261.262
13800 262.225
13900 264.358
14000 266.332
100 13.0384
200 20.2485
300 31.5753
400 40.4475
500 46.2709
600 50.2494
700 55.3263
800 59.0339
900 62.5859
1000 64.7611
1100 66.9403
1200 70.0928
1300 73.4983
1400 76.0066
1500 78.0577
1600 80.05
1700 82.2253
1800 84.1724
1900 86.5852
2000 90.2441
2100 91.444
2200 93.6216
2300 95.5667
2400 96.5401
2500 97.5141
2600 98.27
2700 102.181
2800 105.119
2900 105.906
3000 108.674
3100 108.853
3200 111.45
3300 112.446
3400 115.122
3500 115.122
3600 117.085
3700 118.068
3800 119.05
3900 119.683
4000 121.495
4100 123.045
4200 124.036
4300 126.02
4400 127.883
4500 128.876
4600 128.996
4700 131.381
4800 133.507
4900 138.6
5000 139.743
5100 140.577
5200 141.566
5300 143.544
5400 145.523
5500 146.24
5600 149.091
5700 149.215
5800 151.327
5900 152.191
6000 152.453
6100 153.062
6200 153.062
6300 155.048
6400 158.028
6500 160.016
6600 161.124
6700 161.245
6800 163.11
6900 163.11
7000 163.768
7100 166.595
7200 167.586
7300 170.558
7400 170.839
7500 173.666
7600 173.666
7700 173.666
7800 174.657
7900 174.797
8000 174.797
8100 174.797
8200 175.787
8300 175.932
8400 176.777
8500 177.071
8600 177.071
8700 178.059
8800 179.047
8900 179.36
9000 180.51
9100 180.679
9200 182.165
9300 182.165
9400 183.153
9500 184.141
9600 186.96
9700 187.107
9800 187.107
9900 188.096
10000 189.085
10100 190.074
10200 190.074
10300 190.224
10400 191.901
10500 192.169
10600 192.925
10700 193.879
10800 195.438
10900 199.552
11000 200.811
11100 201.457
11200 203.364
11300 204.318
11400 204.318
11500 204.978
11600 206.516
11700 206.848
11800 208.734
11900 209.067
12000 209.067
12100 209.096
12200 209.153
12300 210.44
12400 212.664
12500 217.35
12600 219.228
12700 219.572
12800 220.629
12900 221.563
13000 223.081
13100 224.956
13200 224.956
13300 224.956
13400 225.894
13500 226.833
13600 229.055
13700 229.055
13800 229.652
13900 230.933
14000 230.933
100 13.6015
200 17.1172
300 22.3607
400 27.0185
500 30.8058
600 33.6006
700 36.6197
800 38.833
900 41.8808
1000 47.1699
1100 49.7393
1200 53.7122
1300 56.356
1400 60.4649
1500 62.2013
1600 65.5134
1700 69.4262
1800 70.6045
1900 73.0821
2000 75.3127
2100 76.6551
2200 77.8845
2300 79.6304
2400 81.2527
2500 82.7345
2600 84.8528
2700 86.7006
2800 91.7606
2900 97.1442
3000 99.5389
3100 101.39
3200 106.042
3300 108.268
3400 110.494
3500 111.615
3600 113.464
3700 115.317
3800 117.175
3900 117.745
4000 119.038
4100 119.231
4200 120.934
4300 122.776
4400 126.625
4500 126.625
4600 128.035
4700 129.769
4800 131.59
4900 131.59
5000 133.015
5100 134.852
5200 135.085
5300 137.615
5400 137.615
5500 138.159
5600 138.798
5700 140.631
5800 143.781
5900 144.7
6000 146.014
6100 146.414
6200 147.733
6300 147.959
6400 149.466
6500 149.466
6600 151.288
6700 152.611
6800 154.845
6900 156.589
7000 158.824
7100 160.639
7200 161.549
7300 162.459
7400 164.149
7500 165.529
7600 166.172
7700 168.253
7800 170.985
7900 171.898
8000 171.898
8100 173.326
8200 174.642
8300 175.602
8400 177.792
8500 178.709
8600 179.627
8700 179.627
8800 181.86
8900 181.86
9000 182.661
9100 184.491
9200 185.408
9300 187.243
9400 189.082
9500 190.924
9600 191.463
9700 192.769
9800 194.24
9900 195.543
10000 197.396
10100 199.251
10200 199.251
10300 200.18
10400 202.04
10500 202.97
10600 207.634
10700 209.504
10800 211.376
10900 212.445
11000 212.445
11100 213.178
11200 213.178
11300 215.037
11400 215.407
11500 218.289
11600 218.888
11700 218.888
11800 219.228
11900 221.109
12000 221.109
12100 222.05
12200 223.933
12300 224.27
12400 226.833
12500 227.772
12600 227.772
12700 228.712
12800 230.593
12900 232.476
13000 234.361
13100 235.637
13200 235.975
13300 236.315
13400 236.315
13500 236.315
13600 236.916
13700 236.916
13800 238.437
13900 239.385
14000 241.599
