100 12.6491
200 16.1555
300 21.2132
400 28.0713
500 37.0135
600 41
700 45.0444
800 47.0425
900 51.2445
1000 58.0086
1100 60.0333
1200 64
1300 69
1400 74.108
1500 77.1622
1600 79.3095
1700 86.3713
1800 90.3549
1900 92.4392
2000 92.6553
2100 93.4345
2200 97.6217
2300 99.6092
2400 100.603
2500 102.591
2600 105.475
2700 106.569
2800 109.018
2900 109.165
3000 112.04
3100 113.071
3200 114.039
3300 116
3400 117.068
3500 119.067
3600 119.151
3700 121.066
3800 121.066
3900 122.413
4000 122.413
4100 125.196
4200 126.194
4300 128.25
4400 130.188
4500 131.309
4600 132.185
4700 133.454
4800 133.454
4900 134.629
5000 136.62
5100 138.708
5200 139.703
5300 139.703
5400 140.698
5500 141.152
5600 142.411
5700 144.031
5800 144.031
5900 145.031
6000 146.031
6100 147.031
6200 147.031
6300 148.003
6400 150.003
6500 155.003
6600 155.052
6700 156.08
6800 157.013
6900 159.013
7000 159.013
7100 159.013
7200 163.012
7300 167.012
7400 168.012
7500 168.012
7600 169.012
7700 170
7800 170.047
7900 173.003
8000 174.003
100 14
200 18.0278
300 23.3452
400 28.4605
500 34.3657
600 39.2046
700 42.4264
800 48.3735
900 50.636
1000 54.7449
1100 55.9017
1200 60.0167
1300 60.6712
1400 62.3939
1500 66.4831
1600 68.9638
1700 72.2772
1800 74.2159
1900 76.1577
2000 79.8311
2100 81.7863
2200 87.6641
2300 89.0505
2400 91.7824
2500 91.7824
2600 92.9624
2700 94.3398
2800 97.4166
2900 99.3227
3000 100.319
3100 100.404
3200 103.078
3300 105.076
3400 107.117
3500 108.019
3600 109.115
3700 110.114
3800 112.285
3900 116.017
4000 118.017
4100 120.004
4200 122.037
4300 122.102
4400 124.016
4500 126.016
4600 127.142
4700 128.062
4800 130.188
4900 132.185
5000 132.242
5100 133.304
5200 134.451
5300 135.447
5400 137.441
5500 137.441
5600 138.611
5700 139.607
5800 142.594
5900 145.674
6000 146.67
6100 147.665
6200 148.661
6300 150.652
6400 150.652
6500 152.473
6600 152.555
6700 153.47
6800 155.464
6900 155.464
7000 155.464
7100 157.207
7200 159.364
7300 161.443
7400 163.466
7500 163.686
7600 164.146
7700 164.438
7800 166.508
7900 167.362
8000 168.582
100 16.4924
200 25
300 34.7851
400 38.8973
500 41
600 44.4072
700 49.366
800 52.1536
900 53.2353
1000 57.0351
1100 60.075
1200 62.2013
1300 64.0078
1400 64.0078
1500 66.6108
1600 66.7533
1700 70.0071
1800 73.0274
1900 77.0584
2000 80
2100 82.0061
2200 83.006
2300 87.0057
2400 91
2500 92.0054
2600 94.0053
2700 96.0052
2800 97
2900 101.02
3000 104.043
3100 105.019
3200 106.17
3300 108.116
3400 109.225
3500 112.219
3600 113.283
3700 115.434
3800 117.427
3900 119.419
4000 121.413
4100 123.584
4200 125.483
4300 126.479
4400 131.381
4500 133.375
4600 134.629
4700 137.525
4800 140.513
4900 141.51
5000 142.285
5100 144.281
5200 145.279
5300 147.231
5400 148.273
5500 151.212
5600 152.21
5700 152.21
5800 154.052
5900 155.052
6000 155.052
6100 156.042
6200 156.042
6300 158.051
6400 158.051
6500 161.003
6600 164
6700 165.027
6800 165.048
6900 166.508
7000 168.467
7100 169.446
7200 171.406
7300 172.192
7400 172.192
7500 173.003
7600 176.59
7700 177.564
7800 178.997
7900 179.513
8000 179.513
100 12.53
200 19.4165
300 29.0689
400 35.2278
500 42.4264
600 50.636
700 53.7587
800 55.5428
900 57.4891
1000 59.0339
1100 63.5689
1200 66.7083
1300 71.5891
1400 73.7564
1500 75.505
1600 81.0432
1700 82.4621
1800 83.8153
1900 86.6833
2000 89.56
2100 92.4446
2200 93.6803
2300 93.9628
2400 94.921
2500 98.0816
2600 100
2700 101.833
2800 104.062
2900 105.342
3000 105.342
3100 106.977
3200 107.912
3300 107.912
3400 110.136
3500 111.79
3600 114.769
3700 116.867
3800 117.784
3900 119.403
4000 119.775
4100 122.43
4200 123.369
4300 123.369
4400 124.423
4500 124.423
4600 125.355
4700 126.649
4800 127.581
4900 129.808
5000 131.674
5100 131.685
5200 132.034
5300 135.68
5400 138.6
5500 138.842
5600 141.676
5700 142.622
5800 143.569
5900 148.96
6000 150.867
6100 153.734
6200 154.984
6300 156.042
6400 158.24
6500 159.891
6600 162.561
6700 164.125
6800 165.082
6900 166.027
7000 166.087
7100 166.979
7200 168.885
7300 168.885
7400 173.658
7500 175.57
7600 176.528
7700 176.528
7800 177.485
7900 180.646
8000 184.48
100 14.5602
200 22.8035
300 28.6356
400 32.9848
500 36.8782
600 42.107
700 54.3323
800 58.0517
900 58.2495
1000 61
1100 63.3246
1200 65.8027
1300 69.8928
1400 74
1500 79.0569
1600 83.9345
1700 85.235
1800 89.8443
1900 91.4822
2000 93.6803
2100 96.566
2200 98.7168
2300 102.84
2400 106.099
2500 108.908
2600 109.041
2700 111.086
2800 113.031
2900 116.417
3000 118.377
3100 120.208
3200 122.483
3300 123.179
3400 126.775
3500 128.561
3600 128.763
3700 131.244
3800 133.304
3900 134.302
4000 137.295
4100 138.362
4200 139.435
4300 141.428
4400 144.281
4500 146.492
4600 146.492
4700 147.218
4800 148.486
4900 149.566
5000 150.479
5100 151.083
5200 154.392
5300 154.392
5400 156.461
5500 158.455
5600 158.455
5700 162.373
5800 163.371
5900 163.371
6000 163.371
6100 164.368
6200 164.779
6300 165.366
6400 167.362
6500 168.36
6600 168.36
6700 168.502
6800 170.179
6900 171.421
7000 172.491
7100 173.349
7200 175.642
7300 179.471
7400 181.541
7500 182.538
7600 183.535
7700 183.535
7800 185.529
7900 185.529
8000 186.526
100 18.0278
200 24.3311
300 30.8058
400 33.9559
500 39.0512
600 42.7551
700 47.676
800 51.3517
900 54.0833
1000 56.648
1100 60.407
1200 63.2456
1300 67.0522
1400 69.9214
1500 73.4983
1600 77.3692
1700 79.3095
1800 82.9759
1900 86.6833
2000 88.459
2100 89.4427
2200 94.2019
2300 96.5091
2400 97.4936
2500 99.4636
2600 100.449
2700 101.607
2800 102.956
2900 104.938
3000 105.513
3100 108.416
3200 111.324
3300 112.539
3400 115.109
3500 117.388
3600 119.101
3700 120.075
3800 122.25
3900 124.197
4000 127.224
4100 129.097
4200 130.973
4300 132.774
4400 133.754
4500 134.733
4600 137.873
4700 138.852
4800 140.036
4900 141.223
5000 142.201
5100 142.972
5200 143.951
5300 146.014
5400 146.932
5500 147.851
5600 147.851
5700 148.772
5800 150.615
5900 150.615
6000 151.585
6100 154.496
6200 159.355
6300 160.328
6400 162.274
6500 163.248
6600 165.197
6700 170.229
6800 171.21
6900 171.607
7000 173.566
7100 174.347
7200 175.328
7300 176.148
7400 178.272
7500 178.272
7600 178.539
7700 178.765
7800 179.446
7900 180.693
8000 182.631
100 12.083
200 17.8045
300 22.4722
400 26.8328
500 29.8329
600 32.9848
700 37.5766
800 40.3113
900 44.0114
1000 48.8467
1100 52.7731
1200 56.356
1300 56.356
1400 60.4152
1500 62.6099
1600 64.846
1700 67.082
1800 72.45
1900 73.7902
2000 76.5376
2100 77.8974
2200 84.534
2300 86.7698
2400 88.5664
2500 90.802
2600 97.0824
2700 102.552
2800 106.621
2900 106.621
3000 110.693
3100 112.361
3200 113.886
3300 114.162
3400 115.317
3500 118.14
3600 119.331
3700 121.264
3800 123.976
3900 126.147
4000 128.55
4100 131.244
4200 132.442
4300 134.937
4400 137.873
4500 138.293
4600 140.464
4700 142.415
4800 144.586
4900 145.784
5000 146.758
5100 149.164
5200 150.881
5300 153.056
5400 155.756
5500 155.756
5600 156.732
5700 156.732
5800 158.619
5900 159.59
6000 160.562
6100 161.301
6200 161.771
6300 163.248
6400 163.248
6500 163.954
6600 165.197
6700 167.905
6800 168.671
6900 169.544
7000 170.262
7100 171.231
7200 172.026
7300 172.186
7400 174.771
7500 177.37
7600 177.868
7700 178.877
7800 179.388
7900 180.488
8000 181.463
100 11.4018
200 16.7631
300 21.8403
400 29.4109
500 34.176
600 37.3631
700 39.2938
800 43.1045
900 47.0956
1000 49.0918
1100 54.1479
1200 56.0803
1300 60.1332
1400 60.2993
1500 63.1981
1600 64.195
1700 66.2722
1800 67.0671
1900 69.0072
2000 70.2567
2100 72.4431
2200 74.4312
2300 77.3175
2400 79.1012
2500 81.0062
2600 85.0059
2700 87.023
2800 88.0909
2900 88.5664
3000 90.1998
3100 92.5419
3200 94.2603
3300 96.1873
3400 98.2497
3500 100.319
3600 103.392
3700 106.301
3800 108.462
3900 109.371
4000 110.766
4100 111.879
4200 112.872
4300 113.991
4400 114.425
4500 114.586
4600 116.069
4700 117.209
4800 118.089
4900 119.239
5000 123.037
5100 124.036
5200 125.036
5300 127.063
5400 130.096
5500 130.246
5600 132.242
5700 135.237
5800 137.295
5900 140.431
6000 145.417
6100 146.414
6200 146.492
6300 151.4
6400 152.555
6500 153.551
6600 155.464
6700 157.318
6800 158.155
6900 158.155
7000 160.153
7100 160.153
7200 164.149
7300 164.149
7400 165.109
7500 165.109
7600 165.109
7700 166.075
7800 169.074
7900 169.074
8000 172.105
100 15.8114
200 26.4764
300 33.541
400 35.3553
500 39.4588
600 43.1856
700 44.1814
800 46.2709
900 50.0899
1000 52.1536
1100 56
1200 57.0351
1300 60.0333
1400 63.0317
1500 67.0671
1600 70.1142
1700 72.1734
1800 73.0068
1900 75.06
2000 77.1038
2100 79.2275
2200 82.1523
2300 83.2166
2400 85.1469
2500 87.1436
2600 88.1419
2700 90.1388
2800 92.1954
2900 93.1933
3000 93.8616
3100 96.1301
3200 98.0459
3300 99.0051
3400 102.122
3500 104.12
3600 107.019
3700 110.005
3800 110.018
3900 114
4000 115.004
4100 117.004
4200 118.004
4300 121.017
4400 121.037
4500 123.037
4600 123.037
4700 123.199
4800 124.197
4900 125.399
5000 126.396
5100 126.57
5200 128.561
5300 129.468
5400 130.384
5500 132.371
5600 133.304
5700 134.952
5800 135.3
5900 137.058
6000 138.924
6100 138.924
6200 140.911
6300 142.144
6400 144.007
6500 146.113
6600 146.342
6700 148.098
6800 149.656
6900 152.473
7000 152.555
7100 155.39
7200 156.387
7300 157.385
7400 159.531
7500 159.706
7600 160.2
7700 163.248
7800 165.245
7900 166.193
8000 168.241
100 19.105
200 22.0907
300 25.9615
400 29.4109
500 32.0624
600 35.0571
700 38.0132
800 41.1096
900 44.1814
1000 49.2544
1100 50.04
1200 54.1479
1300 57.3149
1400 58.6686
1500 62.434
1600 67.7422
1700 70.3278
1800 73.3553
1900 77.3886
2000 80.1124
2100 81.0247
2200 82.8553
2300 83.7735
2400 84.6936
2500 86.0058
2600 90.6201
2700 92.477
2800 94.1541
2900 95.2733
3000 97.6934
3100 99.3177
3200 102.859
3300 106.452
3400 109.165
3500 111.4
3600 113.217
3700 114.127
3800 118.186
3900 119.507
4000 120.934
4100 121.852
4200 122.25
4300 126.317
4400 128.693
4500 129.619
4600 131.472
4700 136.125
4800 137.058
4900 137.993
5000 139.517
5100 142.338
5200 143.892
5300 144.222
5400 146.103
5500 146.779
5600 148.661
5700 149
5800 150.881
5900 152.434
6000 152.506
6100 153.379
6200 153.379
6300 154.331
6400 155.284
6500 156.541
6600 156.541
6700 157.965
6800 158.862
6900 158.862
7000 159.831
7100 159.831
7200 160.801
7300 162.742
7400 163.713
7500 165.197
7600 165.952
7700 167.045
7800 167.335
7900 170.88
8000 172.122
100 14.0357
200 21.095
300 27.2029
400 30
500 34.8281
600 38.1838
700 41.1096
800 44.1022
900 47.1699
1000 52.6972
1100 57.2014
1200 58.2151
1300 60.407
1400 62.0725
1500 63.0714
1600 68.0294
1700 70.0643
1800 72.8354
1900 75.0733
2000 79.1012
2100 82.1523
2200 84.1487
2300 85.1469
2400 88.1419
2500 89.202
2600 91.1976
2700 99.1262
2800 100.18
2900 102.078
3000 106.118
3100 109.041
3200 110.073
3300 113.071
3400 115.039
3500 115.213
3600 116.4
3700 119.854
3800 121.037
3900 125.016
4000 133.004
4100 135.004
4200 138
4300 139
4400 140.004
4500 140.014
4600 144.003
4700 144.014
4800 146.003
4900 148.03
5000 151.013
5100 153.013
5200 156.013
5300 158.013
5400 159.013
5500 161.012
5600 163.028
5700 165.027
5800 168.027
5900 169.027
6000 170.074
6100 171.073
6200 173.072
6300 173.104
6400 174.141
6500 174.141
6600 177.181
6700 177.229
6800 178.281
6900 178.281
7000 180.136
7100 181.135
7200 183.134
7300 184.133
7400 184.133
7500 186.172
7600 188.096
7700 189.13
7800 190.095
7900 191.094
8000 192.065
100 14.1421
200 18.4391
300 24.6982
400 27.2947
500 29.7321
600 33.2415
700 40.3113
800 44.5533
900 45.9674
1000 50.2494
1100 52.3259
1200 54.7814
1300 57.3149
1400 61.5224
1500 62.2254
1600 63.6396
1700 68.7677
1800 70.2922
1900 71.7008
2000 74.027
2100 75.9276
2200 77.3369
2300 80.1561
2400 84.6286
2500 86.0233
2600 87.7268
2700 89.8276
2800 91.4385
2900 93.3488
3000 94.0479
3100 95.462
3200 98.2904
3300 99.7046
3400 102.552
3500 104.652
3600 105.361
3700 106.794
3800 109.604
3900 110.318
4000 112.432
4100 113.217
4200 114.551
4300 115.261
4400 116.675
4500 118.089
4600 120.216
4700 120.934
4800 122.381
4900 124.483
5000 126.621
5100 128.693
5200 130.832
5300 133.004
5400 134.358
5500 136.132
5600 138.101
5700 138.101
5800 138.463
5900 140.428
6000 141.411
6100 142.394
6200 144.931
6300 145.715
6400 145.715
6500 147.679
6600 147.872
6700 147.872
6800 149.482
6900 150.615
7000 152.594
7100 152.594
7200 156.554
7300 158.676
7400 164.615
7500 164.615
7600 165.605
7700 166.595
7800 169.706
7900 171.686
8000 173.807
100 12.6491
200 21.2132
300 27.4591
400 34.5398
500 39.2938
600 39.8497
700 43.6578
800 46.0977
900 49.0918
1000 51.0392
1100 54
1200 55
1300 59.0339
1400 61.0082
1500 66
1600 68.0074
1700 72.0278
1800 75.0267
1900 78
2000 78.0256
2100 80.025
2200 81.0555
2300 82.0549
2400 85.0529
2500 88
2600 90
2700 91.0494
2800 93.086
2900 99.1262
3000 99.1817
3100 104.043
3200 106.042
3300 111.041
3400 112.04
3500 114.07
3600 115.156
3700 116.004
3800 117.017
3900 119
4000 119
4100 120.337
4200 124.326
4300 126.254
4400 128.39
4500 133.304
4600 133.304
4700 136.367
4800 138.293
4900 140.228
5000 141.227
5100 142.285
5200 144.281
5300 146.342
5400 147.275
5500 148.337
5600 150.163
5700 151.559
5800 152.643
5900 154.029
6000 155.029
6100 157.029
6200 161.078
6300 162.028
6400 162.151
6500 164.195
6600 166.148
6700 167.147
6800 170.144
6900 173.104
7000 175.14
7100 175.14
7200 176.071
7300 176.139
7400 177.045
7500 178.003
7600 180.003
7700 181.003
7800 183.003
7900 184.003
8000 184.024
100 14.2127
200 22.0227
300 31.0644
400 34.7131
500 38.833
600 42.45
700 44.5982
800 48.2701
900 55.3173
1000 59.0339
1100 61
1200 62.8013
1300 65.6201
1400 67.6018
1500 70.214
1600 71.4493
1700 74.4312
1800 77.3175
1900 80.3057
2000 83.4865
2100 86.3713
2200 88.8144
2300 93.1933
2400 96.1873
2500 99.1262
2600 101.178
2700 103.238
2800 103.238
2900 103.392
3000 106.569
3100 109.458
3200 111.544
3300 112.752
3400 114.127
3500 114.856
3600 116.842
3700 118.95
3800 119.942
3900 121.926
4000 123.045
4100 124.169
4200 126.436
4300 129.402
4400 130.246
4500 132.242
4600 134.239
4700 134.35
4800 135.518
4900 137.321
5000 140.161
5100 143.136
5200 144.128
5300 145.382
5400 145.523
5500 146.659
5600 148.492
5700 151.463
5800 152.594
5900 152.594
6000 153.73
6100 156.16
6200 157.334
6300 158.824
6400 160.953
6500 160.953
6600 161.941
6700 162.929
6800 165.605
6900 166.736
7000 166.736
7100 167.726
7200 168.861
7300 169.567
7400 171.549
7500 172.54
7600 174.522
7700 175.385
7800 178.362
7900 181.463
8000 183.448
100 16.0312
200 26.0192
300 31.1448
400 34.0588
500 37.4833
600 43.4166
700 46.3897
800 50.4876
900 53.6004
1000 54.3323
1100 60.4401
1200 61.9839
1300 63.5689
1400 66.2722
1500 69.2604
1600 71.1758
1700 75.2396
1800 80.3057
1900 86.2844
2000 88.278
2100 94.3398
2200 96.421
2300 98.326
2400 99.3227
2500 102.122
2600 103.121
2700 104.12
2800 105.119
2900 107.168
3000 109.165
3100 114.07
3200 115.213
3300 116.155
3400 117.017
3500 118.038
3600 120.037
3700 122.409
3800 124.016
3900 125.004
4000 127.004
4100 128.016
4200 131.015
4300 134.004
4400 134.034
4500 135.059
4600 135.059
4700 135.059
4800 137.015
4900 139.032
5000 139.058
5100 141.014
5200 141.032
5300 143.014
5400 144.031
5500 146.031
5600 147.031
5700 149.03
5800 153.029
5900 154.081
6000 156.115
6100 159.113
6200 160.253
6300 163.248
6400 165.366
6500 167.242
6600 168.241
6700 171.237
6800 172.29
6900 173.566
7000 174.645
7100 175.482
7200 176.726
7300 178.101
7400 178.101
7500 179.714
7600 181.108
7700 181.995
7800 183.448
7900 184.44
8000 185.132
100 13.1529
200 19.4165
300 21.1896
400 30.0832
500 30.8058
600 33.7343
700 38.6394
800 40.5216
900 45.3542
1000 48.8467
1100 51.8941
1200 55.0364
1300 59.9333
1400 61.4003
1500 63.2851
1600 65.2534
1700 67.72
1800 69.6348
1900 72.111
2000 72.4224
2100 76.3217
2200 77.4209
2300 79.7559
2400 80.7775
2500 82.7103
2600 84.1724
2700 85.1469
2800 88.8426
2900 89.0505
3000 89.4986
3100 90.471
3200 93.3916
3300 96.1041
3400 97.9847
3500 98.1835
3600 100.896
3700 102.611
3800 103.586
3900 103.586
4000 104.561
4100 107.49
4200 109.238
4300 111.987
4400 114.935
4500 116.726
4600 118.697
4700 119.52
4800 121.824
4900 122.184
5000 125.32
5100 130.231
5200 130.231
5300 130.231
5400 131.034
5500 132.834
5600 133.821
5700 135.636
5800 138.6
5900 140.161
6000 142.144
6100 142.144
6200 143.265
6300 144.257
6400 144.257
6500 145.774
6600 146.414
6700 147.868
6800 150.748
6900 151.743
7000 153.264
7100 154.263
7200 157.258
7300 160.312
7400 163.196
7500 166.193
7600 167.242
7700 171.187
7800 175.14
7900 176.139
8000 176.23
100 11.7047
200 18.6815
300 24.1868
400 28.4429
500 32.0156
600 38.0132
700 42.0476
800 45.2769
900 52.345
1000 56.4358
1100 60.1332
1200 64.1249
1300 68.0661
1400 71.0282
1500 74.027
1600 80.0999
1700 84.0238
1800 85.0059
1900 86.0523
2000 89.0505
2100 89.202
2200 92.0489
2300 95
2400 95.2575
2500 98.1835
2600 100.18
2700 102.396
2800 106.794
2900 109.772
3000 112.752
3100 113.745
3200 113.745
3300 115.521
3400 118.533
3500 118.697
3600 121.598
3700 123.976
3800 125.172
3900 125.929
4000 126.905
4100 127.883
4200 129.522
4300 129.757
4400 133.154
4500 134.123
4600 135.34
4700 137.277
4800 138.495
4900 138.495
5000 139.979
5100 142.046
5200 143.293
5300 144.544
5400 146.731
5500 148.627
5600 150.526
5700 150.881
5800 154.984
5900 155.322
6000 156.605
6100 156.605
6200 156.732
6300 158.483
6400 161.307
6500 162.865
6600 164.137
6700 165.412
6800 165.412
6900 167.299
7000 167.299
7100 167.601
7200 169.189
7300 172.07
7400 173.012
7500 176.173
7600 177.451
7700 178.732
7800 181.554
7900 183.109
8000 183.109
100 13.0384
200 18.1108
300 28
400 30
500 34.3657
600 37.4833
700 40.7922
800 44.5533
900 50.8035
1000 53.4603
1100 55.9017
1200 57.8705
1300 59.2284
1400 64.9384
1500 66.9104
1600 67.897
1700 67.897
1800 70.214
1900 71.5681
2000 74.3303
2100 74.6726
2200 77.1038
2300 78.0897
2400 81.2158
2500 84.3445
2600 84.5281
2700 91.5915
2800 92.5743
2900 94.7259
3000 95.1893
3100 98.0612
3200 99.2472
3300 101.415
3400 104.048
3500 107.448
3600 108.416
3700 112.294
3800 112.361
3900 115.434
4000 116.417
4100 118.6
4200 121.754
4300 123.693
4400 128.062
4500 128.062
4600 130.771
4700 133.664
4800 136.561
4900 137.528
5000 138.752
5100 139.979
5200 142.874
5300 144.101
5400 145.774
5500 146.741
5600 147.363
5700 148.368
5800 151.162
5900 153.056
6000 154.324
6100 155.901
6200 158.446
6300 159.399
6400 161.307
6500 161.608
6600 162.926
6700 163.884
6800 165.13
6900 165.705
7000 166.481
7100 167.72
7200 168.404
7300 171.292
7400 173.22
7500 174.184
7600 175.149
7700 177.079
7800 177.079
7900 178.045
8000 178.844
100 13
200 21.2603
300 24.1868
400 29.0689
500 33.2415
600 37.3363
700 44.4072
800 48.5077
900 50.636
1000 53.4603
1100 56.0357
1200 56.8859
1300 60.0083
1400 62.0322
1500 63.0079
1600 65.0308
1700 68.0294
1800 70.1142
1900 72.3671
2000 74.5252
2100 76.4853
2200 78.6448
2300 81.0247
2400 83.9524
2500 86.3481
2600 88.7694
2700 89.4986
2800 90.7083
2900 91.4822
3000 93.6216
3100 94.921
3200 98.0816
3300 99.7246
3400 100.96
3500 104.293
3600 105.262
3700 107.448
3800 107.935
3900 109.142
4000 110.856
4100 111.611
4200 114.477
4300 116.662
4400 116.914
4500 118.849
4600 119.817
4700 124.455
4800 124.724
4900 125.96
5000 127.35
5100 131.735
5200 132.004
5300 134.201
5400 135.163
5500 137.528
5600 137.786
5700 139.979
5800 140.132
5900 140.801
6000 142.369
6100 145.602
6200 146.185
6300 147.122
6400 147.828
6500 150.632
6600 151.347
6700 156.371
6800 156.371
6900 157.664
7000 158.028
7100 159.176
7200 160.465
7300 162.336
7400 162.336
7500 162.336
7600 163.982
7700 166.784
7800 169.594
7900 170.532
8000 173.349
100 16.1245
200 26.1725
300 29.2746
400 32.9848
500 36.2215
600 38.3275
700 44.643
800 48.5077
900 52.9528
1000 54.1202
1100 60.208
1200 62.8013
1300 65.7647
1400 66.6108
1500 69.7209
1600 72.9932
1700 77.1038
1800 80.895
1900 84.8528
2000 89.2693
2100 92.6553
2200 94.8947
2300 98.1529
2400 98.3107
2500 100.13
2600 104.087
2700 105.802
2800 106.794
2900 109.33
3000 110.318
3100 111.544
3200 113.78
3300 116.499
3400 117.478
3500 118.512
3600 120.503
3700 123.491
3800 124.579
3900 125.674
4000 127.664
4100 129.653
4200 132.639
4300 134.629
4400 134.629
4500 135.624
4600 137.441
4700 139.291
4800 142.225
4900 143.224
5000 144.222
5100 146.342
5200 149.335
5300 151.476
5400 152.555
5500 154.392
5600 155.631
5700 156.627
5800 157.715
5900 158.71
6000 159.706
6100 160.798
6200 161.697
6300 162.788
6400 165.774
6500 169.756
6600 172.743
6700 174.645
6800 175.482
6900 176.556
7000 179.234
7100 182.102
7200 183.096
7300 183.984
7400 185.973
7500 185.973
7600 186.968
7700 188.175
7800 190.163
7900 193.145
8000 193.145
100 14.5602
200 21.1896
300 24.0416
400 30.3645
500 33.2415
600 33.8378
700 36.6879
800 39.5601
900 42.0119
1000 43.4166
1100 48.7955
1200 50.2096
1300 54.4518
1400 57.0088
1500 62.7694
1600 67.0671
1700 69.0797
1800 72.0902
1900 73.4098
2000 74.3236
2100 78.3901
2200 80.2309
2300 80.6226
2400 82.6378
2500 85.7963
2600 87.6641
2700 91.7606
2800 94.921
2900 95.6347
3000 96.566
3100 99.0051
3200 101.637
3300 102.956
3400 103.87
3500 105.929
3600 109.895
3700 113.864
3800 117.835
3900 119.708
4000 119.708
4100 122.691
4200 125.897
4300 127.883
4400 129.757
4500 130.752
4600 131.746
4700 132.639
4800 133.735
4900 135.447
5000 137.441
5100 139.435
5200 141.354
5300 145.674
5400 150.748
5500 152.738
5600 155.724
5700 156.719
5800 157.623
5900 157.623
6000 160.611
6100 160.611
6200 161.697
6300 162.788
6400 164.779
6500 165.774
6600 166.769
6700 167.765
6800 168.858
6900 168.858
7000 170.848
7100 170.848
7200 171.945
7300 173.833
7400 174.828
7500 175.923
7600 179.903
7700 180.006
7800 180.347
7900 183.698
8000 184.201
100 11.1803
200 17.1172
300 22.2036
400 26.4764
500 31.305
600 35.5106
700 40.5216
800 42.2019
900 48.0937
1000 50.0899
1100 54.1295
1200 57.1402
1300 61.2944
1400 64.195
1500 68.3593
1600 73.2462
1700 75.1665
1800 78.0256
1900 79.0063
2000 80.025
2100 82.0549
2200 84.006
2300 85.0059
2400 90.05
2500 91.022
2600 95.0842
2700 96.0833
2800 100.08
2900 102.176
3000 106.231
3100 109.225
3200 112.285
3300 114.215
3400 120.104
3500 123.146
3600 123.146
3700 125.196
3800 127.252
3900 128.316
4000 130.138
4100 132.136
4200 134.093
4300 135.3
4400 137.091
4500 139.058
4600 140.057
4700 140.057
4800 143.056
4900 144.014
5000 145.169
5100 147.003
5200 149.003
5300 150.013
5400 151.003
5500 152.082
5600 153.209
5700 155.158
5800 157.115
5900 158.051
6000 160.078
6100 160.078
6200 161.05
6300 162.25
6400 165.048
6500 167.012
6600 168.012
6700 170.356
6800 171.353
6900 173.416
7000 174.347
7100 175.345
7200 175.482
7300 176.556
7400 181.466
7500 184.391
7600 185.389
7700 188.383
7800 188.449
7900 190.515
8000 191.377
100 14.7648
200 21.8403
300 26.6833
400 34.0147
500 38.4708
600 41.8808
700 44.0454
800 47.7074
900 50.4777
1000 54.9181
1100 61.0328
1200 62.9682
1300 64.8999
1400 66.2873
1500 67.6757
1600 68.7968
1700 71.3442
1800 71.5612
1900 74.6257
2000 77.3886
2100 80
2200 81.0247
2300 82.662
2400 84.0536
2500 86.5332
2600 91.0494
2700 92.0869
2800 97.0824
2900 99.1817
3000 104.173
3100 105.233
3200 106.301
3300 108.462
3400 109.371
3500 111.041
3600 112.219
3700 113.283
3800 113.358
3900 116.004
4000 118.038
4100 119.038
4200 122.016
4300 125
4400 125.004
4500 126.099
4600 129.004
4700 131
4800 132
4900 133.004
5000 134.034
5100 134.06
5200 135.059
5300 137.091
5400 139.004
5500 140.032
5600 143.056
5700 144.031
5800 145.055
5900 147.136
6000 148.054
6100 149.054
6200 150.735
6300 151.169
6400 153
6500 154.013
6600 155.206
6700 158.202
6800 159.255
6900 160.253
7000 160.312
7100 161.251
7200 161.484
7300 163.719
7400 164.624
7500 165.529
7600 166.508
7700 166.508
7800 168.502
7900 169.499
8000 170.575
100 10.6301
200 18.6011
300 21.2603
400 26.4008
500 31.8277
600 33.3017
700 36.3593
800 39.8121
900 45.7056
1000 50
1100 51.2445
1200 55.3624
1300 57.28
1400 60.8358
1500 62.6498
1600 65
1700 67.1193
1800 69.857
1900 70.9366
2000 74.686
2100 76.4853
2200 80.1124
2300 80.1124
2400 81.0247
2500 82.0792
2600 83.2166
2700 85.235
2800 88.7694
2900 88.7694
3000 91
3100 92.8493
3200 94.7048
3300 96.2081
3400 96.7988
3500 98.3514
3600 99.96
3700 101.843
3800 102.786
3900 106.607
4000 106.902
4100 107.856
4200 108.812
4300 109.11
4400 110.44
4500 111.018
4600 113.886
4700 115.135
4800 115.434
4900 116.726
5000 119.05
5100 122.184
5200 125.132
5300 126.301
5400 126.301
5500 127.283
5600 129.066
5700 132.019
5800 132.019
5900 133.989
6000 135.163
6100 137.088
6200 137.786
6300 139.843
6400 141.76
6500 141.76
6600 143.136
6700 144.921
6800 145.207
6900 145.88
7000 146.164
7100 149.04
7200 150
7300 150
7400 152.191
7500 152.611
7600 155.332
7700 155.332
7800 156.461
7900 157.385
8000 158.66
100 14
200 24.0832
300 31.4006
400 38.0789
500 42.45
600 43.6578
700 51.9711
800 54.7083
900 56.0803
1000 57.8014
1100 58.6686
1200 60.7454
1300 65.7875
1400 68.9638
1500 70.214
1600 71.6101
1700 73.2393
1800 76.6551
1900 80.7775
2000 82.9699
2100 85.6154
2200 87.8009
2300 88.5268
2400 90.2441
2500 94.5939
2600 98.0612
2700 101.607
2800 101.607
2900 103.407
3000 106.921
3100 107.787
3200 111.544
3300 114.438
3400 114.739
3500 117.614
3600 119.708
3700 119.942
3800 122.589
3900 124.579
4000 126.396
4100 128.658
4200 130.553
4300 130.553
4400 132.378
4500 134.536
4600 135.3
4700 139.291
4800 140.602
4900 141.227
5000 145.124
5100 147.763
5200 149.084
5300 155.824
5400 155.929
5500 157.035
5600 161.608
5700 163.6
5800 166.301
5900 167.299
6000 168.241
6100 170.144
6200 174.184
6300 176.045
6400 176.045
6500 177.045
6600 179.003
6700 181.025
6800 184.024
6900 186.067
7000 186.097
7100 188.096
7200 189.024
7300 190.024
7400 190.024
7500 190.066
7600 191.316
7700 191.316
7800 191.377
7900 192.375
8000 195.003
100 12.8062
200 19.2094
300 24.3516
400 31.7805
500 34.2345
600 36.8782
700 44.7214
800 45.8912
900 47.8539
1000 48.8365
1100 50.6952
1200 53.4509
1300 55.5428
1400 59.2368
1500 61.4654
1600 63.3246
1700 66.7308
1800 69.6419
1900 72.111
2000 72.7324
2100 76.5376
2200 81.3204
2300 83.2406
2400 84.4808
2500 86.6833
2600 91.7606
2700 93.9628
2800 95.6033
2900 95.6033
3000 96.1665
3100 97.1236
3200 101.242
3300 102.201
3400 102.883
3500 105.65
3600 106.902
3700 108.06
3800 113.159
3900 114.14
4000 116.103
4100 118.068
4200 118.258
4300 119.331
4400 121.202
4500 124.149
4600 126.115
4700 126.59
4800 130.541
4900 130.698
5000 132.197
5100 133.09
5200 133.54
5300 135.447
5400 137.295
5500 137.295
5600 139.23
5700 139.23
5800 140.228
5900 142.172
6000 143.171
6100 145.169
6200 146.168
6300 146.219
6400 147.275
6500 148.408
6600 149.482
6700 151.559
6800 153.639
6900 154.635
7000 155.464
7100 156.461
7200 157.623
7300 158.619
7400 158.619
7500 160.016
7600 161.009
7700 162.003
7800 162.364
7900 163.487
8000 165.469
100 16.0312
200 23.5372
300 27.4591
400 29.4279
500 33.7343
600 40.1995
700 45.1774
800 45.1774
900 48.5077
1000 50.1597
1100 51.6236
1200 54.3415
1300 60.0333
1400 60.0333
1500 63.3246
1600 69.6348
1700 70.6116
1800 72.7805
1900 75.1332
2000 77.4661
2100 79.4292
2200 82.0366
2300 87.2067
2400 90.05
2500 90.0888
2600 92.0869
2700 93.1343
2800 96.1301
2900 99.0454
3000 101.079
3100 103.121
3200 106.075
3300 109.073
3400 109.115
3500 111.072
3600 113.004
3700 117.004
3800 119.038
3900 120.017
4000 122.016
4100 122.016
4200 123.016
4300 125.004
4400 126.004
4500 127.016
4600 129.062
4700 130.062
4800 132.095
4900 132.136
5000 137.033
5100 138.033
5200 138.362
5300 141.354
5400 144.347
5500 146.414
5600 147.411
5700 149.482
5800 150.403
5900 152.555
6000 154.208
6100 154.467
6200 156.205
6300 157.204
6400 158.202
6500 159.706
6600 162.604
6700 162.604
6800 162.604
6900 163.6
7000 164.003
7100 167
7200 170
7300 172
7400 173.003
7500 173.012
7600 175.003
7700 175.103
7800 176.003
7900 176.638
8000 179.07
100 17.2047
200 23.6008
300 28.3019
400 34.0588
500 37.4433
600 39.5601
700 42.5206
800 45.2217
900 46.1736
1000 50.774
1100 51.9711
1200 55.0727
1300 59.1692
1400 62.6498
1500 65.8635
1600 68.8767
1700 71.1126
1800 72.4983
1900 75.3923
2000 78.5493
2100 81.6088
2200 82.5651
2300 85.0706
2400 86.6833
2500 88.6002
2600 89.8443
2700 90.802
2800 92.9731
2900 96.6075
3000 97.6166
3100 98.8585
3200 100.881
3300 103.092
3400 103.368
3500 106.104
3600 109.836
3700 110.82
3800 112.379
3900 112.379
4000 115.117
4100 117.835
4200 118.95
4300 120.814
4400 123.794
4500 124.788
4600 128.658
4700 129.653
4800 131.643
4900 134.729
5000 137.931
5100 139.918
5200 142.899
5300 143.265
5400 146.373
5500 147.363
5600 148.661
5700 150.652
5800 151.648
5900 152.473
6000 154.467
6100 156.461
6200 160.449
6300 162.373
6400 165.366
6500 166.433
6600 166.433
6700 167.362
6800 171.353
6900 171.353
7000 174.347
7100 177.341
7200 180.336
7300 183.273
7400 184.272
7500 186.269
7600 187.267
7700 187.323
7800 188.597
7900 190.759
8000 194.743
100 14.7648
200 21.5407
300 31.0644
400 36.3456
500 43.4166
600 48.2597
700 51.0098
800 53.0094
900 56.0089
1000 58.0086
1100 62
1200 64.0078
1300 66.0303
1400 69.0072
1500 70.0071
1600 71.3442
1700 74.5453
1800 75.5381
1900 77.7946
2000 80.3617
2100 81.6088
2200 81.9085
2300 84.4808
2400 86.6833
2500 88.6454
2600 92.5743
2700 92.5743
2800 96.5091
2900 97.3242
3000 99.1413
3100 105.929
3200 109.772
3300 112.752
3400 113.745
3500 114.983
3600 114.983
3700 116.25
3800 118.697
3900 118.697
4000 119.683
4100 120.669
4200 121.824
4300 125.132
4400 127.098
4500 128.082
4600 130.05
4700 130.231
4800 130.231
4900 131.4
5000 132.575
5100 134.347
5200 135.148
5300 135.713
5400 136.693
5500 137.102
5600 139.058
5700 139.058
5800 141.014
5900 142.972
6000 143.951
6100 144.931
6200 145.715
6300 148.277
6400 150.233
6500 150.233
6600 151.99
6700 153.951
6800 154.932
6900 156.895
7000 157.089
7100 157.29
7200 158.269
7300 161.251
7400 162.373
7500 163.371
7600 167.242
7700 168.241
7800 170.238
7900 171.292
8000 172.29
100 15.2971
200 21.587
300 27.4591
400 33.2415
500 36.1248
600 41.1947
700 43.1856
800 44.1814
900 46.0435
1000 47.676
1100 49.2443
1200 51.0098
1300 53.6004
1400 55.8032
1500 59.5063
1600 63.1585
1700 66.2118
1800 66.7083
1900 68.1836
2000 70.1783
2100 72.1734
2200 74.1687
2300 76.1643
2400 78.4092
2500 81.9085
2600 85.7263
2700 88.3233
2800 89.4986
2900 90.2441
3000 92.1954
3100 94.3663
3200 96.7678
3300 98.9798
3400 99.6243
3500 100.568
3600 103.755
3700 105.721
3800 107.517
3900 109.659
4000 110.027
4100 110.318
4200 111.879
4300 113.864
4400 115.624
4500 116.619
4600 119.101
4700 122.784
4800 124.535
4900 125.515
5000 126.495
5100 127.675
5200 128.655
5300 129.634
5400 133.555
5500 134.536
5600 134.536
5700 135.329
5800 135.591
5900 137.481
6000 139.946
6100 142.864
6200 146.154
6300 146.986
6400 147.221
6500 148.93
6600 149.907
6700 150.881
6800 152.082
6900 152.315
7000 153.264
7100 154.434
7200 155.293
7300 158.146
7400 158.269
7500 159.201
7600 160.016
7700 162.003
7800 163.11
7900 163.6
8000 164.985
100 15.2971
200 23.0217
300 31.0161
400 35.0571
500 37.2156
600 41.0122
700 44.0454
800 48.1664
900 49.163
1000 54.3323
1100 58.3095
1200 60.531
1300 68.593
1400 71.5681
1500 74.9667
1600 78.9177
1700 80.2309
1800 81.2158
1900 84.0952
2000 86.1452
2100 89.1403
2200 90.2718
2300 92.4392
2400 94.0213
2500 96.0052
2600 99
2700 103.078
2800 104.12
2900 105.076
3000 105.304
3100 107.378
3200 107.378
3300 109.041
3400 109.371
3500 110.018
3600 112.071
3700 115.624
3800 117.516
3900 118.512
4000 118.512
4100 119.507
4200 121.499
4300 125.483
4400 126.479
4500 128.561
4600 131.381
4700 132.242
4800 133.24
4900 134.302
5000 138.293
5100 138.362
5200 139.23
5300 139.23
5400 141.089
5500 142.088
5600 144.087
5700 145.031
5800 146.031
5900 147.031
6000 149.03
6100 150
6200 150.96
6300 153.73
6400 154.719
6500 155.708
6600 156.042
6700 159.022
6800 162.997
6900 163.991
7000 164.104
7100 166.09
7200 167.586
7300 167.586
7400 167.967
7500 170.558
7600 170.839
7700 172.965
7800 173.666
7900 174.072
8000 176.026
100 10.4403
200 19.3132
300 23.7065
400 26.4764
500 33.2415
600 38.3275
700 43.2897
800 45.5412
900 51.1566
1000 52.345
1100 56.0803
1200 58.0775
1300 61.131
1400 64.0703
1500 66.0681
1600 71.1126
1700 73.1095
1800 74.2428
1900 77.2334
2000 78.3135
2100 80.399
2200 82.2982
2300 86.3713
2400 91.351
2500 92.2659
2600 94.3398
2700 96.2549
2800 98.1835
2900 101.242
3000 105.304
3100 106.569
3200 110.073
3300 115.07
3400 119.105
3500 124.036
3600 125.036
3700 128.016
3800 129.062
3900 131.004
4000 132.004
4100 132.015
4200 134.004
4300 135.004
4400 137.004
4500 139.004
4600 141.014
4700 143.003
4800 145
4900 146.003
5000 146.003
5100 148.054
5200 148.054
5300 150.083
5400 151.162
5500 152.161
5600 153.16
5700 155.052
5800 156.051
5900 156.205
6000 157.08
6100 157.204
6200 158.202
6300 159.314
6400 160.702
6500 161.697
6600 164.104
6700 165.339
6800 166.595
6900 168.443
7000 169.706
7100 170.696
7200 170.696
7300 171.828
7400 172.818
7500 174.106
7600 175.094
7700 176.238
7800 177.387
7900 179.201
8000 181.025
100 15.2971
200 25.318
300 31.1448
400 39.4588
500 45.8912
600 47.676
700 49.8197
800 52.7731
900 55.3173
1000 56.4358
1100 57.5674
1200 60.6712
1300 63.7809
1400 65.6201
1500 70.0071
1600 74.2496
1700 74.9667
1800 76.4199
1900 78.6448
2000 82.134
2100 87.7838
2200 90.0278
2300 91.5478
2400 93.2363
2500 94.8103
2600 96.3328
2700 99.0353
2800 101.4
2900 104.809
3000 105.209
3100 106.607
3200 108.407
3300 109.289
3400 110.535
3500 113.569
3600 115.624
3700 116.276
3800 118.258
3900 119.604
4000 121.103
4100 121.264
4200 123.199
4300 124.197
4400 127.318
4500 129.248
4600 130.246
4700 133.24
4800 136.297
4900 139.291
5000 141.354
5100 142.352
5200 143.349
5300 144.347
5400 145.279
5500 146.277
5600 146.277
5700 148.165
5800 150.213
5900 154.208
6000 156.205
6100 157.258
6200 158.202
6300 159.255
6400 161.199
6500 163.248
6600 166.481
6700 167.359
6800 168.648
6900 169.523
7000 171.759
7100 172.662
7200 174.897
7300 178.037
7400 178.037
7500 179.847
7600 180.679
7700 183.358
7800 184.261
7900 185.181
8000 185.648
100 14.4222
200 19.8494
300 22.1359
400 29.0689
500 34.1321
600 42.107
700 48.0104
800 49.163
900 52
1000 55
1100 58
1200 59.0085
1300 60.2993
1400 62.9682
1500 64.9384
1600 67.082
1700 69.0507
1800 69.2315
1900 71.3092
2000 73.4098
2100 75.1532
2200 77.8267
2300 78.8923
2400 81.3019
2500 82.6801
2600 84.1546
2700 88.8651
2800 90.1388
2900 91.7606
3000 93.984
3100 96.7988
3200 97.4987
3300 98.4327
3400 99.368
3500 103.73
3600 106.977
3700 108.467
3800 110.725
3900 111.072
4000 112.009
4100 112.272
4200 114.285
4300 114.285
4400 118.14
4500 120.071
4600 122.972
4700 123.227
4800 124.455
4900 127.346
5000 129.522
5100 131.244
5200 132.22
5300 133.959
5400 137.873
5500 141.014
5600 141.223
5700 143.753
5800 143.753
5900 144.734
6000 145.715
6100 148.661
6200 149.833
6300 152.778
6400 153.17
6500 154.932
6600 156.109
6700 157.089
6800 157.69
6900 159.656
7000 161.447
7100 162.432
7200 163.248
7300 166.208
7400 169.169
7500 171.47
7600 172.131
7700 172.29
7800 173.173
7900 174.155
8000 176.119
100 15.5242
200 20.1246
300 27.2947
400 29.4279
500 32.28
600 34.3657
700 40.0125
800 42.5441
900 46.5188
1000 49.3356
1100 53.1601
1200 56.6127
1300 59.7746
1400 62.0967
1500 63.3246
1600 67.1863
1700 72.0347
1800 73.9797
1900 75.4321
2000 78.1025
2100 83.1986
2200 84.9294
2300 86.8332
2400 88.7694
2500 91.6788
2600 91.6788
2700 92.4446
2800 93.4077
2900 96.1041
3000 98.326
3100 99.3227
3200 100.841
3300 103.368
3400 105.991
3500 107.935
3600 108.908
3700 110.041
3800 112.058
3900 112.539
4000 114.004
4100 114.018
4200 116.017
4300 118.017
4400 118.017
4500 118.258
4600 120.017
4700 121.017
4800 122.184
4900 123.167
5000 124.338
5100 126.495
5200 129.294
5300 130.05
5400 131.034
5500 132.197
5600 133.18
5700 135.148
5800 137.033
5900 137.277
6000 138.755
6100 141.014
6200 142.555
6300 145.523
6400 146.373
6500 148.354
6600 150.336
6700 150.336
6800 151.003
6900 152.453
7000 154.574
7100 156.029
7200 157.277
7300 159.261
7400 160.515
7500 162.496
7600 162.635
7700 163.625
7800 166.595
7900 166.883
8000 167.726
100 15.8114
200 22.0227
300 25.807
400 28.8444
500 31.3847
600 36.7151
700 41.3038
800 44.1814
900 50.3587
1000 52.345
1100 56.4358
1200 60.407
1300 60.531
1400 63.2851
1500 64.3817
1600 66.1891
1700 71.1126
1800 73.1095
1900 74.1687
2000 78.1601
2100 80.1561
2200 82.0061
2300 85.703
2400 87.8635
2500 90.0278
2600 92.3147
2700 94.3663
2800 98.2344
2900 98.8585
3000 99.7246
3100 102.533
3200 104.661
3300 105.38
3400 107.48
3500 110.345
3600 111.732
3700 114.586
3800 116.675
3900 117.388
4000 119.503
4100 120.917
4200 123.045
4300 123.762
4400 126.621
4500 130.231
4600 130.969
4700 131.59
4800 133.004
4900 135.104
5000 137.208
5100 137.931
5200 137.931
5300 140.071
5400 142.215
5500 142.948
5600 143.684
5700 145.097
5800 147.248
5900 147.922
6000 147.98
6100 148.822
6200 150.479
6300 151.648
6400 151.743
6500 153.16
6600 154.208
6700 155.631
6800 156.719
6900 157.509
7000 162.607
7100 165.387
7200 166.208
7300 167.194
7400 168.181
7500 171.304
7600 172.131
7700 173.118
7800 174.106
7900 174.106
8000 176.082
100 15.2971
200 24.0416
300 29.8329
400 35.5106
500 43.4166
600 47.5184
700 51.0882
800 53.0377
900 55.4437
1000 57.0351
1100 60.531
1200 62.3699
1300 63.9531
1400 67.1863
1500 68.1542
1600 70.8308
1700 74.2159
1800 76.9025
1900 79.3095
2000 79.555
2100 81.4923
2200 84.6463
2300 88.3233
2400 91.214
2500 94.1116
2600 95.8801
2700 98.4886
2800 99.4636
2900 100.439
3000 104.346
3100 107.079
3200 113.437
3300 114.425
3400 116.902
3500 119.05
3600 120.033
3700 122.376
3800 122.376
3900 124.338
4000 126.301
4100 127.098
4200 128.082
4300 128.265
4400 129.066
4500 129.066
4600 130.698
4700 135.636
4800 135.636
4900 136.473
5000 136.624
5100 136.781
5200 138.755
5300 139.086
5400 141.174
5500 142.172
5600 144.125
5700 144.17
5800 145.169
5900 146.168
6000 147.167
6100 150.163
6200 151.212
6300 153.209
6400 153.395
6500 154.78
6600 155.756
6700 156.732
6800 159.662
6900 159.662
7000 161.075
7100 163.768
7200 165.605
7300 166.595
7400 168.861
7500 171.828
7600 172.131
7700 173.118
7800 175.094
7900 175.414
8000 177.387
100 17.0294
200 23.0217
300 29
400 34
500 38.0132
600 41.0122
700 43.1045
800 46.0109
900 48.2597
1000 50.2494
1100 53.2353
1200 56.3205
1300 60.0083
1400 61.0082
1500 62.1289
1600 65.192
1700 67.2681
1800 69.3542
1900 71.8471
2000 73.437
2100 75.326
2200 76.7919
2300 78.7718
2400 81.0494
2500 82.8734
2600 84.3445
2700 86.3134
2800 87.2983
2900 88.459
3000 89.4986
3100 94.3663
3200 95.3415
3300 97.2934
3400 101.415
3500 102.391
3600 103.942
3700 104.561
3800 107.355
3900 107.448
4000 110.354
4100 112.294
4200 115.209
4300 115.948
4400 116.914
4500 117.175
4600 117.175
4700 119.101
4800 119.57
4900 123.016
5000 124.278
5100 125.543
5200 127.44
5300 129.988
5400 130.943
5500 130.943
5600 133.15
5700 134.104
5800 135.059
5900 136.488
6000 137.419
6100 137.419
6200 139.176
6300 141.089
6400 142.046
6500 143.892
6600 145.798
6700 147.706
6800 148.661
6900 150.867
7000 150.867
7100 152.778
7200 153.075
7300 153.444
7400 154.331
7500 155.081
7600 156.042
7700 157.965
7800 157.965
7900 159.255
8000 159.48
100 14.8661
200 19.4165
300 25.1794
400 31.8277
500 36.1248
600 39.598
700 41.7253
800 45.2769
900 48.2701
1000 50.9117
1100 53.8238
1200 57.28
1300 60.1415
1400 62.2254
1500 64.3506
1600 65.123
1700 67.1863
1800 69.1809
1900 71.5052
2000 74.3303
2100 77.0779
2200 82.8794
2300 84.2912
2400 86.3713
2500 87.7838
2600 88.5268
2700 90.5207
2800 93.3809
2900 96.1769
3000 98.2904
3100 101.119
3200 103.966
3300 106.888
3400 109.041
3500 109.041
3600 111.072
3700 111.803
3800 113.278
3900 115.521
4000 116.181
4100 116.846
4200 117.593
4300 118.258
4400 119.604
4500 120.283
4600 122.381
4700 124.523
4800 125.936
4900 127.405
5000 128.144
5100 129.402
5200 130.108
5300 131.522
5400 132.231
5500 134.35
5600 136.473
5700 137.186
5800 137.902
5900 138.6
6000 140.688
6100 141.891
6200 142.899
6300 145.561
6400 146.537
6500 146.697
6600 147.092
6700 149.643
6800 151.01
6900 151.608
7000 152.591
7100 153.056
7200 154.26
7300 155.978
7400 155.978
7500 157.003
7600 160.328
7700 160.328
7800 162.274
7900 164.235
8000 164.235
100 16.0312
200 23.4094
300 29.4109
400 34.5398
500 38.9102
600 41.6293
700 46.5188
800 48.7545
900 51.1077
1000 56.8243
1100 56.8243
1200 58.3095
1300 61.0328
1400 62.8013
1500 65.6049
1600 67.8012
1700 71.0282
1800 73.4098
1900 76.0592
2000 76.6942
2100 77.9872
2200 80.0562
2300 81.4678
2400 82.8553
2500 83.006
2600 84.8646
2700 87.3212
2800 90.8735
2900 92.5743
3000 93.4719
3100 95.7079
3200 96.6023
3300 98.4124
3400 98.8838
3500 100.344
3600 101.213
3700 101.597
3800 102.956
3900 105.589
4000 107.355
4100 109.59
4200 109.59
4300 110.91
4400 113.146
4500 114.935
4600 117.184
4700 119
4800 120.934
4900 121.433
5000 123.167
5100 124.169
5200 125.196
5300 126.178
5400 126.178
5500 128.413
5600 129.375
5700 130.173
5800 131.548
5900 131.548
6000 132.401
6100 133.963
6200 135.093
6300 135.351
6400 137.011
6500 137.844
6600 140.901
6700 142.285
6800 143.122
6900 145.055
7000 146.813
7100 148.111
7200 151.717
7300 152.555
7400 154.237
7500 154.237
7600 156.16
7700 157
7800 158.685
7900 159.531
8000 159.531
100 13.0384
200 18.4391
300 28.4253
400 34.2345
500 39.4588
600 42.4264
700 45.5412
800 47.5395
900 50.4876
1000 52.7731
1100 57.0701
1200 60.8276
1300 66.2873
1400 68.884
1500 73.5459
1600 75.4321
1700 77.8781
1800 80.8084
1900 81.6088
2000 83.2406
2100 87.3613
2200 89.0225
2300 91.9239
2400 95.8801
2500 96.4624
2600 99.93
2700 101.193
2800 105.948
2900 110.368
3000 112.579
3100 114.791
3200 116.387
3300 117.341
3400 121.458
3500 122.528
3600 123.665
3700 125.575
3800 125.575
3900 127.13
4000 128.39
4100 129.973
4200 130.92
4300 132.518
4400 133.795
4500 134.737
4600 136.956
4700 137.899
4800 138.842
4900 139.646
5000 140.616
5100 141.51
5200 143.377
5300 144.544
5400 144.544
5500 145.784
5600 147.492
5700 148.297
5800 150.137
5900 153.056
6000 156.179
6100 158.858
6200 161.012
6300 162.975
6400 164.939
6500 166.307
6600 169.446
6700 170.426
6800 173.173
6900 174.545
7000 174.545
7100 176.918
7200 177.902
7300 179.524
7400 180.51
7500 185.607
7600 187.417
7700 187.92
7800 190.066
7900 192.034
8000 193.018
100 16.5529
200 23.0868
300 30.4631
400 34.176
500 35.1141
600 38.4708
700 42.19
800 46.8722
900 51.788
1000 56.7186
1100 61.4003
1200 65.9242
1300 71.8471
1400 72.5672
1500 74.7329
1600 76.9025
1700 79.8311
1800 82.7647
1900 87.8635
2000 88.8426
2100 92.7631
2200 95.3415
2300 100.02
2400 102.181
2500 104.924
2600 105.119
2700 107.28
2800 107.49
2900 110.856
3000 113.565
3100 115.953
3200 119.854
3300 120.83
3400 121.511
3500 124.338
3600 124.74
3700 128.86
3800 130.817
3900 132.981
4000 133.959
4100 134.733
4200 135.915
4300 136.781
4400 136.781
4500 138.452
4600 140.431
4700 141.411
4800 144.361
4900 147.492
5000 149.459
5100 150.443
5200 151.608
5300 152.591
5400 153.76
5500 156.895
5600 157.877
5700 159.05
5800 161.994
5900 162.975
6000 163.957
6100 165.738
6200 170.038
6300 171.21
6400 172.792
6500 174.748
6600 175.727
6700 176.912
6800 178.101
6900 180.826
7000 181.033
7100 183.199
7200 185.586
7300 188.298
7400 189.644
7500 190.822
7600 192.588
7700 192.588
7800 194.165
7900 194.363
8000 196.148
100 13.3417
200 18.6011
300 24.2074
400 27.6586
500 30.4631
600 34.6554
700 38.2884
800 43.1393
900 46.0977
1000 51.0882
1100 55
1200 57.2014
1300 59.4643
1400 63.0317
1500 64.5368
1600 68.7677
1700 72.2496
1800 76.4853
1900 78.7464
2000 82.3286
2100 83.7377
2200 88.459
2300 90.5207
2400 93.086
2500 94.0213
2600 95.6033
2700 97.6166
2800 97.8008
2900 97.8008
3000 99.4032
3100 102.801
3200 103.228
3300 105.209
3400 109.403
3500 112.414
3600 113.464
3700 114.856
3800 116.812
3900 121.264
4000 122.967
4100 126.57
4200 129.495
4300 130.361
4400 132.098
4500 132.97
4600 133.255
4700 133.6
4800 134.462
4900 135.326
5000 135.326
5100 136.693
5200 137.058
5300 137.379
5400 141.51
5500 143.122
5600 144.586
5700 148.189
5800 150.333
5900 152.322
6000 153.395
6100 155.396
6200 156.247
6300 158.808
6400 160.524
6500 161.555
6600 162.41
6700 162.61
6800 162.61
6900 163.478
7000 164.347
7100 164.347
7200 164.624
7300 166.09
7400 166.09
7500 167.839
7600 168.716
7700 170.699
7800 173.511
7900 175.071
8000 176.477
100 15.2971
200 21.5407
300 27.2029
400 31.3209
500 35.4401
600 38.8973
700 43.0116
800 43.6578
900 47.4342
1000 50.2892
1100 53.1601
1200 55.7853
1300 58.6941
1400 60.7454
1500 62.6099
1600 65.5134
1700 67.4166
1800 69.8928
1900 73.8173
2000 79.6304
2100 80.8022
2200 83.006
2300 88.2326
2400 89.0505
2500 91.9239
2600 94.5145
2700 95.7706
2800 96.2549
2900 96.6488
3000 99.0202
3100 100.648
3200 102.083
3300 104.35
3400 106.527
3500 109.636
3600 112.004
3700 113.406
3800 116.825
3900 119.808
4000 123.227
4100 124.808
4200 125.603
4300 126.036
4400 128.226
4500 131.655
4600 132.439
4700 133.225
4800 134.715
4900 136.653
5000 138.058
5100 138.683
5200 139.463
5300 140.246
5400 141.014
5500 142.636
5600 143.45
5700 145.661
5800 147.635
5900 148.449
6000 150.426
6100 153.219
6200 156.208
6300 157.801
6400 159
6500 161.385
6600 162.247
6700 167.048
6800 167.863
6900 168.808
7000 168.808
7100 169.614
7200 171.172
7300 172.038
7400 173.28
7500 174.642
7600 176.006
7700 176.502
7800 177.003
7900 177.747
8000 180.602
100 16.0312
200 21.2132
300 26.3059
400 33.7343
500 38.4708
600 42.0119
700 44.1022
800 48.0416
900 49.0408
1000 50.0899
1100 53.0848
1200 56.0089
1300 56.8859
1400 59.0339
1500 61.8466
1600 65.7951
1700 69.3542
1800 71.8053
1900 74.4648
2000 75.3923
2100 76.6942
2200 81.0247
2300 82.7647
2400 86.885
2500 89.0505
2600 92.1954
2700 95.462
2800 95.462
2900 96.933
3000 97.1236
3100 98.6154
3200 100.464
3300 104.043
3400 107.856
3500 108.467
3600 111.973
3700 113.6
3800 115.802
3900 116.09
4000 119.369
4100 122.262
4200 123.491
4300 123.491
4400 126.384
4500 128.845
4600 129.541
4700 130.507
4800 132.439
4900 134.123
5000 135.595
5100 135.595
5200 136.062
5300 136.561
5400 136.561
5500 139.216
5600 140.431
5700 143.339
5800 144.554
5900 145.279
6000 146.031
6100 146.997
6200 147.963
6300 149.646
6400 150.615
6500 151.585
6600 152.082
6700 154.029
6800 155.756
6900 157.709
7000 158.474
7100 158.474
7200 160.056
7300 161.012
7400 163.884
7500 164.56
7600 166.481
7700 167.171
7800 170.602
7900 171.84
8000 172.525
100 13
200 20.8806
300 25
400 32.9848
500 39.5601
600 45.2217
700 50.2892
800 56.0446
900 59.7746
1000 66.2193
1100 69.857
1200 74.3303
1300 74.3303
1400 79.2465
1500 84.0119
1600 85.3288
1700 91.9239
1800 97.0155
1900 98.8585
2000 103.817
2100 106.921
2200 109.293
2300 112.161
2400 114.215
2500 119.151
2600 121.037
2700 125.016
2800 128.004
2900 129.004
3000 133
3100 136
3200 139.014
3300 141.004
3400 145.003
3500 146.003
3600 149.03
3700 150.03
3800 154.003
3900 155.029
4000 157.029
4100 159.028
4200 164.003
4300 164.012
4400 165.012
4500 168.012
4600 170.012
4700 171.047
4800 174.026
4900 174.026
5000 175.026
5100 177.025
5200 180.025
5300 182.069
5400 183.044
5500 185.043
5600 185.043
5700 187.024
5800 191.042
5900 191.065
6000 192.065
6100 193.127
6200 194.064
6300 194.064
6400 195.31
6500 196.308
6600 196.308
6700 200.04
6800 201.062
6900 202.089
7000 202.089
7100 203.089
7200 204.353
7300 206.41
7400 206.475
7500 207.155
7600 210.288
7700 211.341
7800 211.4
7900 213.338
8000 215.335
100 15.0333
200 22.561
300 30.0832
400 33.7343
500 36.4005
600 38.6264
700 42.72
800 43.8634
900 46.2709
1000 50
1100 52.8867
1200 55.7853
1300 57.4891
1400 64.0312
1500 66.4831
1600 72.5328
1700 75
1800 77.201
1900 80.7775
2000 82.5651
2100 85.1645
2200 86.5852
2300 87.8009
2400 90.377
2500 93.4719
2600 94.3716
2700 98.4886
2800 101.553
2900 104.235
3000 106.024
3100 108.259
3200 110.476
3300 113.146
3400 113.146
3500 114.948
3600 115.004
3700 115.004
3800 117.184
3900 119.419
4000 120.768
4100 121.655
4200 126.127
4300 127.016
4400 128.798
4500 129.252
4600 131.484
4700 133.72
4800 134.618
4900 136.418
5000 137.753
5100 139.556
5200 139.918
5300 142.144
5400 144.128
5500 144.128
5600 148.098
5700 150.96
5800 151.954
5900 152.948
6000 158.808
6100 159.803
6200 161.009
6300 163.23
6400 168.315
6500 168.315
6600 170.3
6700 171.418
6800 175.514
6900 177.496
7000 179.48
7100 180.472
7200 181.463
7300 181.593
7400 182.584
7500 182.584
7600 183.576
7700 184.567
7800 184.567
7900 186.682
8000 187.673
100 14.8661
200 20.8087
300 25.632
400 29.9666
500 33.6155
600 35.8469
700 39.2173
800 42.0476
900 45.8803
1000 50.2892
1100 53.7122
1200 56.3649
1300 58.3095
1400 61.0983
1500 64.195
1600 71.1688
1700 74.0405
1800 75
1900 76.6551
2000 77.6209
2100 81.3449
2200 86.3771
2300 88.0227
2400 90.7579
2500 90.7579
2600 92.358
2700 93.4077
2800 94.3398
2900 97.2677
3000 98.2344
3100 100.896
3200 102.84
3300 103.078
3400 106.099
3500 106.513
3600 107.87
3700 109.836
3800 110.644
3900 114.586
4000 118.533
4100 119.365
4200 120.669
4300 122
4400 125.132
4500 127.283
4600 127.283
4700 127.675
4800 130.05
4900 132.004
5000 132.22
5100 132.981
5200 133.959
5300 134.164
5400 137.528
5500 138.495
5600 138.752
5700 139.979
5800 140.246
5900 141.209
6000 143.136
6100 143.405
6200 143.59
6300 146.031
6400 146.751
6500 147.959
6600 149.933
6700 151.585
6800 153.056
6900 156.205
7000 157.41
7100 158.382
7200 158.902
7300 159.878
7400 162.779
7500 163.918
7600 164.906
7700 164.906
7800 164.906
7900 165.895
8000 166.928
100 14.2127
200 19.4165
300 23.3238
400 28.3196
500 32.573
600 36.3593
700 40.5216
800 43.6807
900 45.3542
1000 50.2195
1100 52.1728
1200 54.4243
1300 57.9396
1400 60.407
1500 63.561
1600 65.8027
1700 68.0074
1800 70.8802
1900 72.4224
2000 75.8947
2100 76.896
2200 77.2528
2300 78.0577
2400 79.4796
2500 81.7068
2600 82.6378
2700 83.9345
2800 88.6002
2900 92.1141
3000 93.984
3100 94.921
3200 96.933
3300 98.4124
3400 101.134
3500 102.956
3600 104
3700 105.309
3800 107.154
3900 107.424
4000 108.632
4100 111.427
4200 115.169
4300 116.108
4400 117.393
4500 118.271
4600 119.218
4700 120.167
4800 120.167
4900 122.385
5000 122.385
5100 122.385
5200 123.693
5300 126.846
5400 129.077
5500 130
5600 130
5700 131.848
5800 132.401
5900 132.401
6000 133.33
6100 133.33
6200 135.351
6300 136.624
6400 138.192
6500 139.46
6600 139.786
6700 142.004
6800 144.838
6900 146.414
7000 146.731
7100 148.627
7200 148.627
7300 150.217
7400 152.122
7500 152.427
7600 152.738
7700 152.83
7800 155.769
7900 157.696
8000 158.66
100 15.6205
200 20.6155
300 24.5967
400 29.0172
500 33.0151
600 41.0122
700 44.0114
800 49.0102
900 50.01
1000 54.0093
1100 57.0088
1200 60.0083
1300 62.0081
1400 66.0076
1500 70.0643
1600 73.0274
1700 79.1581
1800 84.1487
1900 86.1452
2000 90.2718
2100 92.2659
2200 94.3398
2300 98.326
2400 101.242
2500 101.242
2600 104.043
2700 105.043
2800 108.042
2900 108.167
3000 109.293
3100 112.161
3200 114.158
3300 116.108
3400 119.151
3500 120.15
3600 120.15
3700 120.204
3800 121.066
3900 123.065
4000 126.151
4100 127.142
4200 128.133
4300 130.25
4400 132.231
4500 133.222
4600 133.36
4700 133.36
4800 135.204
4900 136.066
5000 136.066
5100 136.894
5200 137.873
5300 137.873
5400 139.488
5500 140.464
5600 143.391
5700 144.554
5800 146.492
5900 149.402
6000 150.137
6100 151.855
6200 153.805
6300 155.003
6400 156.924
6500 160.639
6600 160.639
6700 161.617
6800 162.595
6900 162.807
7000 163.487
7100 164.939
7200 164.939
7300 166.904
7400 166.904
7500 167.869
7600 169.8
7700 170.062
7800 170.206
7900 170.602
8000 174.324
100 14.4222
200 22.6716
300 29.0689
400 33.0151
500 36.3593
600 42.72
700 46.8402
800 50.5964
900 55.5428
1000 57.7235
1100 61.131
1200 64.7611
1300 66.0984
1400 66.7083
1500 70.3491
1600 72.2496
1700 74.108
1800 77.1038
1900 80.0999
2000 82.0549
2100 85.0529
2200 86.093
2300 87.0919
2400 88.0909
2500 90.0888
2600 91.022
2700 91.022
2800 93.2631
2900 95.1893
3000 96.2549
3100 97.2522
3200 97.3293
3300 99.2472
3400 100.499
3500 102.318
3600 104.547
3700 107.703
3800 108.632
3900 109.563
4000 111.427
4100 112.009
4200 112.721
4300 114.215
4400 117.209
4500 119.269
4600 120.15
4700 121.149
4800 121.149
4900 123.175
5000 124.868
5100 127.393
5200 129.468
5300 130.384
5400 132.544
5500 133.454
5600 135.447
5700 135.624
5800 136.092
5900 138.091
6000 140.982
6100 143.031
6200 143.736
6300 144.755
6400 146.123
6500 146.986
6600 148.084
6700 151.083
6800 152.118
6900 154.029
7000 157.258
7100 158.256
7200 159.38
7300 160.378
7400 162.373
7500 162.373
7600 162.373
7700 162.373
7800 162.373
7900 166.364
8000 167.362
100 13.6015
200 22.3607
300 27.2947
400 33.1361
500 38.0526
600 41.4849
700 43.4166
800 46.4866
900 52.1728
1000 56.0892
1100 61.8142
1200 65.6201
1300 66.6108
1400 69.3542
1500 72.5603
1600 73.5527
1700 78.5175
1800 80.399
1900 80.399
2000 83.3847
2100 84.3801
2200 85.9069
2300 88.8426
2400 89.822
2500 91.444
2600 91.444
2700 91.7824
2800 92.9139
2900 94.1116
3000 95.1893
3100 97.0824
3200 98.9798
3300 101.597
3400 103.74
3500 105.081
3600 107.224
3700 109.371
3800 110.368
3900 112.606
4000 113.547
4100 116.108
4200 116.108
4300 116.709
4400 119.541
4500 120.487
4600 123.976
4700 127.138
4800 130.035
4900 131.32
5000 131.913
5100 132.257
5200 134.134
5300 135.772
5400 137.615
5500 137.615
5600 138.398
5700 139.316
5800 139.463
5900 140.631
6000 143.673
6100 144.931
6200 148.034
6300 148.933
6400 151.638
6500 153.873
6600 156.109
6700 157.496
6800 158.405
6900 161.137
7000 161.645
7100 163.478
7200 165.315
7300 165.711
7400 166.628
7500 168.467
7600 169.387
7700 169.924
7800 171.773
7900 171.773
8000 171.773
100 16.1245
200 27.8568
300 31.7805
400 37.5899
500 40
600 44.6542
700 50.6063
800 52.8394
900 55.5698
1000 59.0762
1100 61.327
1200 62.426
1300 64.8151
1400 68.2495
1500 72.8011
1600 75.8024
1700 77.8974
1800 82.0366
1900 84.1487
2000 86.2786
2100 87.7268
2200 89.8276
2300 89.8276
2400 92.8493
2500 95.4254
2600 96.8297
2700 99.1564
2800 100.658
2900 100.658
3000 101.237
3100 101.912
3200 102.65
3300 104.005
3400 104.005
3500 106.075
3600 108.904
3700 108.904
3800 109.622
3900 109.772
4000 111.508
4100 112.872
4200 113.864
4300 115.974
4400 117.72
4500 119.821
4600 121.807
4700 125.897
4800 130.115
4900 131.381
5000 131.381
5100 133.09
5200 135.074
5300 136.066
5400 141.028
5500 144.007
5600 145
5700 145.993
5800 148.862
5900 150.851
6000 153.942
6100 156.818
6200 158.028
6300 159.022
6400 160.016
6500 163.11
6600 163.991
6700 166.09
6800 166.973
6900 167.2
7000 168.077
7100 172.052
7200 173.046
7300 173.046
7400 176.028
7500 177.133
7600 178.126
7700 178.126
7800 178.908
7900 178.908
8000 179.805
100 17
200 24.7386
300 30.8058
400 37.4833
500 43.7379
600 47.676
700 51.6236
800 54.1295
900 56.8859
1000 58.6941
1100 59.9083
1200 64.0312
1300 68.4105
1400 75.8947
1500 79.1202
1600 81.7435
1700 83.1986
1800 86.122
1900 88.5268
2000 92.4175
2100 92.6499
2200 96.5401
2300 100.439
2400 102.391
2500 103.368
2600 103.586
2700 104.924
2800 105.849
2900 106.705
3000 110.476
3100 111.987
3200 112.969
3300 115.741
3400 116.499
3500 117.478
3600 117.478
3700 118.663
3800 124.169
3900 128.133
4000 129.124
4100 130.115
4200 135.204
4300 137.058
4400 137.058
4500 138.051
4600 139.043
4700 141.028
4800 142.021
4900 143.014
5000 143.684
5100 146.113
5200 148.098
5300 150.336
5400 153.31
5500 153.444
5600 154.719
5700 156.697
5800 158.978
5900 160.953
6000 162.779
6100 165.061
6200 166.048
6300 167.194
6400 170
6500 171.828
6600 173.807
6700 174.797
6800 176.638
6900 177.629
7000 178.62
7100 179.611
7200 181.593
7300 183.576
7400 184.567
7500 184.567
7600 185.432
7700 186.424
7800 188.29
7900 189.402
8000 192.263
100 16.7631
200 23.7697
300 30.0832
400 36.8782
500 47.2969
600 50.9902
700 59.2284
800 62.3699
900 68.2495
1000 69.6348
1100 72.1803
1200 78.339
1300 81.2527
1400 85.3756
1500 85.3756
1600 88.295
1700 91.6788
1800 98.656
1900 100.449
2000 102.259
2100 105.546
2200 109.33
2300 111.463
2400 113.952
2500 115.261
2600 118.457
2700 119.436
2800 121.396
2900 122
3000 123.556
3100 123.968
3200 126.479
3300 128.561
3400 131.548
3500 134.629
3600 135.532
3700 138.654
3800 141.792
3900 143.951
4000 146.113
4100 149.255
4200 149.466
4300 150.443
4400 152.398
4500 154.029
4600 156.952
4700 158.902
4800 158.902
4900 159.878
5000 162.607
5100 164.575
5200 165.56
5300 166.208
5400 168.181
5500 171.642
5600 175.582
5700 177.902
5800 178.885
5900 179.869
6000 180.189
6100 181.868
6200 183.848
6300 183.992
6400 185.526
6500 185.723
6600 188.298
6700 189.655
6800 193.494
6900 193.494
7000 194.612
7100 197.99
7200 200.96
7300 201.249
7400 202.544
7500 205.507
7600 206.495
7700 206.652
7800 206.652
7900 206.814
8000 208.787
100 13.6015
200 17.6918
300 24.8395
400 34.4384
500 38.6264
600 41.4367
700 45.2217
800 49.0408
900 51.4198
1000 52.3927
1100 55.3173
1200 59.6657
1300 66.7083
1400 68.1542
1500 74.4648
1600 78.1025
1700 81.0247
1800 83.9524
1900 86.885
2000 91.7824
2100 92.9624
2200 94.1488
2300 96.1041
2400 97.5141
2500 97.5141
2600 98.4886
2700 99.2018
2800 100.663
2900 103.368
3000 104.809
3100 107.448
3200 108.522
3300 111.683
3400 113.053
3500 114.018
3600 115.694
3700 117.388
3800 118.406
3900 121.05
4000 123
4100 123
4200 125.877
4300 126.372
4400 127.346
4500 131.469
4600 133.417
4700 136.565
4800 137.317
4900 139.488
5000 141.223
5100 144.069
5200 146.986
5300 147.959
5400 148.933
5500 150.153
5600 151.38
5700 152.345
5800 153.769
5900 154.806
6000 156.042
6100 156.732
6200 161.124
6300 161.4
6400 163.049
6500 163.049
6600 164.454
6700 165.94
6800 166.138
6900 168.077
7000 170.511
7100 171.991
7200 174.184
7300 175.149
7400 175.855
7500 176.822
7600 177.789
7700 180.447
7800 180.693
7900 182.428
8000 182.428
100 12.7279
200 19.4165
300 24.0416
400 29.2062
500 33.2866
600 37.108
700 39.1152
800 44.8219
900 48.1664
1000 52.345
1100 55.1543
1200 56.6392
1300 58.6941
1400 61.5224
1500 63.6553
1600 65.8559
1700 66.8431
1800 69.029
1900 70.7248
2000 72.2772
2100 73.9797
2200 77.8845
2300 80.6598
2400 82.7587
2500 84.1487
2600 85.5862
2700 87.6926
2800 89.1964
2900 91.4385
3000 94.1754
3100 97.5807
3200 98.9949
3300 99.7046
3400 101.828
3500 101.828
3600 103.228
3700 104.043
3800 105.119
3900 108.724
4000 108.724
4100 110.114
4200 110.68
4300 111.252
4400 113.569
4500 116.4
4600 118.697
4700 121.631
4800 124.064
4900 125.936
5000 125.936
5100 127.581
5200 128.515
5300 129.449
5400 130.545
5500 130.545
5600 133.701
5700 135.004
5800 135.004
5900 135.93
6000 138.159
6100 142.243
6200 143.171
6300 144.848
6400 148.003
6500 149.857
6600 150.785
6700 151.714
6800 152.846
6900 154.156
7000 154.548
7100 155.077
7200 156.78
7300 158.095
7400 159.013
7500 159.931
7600 164.003
7700 164.924
7800 166.388
7900 167.314
8000 168.241
100 13.4164
200 21.0238
300 29.6816
400 34.8855
500 39.8246
600 43.1856
700 48.2701
800 51.3128
900 54.626
1000 58.6941
1100 60.5392
1200 64.846
1300 65.8635
1400 69.3542
1500 71.3442
1600 72.5603
1700 75.452
1800 77.666
1900 80.1561
2000 82.6196
2100 84.0595
2200 84.2021
2300 84.5044
2400 86.5332
2500 88.7525
2600 95.1893
2700 97.4166
2800 99.6444
2900 103.247
3000 106.532
3100 108.724
3200 111.221
3300 112.361
3400 114.586
3500 115.966
3600 117.414
3700 119.038
3800 121.828
3900 124.278
4000 127.063
4100 127.64
4200 128.222
4300 129.619
4400 131.244
4500 131.244
4600 132.639
4700 133.405
4800 135.915
4900 137.568
5000 138.698
5100 139.521
5200 142.004
5300 142.285
5400 143.962
5500 145.89
5600 145.962
5700 147.828
5800 149.496
5900 150.333
6000 152.013
6100 154.237
6200 154.237
6300 155.926
6400 156.774
6500 160.312
6600 161.419
6700 163.083
6800 163.918
6900 163.918
7000 164.985
7100 165.846
7200 168.119
7300 170.88
7400 172.261
7500 173.948
7600 175.026
7700 175.642
7800 177.341
7900 179.471
8000 180.314
100 14.1421
200 22.3607
300 28.0713
400 33.2415
500 37.7359
600 41.0488
700 44.1814
800 47.1699
900 50.3587
1000 55.7315
1100 60.407
1200 62.3939
1300 67.1193
1400 68.9638
1500 72.5603
1600 74.0945
1700 76.6616
1800 78.7718
1900 80.9938
2000 81.5414
2100 83.2166
2200 85.4927
2300 86.9253
2400 87.2353
2500 90.0777
2600 93.2309
2700 93.6216
2800 95.8541
2900 97.3088
3000 101.553
3100 105.603
3200 107.019
3300 108.688
3400 109.59
3500 113.217
3600 114.127
3700 115.039
3800 115.395
3900 117.784
4000 120.54
4100 125.16
4200 126.463
4300 128.515
4400 129.808
4500 131.674
4600 132.966
4700 134.833
4800 137.058
4900 138.578
5000 139.517
5100 140.456
5200 142.804
5300 143.171
5400 144.848
5500 145.031
5600 145.602
5700 146.537
5800 147.472
5900 149.345
6000 150.632
6100 152.856
6200 155.666
6300 158.483
6400 159.424
6500 159.424
6600 161.92
6700 162.25
6800 163.193
6900 164.757
7000 167.601
7100 168.238
7200 169.189
7300 169.838
7400 170.792
7500 170.792
7600 173.954
7700 173.954
7800 173.954
7900 174.256
8000 175.864
100 12.1655
200 19.105
300 23.0868
400 29.4279
500 35.6931
600 39.2046
700 43.1741
800 48.0521
900 50.6952
1000 53.3667
1100 55.9017
1200 58.8558
1300 60.208
1400 63.0714
1500 66.1211
1600 69.1809
1700 71.1758
1800 74.3303
1900 75.0267
2000 76.0592
2100 81.7435
2200 82.8734
2300 85.8429
2400 88.1192
2500 88.1192
2600 88.8144
2700 91.022
2800 92.0217
2900 93.0215
3000 95.5249
3100 97.4936
3200 101
3300 102.961
3400 104.924
3500 106.888
3600 107.079
3700 110.073
3800 112.787
3900 114.756
4000 116.559
4100 118.697
4200 118.87
4300 122.483
4400 122.984
4500 123.968
4600 125.447
4700 125.766
4800 128.269
4900 128.752
5000 130.25
5100 130.392
5200 131.24
5300 131.24
5400 131.643
5500 132.74
5600 134.629
5700 135.447
5800 137.244
5900 139.14
6000 140.407
6100 141.989
6200 141.989
6300 142.941
6400 145.207
6500 146.414
6600 148.314
6700 153.075
6800 154.984
6900 156.541
7000 156.541
7100 158.114
7200 158.114
7300 158.808
7400 158.808
7500 159.48
7600 161.4
7700 161.682
7800 164.56
7900 164.842
8000 165.723
100 12.1655
200 20.3961
300 26.0768
400 30.1496
500 33.1361
600 37.3363
700 45.8803
800 49.6488
900 51.2445
1000 53.3104
1100 55.6597
1200 59.4811
1300 61.4003
1400 61.9839
1500 65.9697
1600 69.3758
1700 72.7805
1800 76.6877
1900 78.8543
2000 80.2808
2100 82.7103
2200 85.3756
2300 87.8635
2400 91.0055
2500 94.1488
2600 99.0404
2700 103.16
2800 105.906
2900 107.87
3000 112.787
3100 115.122
3200 116.726
3300 121.017
3400 121.017
3500 123.794
3600 125.766
3700 127.738
3800 129.553
3900 134.495
4000 136.473
4100 141.877
4200 142.864
4300 143.377
4400 145.169
4500 146.659
4600 148.637
4700 151.463
4800 153.056
4900 156.416
5000 158.534
5100 158.534
5200 161.372
5300 162.496
5400 164.222
5500 167.586
5600 169.567
5700 170.988
5800 174.152
5900 175.034
6000 176.028
6100 177.815
6200 178.81
6300 179.524
6400 180.801
6500 182.165
6600 186.818
6700 187.107
6800 189.085
6900 189.391
7000 190.379
7100 191.943
7200 193.662
7300 194.648
7400 196.621
7500 197.773
7600 198.759
7700 199.745
7800 200.898
7900 201.07
8000 202.41
100 14.0357
200 20.2237
300 24.0208
400 30.4631
500 33.541
600 36.7696
700 39.3954
800 41.6293
900 44.2945
1000 48.3735
1100 50.0899
1200 53.2541
1300 55.0364
1400 60.0083
1500 63.1269
1600 66.0303
1700 67.2681
1800 68.2642
1900 71.2531
2000 74.3303
2100 76.531
2200 78.7718
2300 80.895
2400 81.8841
2500 84.8528
2600 85.9884
2700 87.2983
2800 87.5728
2900 89.2693
3000 90.2552
3100 91.444
3200 93.3809
3300 94.5569
3400 96.7678
3500 99.2975
3600 101.533
3700 104.995
3800 105.304
3900 108.784
4000 109.11
4100 110.386
4200 114.232
4300 116.709
4400 117.047
4500 118.106
4600 119.871
4700 121.491
4800 123.329
4900 123.665
5000 126.531
5100 129.402
5200 129.808
5300 132.28
5400 133.522
5500 136.682
5600 136.971
5700 138.322
5800 139.56
5900 139.843
6000 142.338
6100 144.544
6200 145.499
6300 147.706
6400 148.96
6500 150.526
6600 150.526
6700 150.526
6800 150.526
6900 151.169
7000 151.608
7100 152.971
7200 154.305
7300 155.242
7400 155.242
7500 156.544
7600 156.544
7700 159.013
7800 159.931
7900 160.58
8000 162.348
100 15.2643
200 23.2594
300 27.2947
400 32.0156
500 35.2278
600 38.0526
700 42.0595
800 45.8803
900 48.0521
1000 49.7393
1100 52.4786
1200 55.3173
1300 59.4138
1400 61.5224
1500 63.5059
1600 66.8506
1700 67.6757
1800 74.2024
1900 77.4661
2000 81.2158
2100 84.2021
2200 87.0057
2300 90
2400 92.8009
2500 93.0054
2600 93.4077
2700 95.462
2800 97.6217
2900 98.9949
3000 101.119
3100 101.823
3200 103.247
3300 106.104
3400 106.104
3500 109.018
3600 109.636
3700 110.422
3800 113.137
3900 115.117
4000 117.098
4100 120.071
4200 124.904
4300 127.883
4400 129.124
4500 130.25
4600 130.25
4700 131.529
4800 133.18
4900 133.18
5000 135.204
5100 135.484
5200 137.612
5300 137.768
5400 138.755
5500 138.917
5600 141.057
5700 141.23
5800 142.042
5900 143.028
6000 144.014
6100 144.838
6200 145.825
6300 148.637
6400 148.788
6500 150.266
6600 151.427
6700 152.411
6800 152.411
6900 153.395
7000 154.871
7100 157.835
7200 158.824
7300 160.801
7400 163.768
7500 164.906
7600 165.895
7700 166.736
7800 166.736
7900 167.726
8000 167.726
100 15.0333
200 27.2947
300 32.0156
400 40.025
500 42.2019
600 43.7379
700 45.607
800 50.3587
900 52.9528
1000 57.8705
1100 58.2495
1200 62.3699
1300 63.0635
1400 65
1500 68.0074
1600 71.7844
1700 72.8011
1800 76.243
1900 76.5376
2000 77.2528
2100 78.5875
2200 79.8123
2300 81.1542
2400 82.2982
2500 85.7963
2600 88.6002
2700 89.5377
2800 91.4166
2900 93.3006
3000 94.578
3100 95.8593
3200 98.0306
3300 98.9798
3400 99.6243
3500 100.578
3600 102.142
3700 102.46
3800 103.407
3900 106.212
4000 107.801
4100 111.83
4200 113.6
4300 114.403
4400 118.004
4500 119.202
4600 121.606
4700 122.413
4800 123.223
4900 124.852
5000 127.315
5100 128.705
5200 129.53
5300 130.096
5400 130.92
5500 132.019
5600 134.792
5700 135.915
5800 137.568
5900 138.13
6000 140.428
6100 142.636
6200 143.67
6300 144.031
6400 146.823
6500 147.635
6600 150.336
6700 150.904
6800 152.053
6900 153.447
7000 154.029
7100 156.013
7200 156.605
7300 157.201
7400 159.013
7500 160.424
7600 160.751
7700 160.879
7800 162.114
7900 163.857
8000 165.124
100 15.0333
200 20.2237
300 29.0689
400 34.0588
500 38.6005
600 45.2217
700 48.3839
800 50.9608
900 53.1413
1000 55.0364
1100 58.5235
1200 61.6847
1300 63.5689
1400 67.3573
1500 71.7844
1600 76.2168
1700 78.4347
1800 82.2192
1900 87.5957
2000 91.7061
2100 94.5569
2200 97.0824
2300 98.3514
2400 100.245
2500 102.489
2600 102.883
2700 106.32
2800 107.005
2900 110.86
3000 114.237
3100 114.237
3200 117.686
3300 119.239
3400 120.304
3500 121.511
3600 122.376
3700 124.74
3800 126.127
3900 127.816
4000 129.541
4100 131.472
4200 133.24
4300 137.058
4400 137.931
4500 138.885
4600 140.52
4700 142.443
4800 143.68
4900 148.661
5000 150
5100 151.921
5200 151.921
5300 154.806
5400 154.806
5500 156.732
5600 158.928
5700 159.891
5800 159.891
5900 161.124
6000 162.086
6100 162.265
6200 163.049
6300 164.195
6400 164.454
6500 166.904
6600 170.262
6700 171.231
6800 171.732
6900 171.959
7000 172.696
7100 173.669
7200 174.385
7300 176.57
7400 178.34
7500 179.279
7600 179.279
7700 180.278
7800 182.275
7900 183.33
8000 183.33
100 13.0384
200 19.6977
300 23.6008
400 29.5466
500 33.121
600 38.2753
700 42.19
800 45.6508
900 48.0104
1000 51.7397
1100 55.1725
1200 58.6941
1300 58.7282
1400 61.5549
1500 62.9365
1600 66.7083
1700 69.3181
1800 70.0357
1900 71.5891
2000 72.9452
2100 74.3303
2200 76.4853
2300 78.721
2400 79.6241
2500 79.6241
2600 81.4371
2700 82.2922
2800 83.6301
2900 86.7698
3000 87.2067
3100 89
3200 91.2688
3300 92.6499
3400 93.1075
3500 97.6934
3600 98.2344
3700 101.02
3800 101.242
3900 103.247
4000 104.178
4100 105.849
4200 107.838
4300 110.114
4400 111.113
4500 112.161
4600 113.283
4700 116.349
4800 117.346
4900 117.427
5000 118.343
5100 119.269
5200 121.696
5300 122.262
5400 124.258
5500 125.028
5600 127.193
5700 129.988
5800 131.973
5900 136.938
6000 139.807
6100 145.121
6200 146.373
6300 149.656
6400 151.743
6500 152.948
6600 155.929
6700 158.912
6800 162.003
6900 162.89
7000 162.89
7100 165.873
7200 168.858
7300 169.853
7400 171.747
7500 172.653
7600 177.406
7700 179.279
7800 181.224
7900 182.176
8000 185.132
100 12.0416
200 21.0238
300 30.2655
400 35.1283
500 39.2046
600 43.0465
700 48.0937
800 50.6952
900 53.4883
1000 56.0803
1100 58.1808
1200 60.8358
1300 64.0078
1400 66.6483
1500 67.1193
1600 71.5891
1700 74.7061
1800 78.721
1900 80.5295
2000 81.8841
2100 88.6397
2200 91.2853
2300 92.1954
2400 93.0484
2500 93.6216
2600 94.541
2700 97.6934
2800 98.9798
2900 98.9798
3000 100.648
3100 102.956
3200 103.832
3300 104.657
3400 107.541
3500 108.046
3600 109.932
3700 111.306
3800 112.161
3900 112.681
4000 114.057
4100 114.909
4200 117.346
4300 119.038
4400 120.416
4500 124.342
4600 126.779
4700 128.472
4800 129.321
4900 133.255
5000 133.69
5100 136.18
5200 137.568
5300 140.346
5400 140.346
5500 141.824
5600 143.694
5700 144.516
5800 145.341
5900 146.168
6000 147.872
6100 147.872
6200 148.449
6300 148.449
6400 150.083
6500 151.45
6600 152.315
6700 154.548
6800 154.548
6900 155.206
7000 158.647
7100 160.378
7200 161.245
7300 161.623
7400 162.985
7500 163.371
7600 165.158
7700 166.532
7800 168.241
7900 169.614
8000 169.614
100 15.0333
200 24.0208
300 30.1496
400 33.9559
500 36.0555
600 40.3113
700 42.638
800 50.1199
900 52.7731
1000 54.5619
1100 57.2451
1200 60.3738
1300 60.4152
1400 61.8466
1500 65.3911
1600 68.352
1700 69.2892
1800 72.45
1900 74.0945
2000 74.7061
2100 76.4788
2200 78.7718
2300 79.7057
2400 81.3941
2500 82.2922
2600 85.8662
2700 89.0056
2800 90.824
2900 91.3017
3000 94.1541
3100 95.1893
3200 97.3499
3300 99.5691
3400 100.955
3500 100.955
3600 101.828
3700 102.903
3800 103.233
3900 105.19
4000 106.621
4100 108.171
4200 111.086
4300 114.004
4400 115.447
4500 117.631
4600 120.54
4700 121.511
4800 122.483
4900 123.693
5000 125.877
5100 125.877
5200 126.372
5300 128.55
5400 130.495
5500 133.195
5600 133.195
5700 134.201
5800 134.852
5900 136.125
6000 136.4
6100 138.322
6200 139.284
6300 140.52
6400 142.415
6500 142.415
6600 144.368
6700 146.322
6800 147.299
6900 149.05
7000 149.05
7100 151.99
7200 152.971
7300 153.951
7400 154.932
7500 157.089
7600 159.05
7700 162.807
7800 164
7900 164.976
8000 164.976
100 15.0333
200 24.0208
300 29.0689
400 33.0151
500 36.2215
600 40.3113
700 42.2966
800 44.5533
900 49.163
1000 51.0098
1100 55
1200 57.0088
1300 60.531
1400 63.7809
1500 66.4831
1600 69.3542
1700 73.5935
1800 75.0733
1900 77.3369
2000 79.511
2100 81.6884
2200 82.3286
2300 83.7377
2400 87.6185
2500 88.4081
2600 90.2718
2700 92.1954
2800 92.8493
2900 94.3663
3000 96.3328
3100 98.0816
3200 100.125
3300 101.533
3400 103.078
3500 106.527
3600 107.935
3700 108.853
3800 110.259
3900 111.665
4000 111.826
4100 111.826
4200 113.217
4300 114.978
4400 115.884
4500 117.154
4600 117.29
4700 117.388
4800 119.503
4900 120.917
5000 122.287
5100 126.436
5200 127.016
5300 128.413
5400 131.046
5500 131.795
5600 132.548
5700 133.304
5800 135.34
5900 137.463
6000 139.302
6100 142.801
6200 143.809
6300 144.617
6400 147.411
6500 148.219
6600 148.449
6700 150.083
6800 151.727
6900 153.379
7000 153.942
7100 154.768
7200 156.157
7300 156.157
7400 156.474
7500 158.685
7600 159.261
7700 160.078
7800 161.236
7900 162.41
8000 163.003
100 14.7648
200 17.2627
300 25.4951
400 28.7924
500 32.2025
600 35.1141
700 37.1618
800 42.5441
900 45.8803
1000 49.0408
1100 51.8652
1200 55.0273
1300 58.2409
1400 58.8218
1500 60.7289
1600 62.3618
1700 65.2534
1800 69.6419
1900 72.8011
2000 74.2159
2100 76.243
2200 78.4474
2300 81.6088
2400 83.2406
2500 84.4808
2600 86.6833
2700 88.6002
2800 89.56
2900 93.0054
3000 93.0054
3100 95.2103
3200 99.0404
3300 100.424
3400 101.651
3500 105.262
3600 106.48
3700 107.708
3800 109.636
3900 111.611
4000 111.611
4100 113.225
4200 114.826
4300 117.393
4400 119.038
4500 120.702
4600 121.631
4700 122.577
4800 124.535
4900 124.535
5000 127.016
5100 127.016
5200 129.248
5300 131.034
5400 132.382
5500 133.645
5600 135.148
5700 139.262
5800 139.635
5900 141.598
6000 143.562
6100 146.697
6200 148.661
6300 152.237
6400 153.395
6500 155.029
6600 157.166
6700 161.276
6800 163.918
6900 167.036
7000 167.036
7100 169.706
7200 169.706
7300 169.853
7400 171.549
7500 173.173
7600 174.347
7700 176.309
7800 177.485
7900 178.466
8000 179.446
100 13.4536
200 26.1725
300 30
400 34.8855
500 37.5899
600 43.4166
700 48.5077
800 53.6004
900 59.6657
1000 62.8172
1100 64.7611
1200 66.9403
1300 72.0347
1400 73.4983
1500 75.4321
1600 77.6209
1700 78.5875
1800 81.4923
1900 83.4326
2000 85.9069
2100 87.8635
2200 91.5915
2300 94.541
2400 94.921
2500 96.1041
2600 99.2472
2700 101.203
2800 104.139
2900 104.139
3000 105.537
3100 106.513
3200 107.49
3300 111.4
3400 112.805
3500 115.317
3600 116.417
3700 117.085
3800 118.36
3900 120.304
4000 122.25
4100 123
4200 123.762
4300 124.74
4400 128.456
4500 130.419
4600 131.4
4700 132.382
4800 133.004
4900 133.989
5000 134.766
5100 136.682
5200 137.928
5300 138.827
5400 140.73
5500 141.718
5600 143.694
5700 145.671
5800 146.659
5900 147.801
6000 149.777
6100 151.908
6200 153.584
6300 157.544
6400 157.544
6500 157.544
6600 160.515
6700 162.117
6800 162.117
6900 163.355
7000 167.586
7100 169.567
7200 169.567
7300 170.558
7400 171.686
7500 174.522
7600 175.514
7700 176.377
7800 176.377
7900 176.377
8000 179.354
100 12.53
200 22.8473
300 26.3059
400 30.5941
500 35.2278
600 38.0132
700 46.0435
800 49.0102
900 50.9117
1000 58.3095
1100 59.3043
1200 62.8013
1300 64.9384
1400 67.4685
1500 69.7209
1600 71.8053
1700 73.7564
1800 77.1038
1900 82.201
2000 85.1587
2100 88.1192
2200 89.9444
2300 93.9042
2400 97.0155
2500 97.6217
2600 99.4082
2700 102.489
2800 103.392
2900 107.378
3000 112.361
3100 114.355
3200 118.271
3300 120.266
3400 126.254
3500 128.25
3600 131.244
3700 131.309
3800 133.375
3900 138.293
4000 141.227
4100 143.224
4200 144.347
4300 146.123
4400 147.122
4500 150.12
4600 151.162
4700 152.118
4800 153.082
4900 155.116
5000 157.204
5100 159.154
5200 160.2
5300 161.251
5400 162.25
5500 163.306
5600 165.194
5700 165.245
5800 167.362
5900 167.362
6000 168.428
6100 173.566
6200 175.482
6300 176.479
6400 177.553
6500 179.627
6600 180.801
6700 181.62
6800 182.702
6900 184.694
7000 185.691
7100 188.597
7200 188.597
7300 189.381
7400 189.594
7500 190.759
7600 191.846
7700 192.842
7800 193.933
7900 193.933
8000 194.928
100 16.0312
200 20.0998
300 25.02
400 30.0167
500 34.2053
600 38.0526
700 41.3038
800 45.5412
900 47.0106
1000 49.4773
1100 52.1728
1200 54.8179
1300 56.7539
1400 57.8705
1500 61.8142
1600 63.3482
1700 67.6018
1800 67.6018
1900 72.5603
2000 77.5242
2100 78.6384
2200 81.6149
2300 86.7006
2400 89.1067
2500 90.0944
2600 90.4489
2700 94.4299
2800 94.7629
2900 96.7471
3000 99.985
3100 100.841
3200 102.825
3300 103.16
3400 106.888
3500 108.853
3600 112.787
3700 115.741
3800 116.499
3900 119.436
4000 120.075
4100 120.54
4200 122
4300 123.167
4400 124.149
4500 125.284
4600 126.846
4700 128.55
4800 129.692
4900 131.469
5000 134.618
5100 135.823
5200 137.317
5300 137.317
5400 139.058
5500 140.036
5600 141.014
5700 141.014
5800 142.636
5900 144.069
6000 146.014
6100 147.959
6200 148.933
6300 149.907
6400 151.634
6500 153.587
6600 156.311
6700 158.269
6800 159.452
6900 159.452
7000 160.431
7100 160.639
7200 160.639
7300 162.188
7400 163.771
7500 165.922
7600 166.904
7700 167.093
7800 168.074
7900 169.248
8000 171.02
100 17.2627
200 24.0416
300 29.0689
400 33.2415
500 37.4833
600 41.7612
700 46.6154
800 48.8467
900 49.6488
1000 54.7083
1100 58.5235
1200 60.4152
1300 62.3618
1400 64.0312
1500 65.2534
1600 68
1700 71.5542
1800 73.4098
1900 78.3901
2000 82.6378
2100 83.9345
2200 86.0058
2300 88.2383
2400 90.471
2500 92.5743
2600 93.4773
2700 95.2575
2800 98.9798
2900 99.93
3000 99.93
3100 101.833
3200 103.092
3300 103.74
3400 105.948
3500 108.157
3600 108.467
3700 112.579
3800 112.579
3900 114.481
4000 117.644
4100 119.549
4200 119.549
4300 120.503
4400 123.081
4500 124.326
4600 125
4700 126.921
4800 128.577
4900 130.507
5000 132.439
5100 132.699
5200 134.629
5300 137.786
5400 138.752
5500 140.431
5600 142.127
5700 142.369
5800 145.041
5900 146.014
6000 148.432
6100 150.373
6200 153.056
6300 154.26
6400 156.467
6500 157.433
6600 158.66
6700 159.625
6800 160.59
6900 160.59
7000 160.59
7100 161.555
7200 162.505
7300 163.049
7400 163.6
7500 164.56
7600 164.976
7700 167.045
7800 167.335
7900 169.248
8000 171.164
100 14.3178
200 23.0217
300 28.6531
400 34.0147
500 36.6742
600 44.2719
700 48.7647
800 52
900 54.1202
1000 58.6003
1100 59.2284
1200 62.2656
1300 68.0661
1400 70.214
1500 71.8053
1600 73.1642
1700 75.6902
1800 79.404
1900 82.4621
2000 87.5557
2100 89.9889
2200 90.471
2300 91.9837
2400 95.7079
2500 96.6902
2600 97.6729
2700 101.607
2800 101.607
2900 103.407
3000 105.38
3100 108.674
3200 112.379
3300 113.565
3400 115.732
3500 121.05
3600 122.577
3700 124.535
3800 126.495
3900 127.577
4000 129.066
4100 130.863
4200 130.863
4300 131.939
4400 133.821
4500 134.213
4600 136.195
4700 137.612
4800 138.6
4900 139.589
5000 142.411
5100 144.534
5200 144.534
5300 146.513
5400 151.908
5500 153.056
5600 154.379
5700 156.016
5800 160.125
5900 161.112
6000 161.112
6100 162.099
6200 163.248
6300 164.235
6400 164.235
6500 165.387
6600 166.373
6700 167.529
6800 169.673
6900 170.658
7000 171.642
7100 172.627
7200 175.414
7300 176.082
7400 176.921
7500 180.878
7600 181.025
7700 183.003
7800 185.443
7900 186.593
8000 187.579
100 13.0384
200 18.0278
300 24.5967
400 29.4279
500 35.6931
600 40.6079
700 44.5533
800 50.3587
900 56.1427
1000 58.1378
1100 62.0725
1200 62.2013
1300 66.1891
1400 68.0661
1500 72.1734
1600 73.2462
1700 75.1665
1800 77.0584
1900 78.0577
2000 79.1581
2100 80.2247
2200 83.2166
2300 88.1419
2400 89.1403
2500 90.3549
2600 91.1373
2700 93.1343
2800 95.8853
2900 97.8673
3000 99.1262
3100 101.71
3200 102.825
3300 103.817
3400 104.809
3500 107.912
3600 109.037
3700 110.027
3800 111.018
3900 111.615
4000 115.694
4100 118.474
4200 119.616
4300 121.84
4400 124.31
4500 125.252
4600 127.812
4700 128.752
4800 130.035
4900 130.035
5000 131.674
5100 132.853
5200 134.737
5300 135.68
5400 138.514
5500 138.514
5600 139.517
5700 141.397
5800 143.736
5900 144.669
6000 145.962
6100 146.185
6200 147.122
6300 148.408
6400 149.04
6500 150.283
6600 150.685
6700 152.611
6800 153.844
6900 154.806
7000 157.696
7100 158.398
7200 158.398
7300 158.398
7400 161.186
7500 161.929
7600 162.308
7700 162.693
7800 164.794
7900 165.711
8000 165.711
100 12.083
200 18.4391
300 22.8254
400 31.7805
500 37.1214
600 43.382
700 51.0784
800 56.0803
900 59.6154
1000 63.6946
1100 63.6946
1200 67.624
1300 70.6824
1400 72.8972
1500 75.591
1600 77.6981
1700 79.6241
1800 83.4865
1900 85.2115
2000 88.1419
2100 90.471
2200 93.2309
2300 98.7927
2400 98.7927
2500 101.39
2600 103.619
2700 106.775
2800 107.541
2900 110.168
3000 112.004
3100 116.619
3200 120.702
3300 122.56
3400 126.289
3500 128.413
3600 128.413
3700 129.027
3800 131.32
3900 134.48
4000 134.737
4100 135.418
4200 136.624
4300 139.786
4400 142.338
4500 144.558
4600 144.845
4700 146.11
4800 146.455
4900 148.368
5000 148.661
5100 148.96
5200 150.867
5300 154.029
5400 157.851
5500 158.521
5600 161.124
5700 162.361
5800 162.926
5900 163.6
6000 164.842
6100 166.087
6200 166.138
6300 166.138
6400 166.76
6500 168.404
6600 169.366
6700 171.164
6800 171.164
6900 174.324
7000 176.819
7100 178.732
7200 180.936
7300 181.199
7400 182.464
7500 184.361
7600 185.626
7700 186.601
7800 189.56
7900 190.129
8000 191.086
100 14
200 21.2132
300 27.0185
400 29.8329
500 35.2278
600 41.0488
700 45.4863
800 49.2443
900 51.1077
1000 56.3028
1100 59.8164
1200 62.482
1300 65.437
1400 66.0681
1500 67.3573
1600 69.527
1700 70.2922
1800 71.5891
1900 72.9178
2000 73.7902
2100 76.5768
2200 79.712
2300 82.9759
2400 84.7703
2500 86.6833
2600 86.977
2700 88.6397
2800 90.8735
2900 92.1358
3000 93.4719
3100 98.4937
3200 100.17
3300 101.868
3400 102.611
3500 103.586
3600 106.513
3700 107.28
3800 108.259
3900 109.238
4000 110.644
4100 112.379
4200 113.772
4300 114.543
4400 115.317
4500 117.277
4600 119.05
4700 122.984
4800 124.338
4900 127.283
5000 129.248
5100 130.419
5200 131.4
5300 132.774
5400 135.148
5500 138.514
5600 139.488
5700 140.688
5800 141.662
5900 141.662
6000 143.391
6100 144.368
6200 146.537
6300 147.513
6400 148.081
6500 150
6600 150.96
6700 151.921
6800 154.69
6900 155.647
7000 156.605
7100 156.732
7200 156.952
7300 157.709
7400 158.758
7500 159.703
7600 161.307
7700 163.193
7800 165.082
7900 166.355
8000 166.355
100 13.8924
200 21.2132
300 26.1725
400 30.2655
500 35.3553
600 41.9762
700 47.5395
800 53.6004
900 58.0517
1000 61
1100 63.561
1200 69.4262
1300 74.7329
1400 80.604
1500 82.9759
1600 86.885
1700 89.627
1800 91.2414
1900 91.4112
2000 94.6414
2100 97.6217
2200 100.663
2300 102.357
2400 107.448
2500 107.968
2600 112.089
2700 114.285
2800 117.175
2900 121.297
3000 122.483
3100 124.427
3200 126.384
3300 128.32
3400 132.004
3500 133.959
3600 138.852
3700 140.688
3800 143.391
3900 145.561
4000 147.313
4100 150.443
4200 157.003
4300 157.003
4400 159.524
4500 160.515
4600 161.124
4700 163.417
4800 166.208
4900 169.186
5000 170.179
5100 171.292
5200 173.934
5300 174.04
5400 174.04
5500 177.023
5600 178.017
5700 179.903
5800 182.989
5900 184.201
6000 185.311
6100 186.078
6200 187.601
6300 188.597
6400 190.672
6500 190.759
6600 195.502
6700 195.576
6800 196.499
6900 198.494
7000 199.492
7100 199.492
7200 201.487
7300 203.482
7400 204.48
7500 205.351
7600 208.346
7700 209.344
7800 212.339
7900 213.338
8000 213.338
100 16.0312
200 23.1948
300 33.541
400 39.3192
500 42.107
600 44.1022
700 48.0833
800 52.4976
900 55.0818
1000 58.9406
1100 60.7454
1200 62.3939
1300 65.146
1400 67.2681
1500 70.342
1600 74.2159
1700 75.9605
1800 76.922
1900 79.8123
2000 82.7103
2100 87.3212
2200 88.7694
2300 93.3916
2400 94.3663
2500 96.3172
2600 97.5141
2700 98.7168
2800 100.225
2900 104.346
3000 106.513
3100 107.49
3200 109.238
3300 110.82
3400 114.756
3500 115.918
3600 118.258
3700 118.87
3800 120.839
3900 122.984
4000 125.634
4100 127.816
4200 128.787
4300 130.729
4400 131.469
4500 134.852
4600 135.34
4700 136.125
4800 136.795
4900 138.752
5000 139.718
5100 140.684
5200 147.963
5300 149.897
5400 151.832
5500 151.832
5600 153.805
5700 156.732
5800 158.474
5900 159.662
6000 162.595
6100 164.347
6200 166.307
6300 166.307
6400 167.693
6500 170.426
6600 171.607
6700 174.545
6800 175.727
6900 177.485
7000 181.218
7100 182.016
7200 182.016
7300 184.166
7400 184.968
7500 187.115
7600 188.733
7700 191.69
7800 193.662
7900 195.635
8000 196.787
100 11.4018
200 20.5913
300 24.5967
400 30.4795
500 35.9026
600 41
700 45.7056
800 52.7731
900 54.4518
1000 58.0775
1100 60.0833
1200 61.0082
1300 64.846
1400 68.6222
1500 72.4224
1600 76.844
1700 78.4474
1800 80.3617
1900 83.4326
2000 84.1724
2100 86.122
2200 88.2326
2300 89.8109
2400 90.7579
2500 90.7579
2600 90.802
2700 94.921
2800 96.1041
2900 101.203
3000 103.16
3100 104.346
3200 105.119
3300 106.794
3400 110.027
3500 110.027
3600 111.83
3700 113.358
3800 116.297
3900 117.277
4000 118.258
4100 119.641
4200 120.075
4300 121.05
4400 122.025
4500 123.167
4600 124.952
4700 125.936
4800 128.456
4900 131.4
5000 134.164
5100 136.132
5200 137.295
5300 138.463
5400 139.589
5500 141.566
5600 141.566
5700 144.534
5800 146.373
5900 147.648
6000 148.637
6100 148.637
6200 148.758
6300 149.215
6400 150.765
6500 150.765
6600 152.895
6700 154.042
6800 155.859
6900 157.003
7000 159.812
7100 162.635
7200 163.625
7300 166.595
7400 168.576
7500 169.567
7600 170.558
7700 171.418
7800 171.418
7900 172.409
8000 174.522
100 15.5242
200 21.2603
300 24.0832
400 29.1548
500 31.9061
600 35.5106
700 38.0132
800 40.7185
900 42.9418
1000 44.7772
1100 47.0106
1200 50.6952
1300 54.4243
1400 55.3263
1500 58.4209
1600 59.5399
1700 61.5224
1800 63.5059
1900 67.0671
2000 72.0625
2100 77.0584
2200 79.1012
2300 81.1542
2400 83.0963
2500 85.0941
2600 87.2812
2700 89.0225
2800 92.0217
2900 94.0053
3000 99.0051
3100 103.005
3200 104.043
3300 105.019
3400 106.075
3500 108.167
3600 109.293
3700 112.361
3800 115.434
3900 118.423
4000 119.507
4100 119.821
4200 123.794
4300 125.782
4400 128.763
4500 129.988
4600 133.507
4700 137.321
4800 138.311
4900 141.566
5000 143.544
5100 145.825
5200 145.825
5300 146.813
5400 148.788
5500 149.777
5600 152.742
5700 153.73
5800 156.847
5900 157.686
6000 157.991
6100 161.79
6200 161.79
6300 162.099
6400 165.221
6500 166.208
6600 166.736
6700 167.359
6800 168.87
6900 169.567
7000 170.696
7100 172.965
7200 174.943
7300 177.91
7400 179.889
7500 181.025
7600 183.003
7700 183.003
7800 184.141
7900 184.296
8000 186.96
100 15.2315
200 19.6977
300 24.5967
400 32.573
500 38.3275
600 43.6807
700 47.5395
800 50.6952
900 54.5711
1000 56.2939
1100 58.6941
1200 61.8466
1300 66.4831
1400 68.9638
1500 71.8401
1600 73.4983
1700 74.4648
1800 76.4003
1900 79.8123
2000 84.6463
2100 90.2497
2200 95.0789
2300 96.1353
2400 100
2500 103.581
2600 107.448
2700 109.385
2800 111.126
2900 112.361
3000 114.983
3100 115.953
3200 116.927
3300 120.83
3400 124.74
3500 125.718
3600 127.475
3700 131.594
3800 133.18
3900 134.536
4000 136.894
4100 137.674
4200 141.057
4300 143.199
4400 144.544
4500 146.509
4600 149.643
4700 150.814
4800 156.895
4900 160.823
5000 163.957
5100 164.939
5200 166.904
5300 167.887
5400 170.229
5500 173.173
5600 175.525
5700 175.935
5800 176.912
5900 179.293
6000 182.148
6100 184.57
6200 186.51
6300 187.515
6400 188.481
6500 189.447
6600 190.413
6700 191.379
6800 192.354
6900 193.933
7000 195.923
7100 196.919
7200 197.914
7300 198.91
7400 198.91
7500 201.792
7600 202.527
7700 203.494
7800 205.431
7900 205.431
8000 207.126
100 14.0357
200 21.4709
300 26.0768
400 30.3645
500 33.5261
600 37.9473
700 40.4969
800 45.5412
900 48.3011
1000 49.7393
1100 51.4296
1200 55.5428
1300 58.2495
1400 60.3738
1500 64.3273
1600 68.0661
1700 69.8713
1800 70.859
1900 72.0139
2000 75.8024
2100 78.7718
2200 86.406
2300 88.5664
2400 92.7038
2500 94.9368
2600 96.6644
2700 99.4032
2800 99.4032
2900 102.157
3000 103.078
3100 104
3200 106.075
3300 107.168
3400 109.115
3500 109.115
3600 110.223
3700 111.221
3800 113.071
3900 115.07
4000 117.068
4100 119.067
4200 122.102
4300 124.145
4400 125.24
4500 125.24
4600 126.321
4700 131.034
4800 131.034
4900 132.834
5000 136.473
5100 137.354
5200 138.708
5300 138.708
5400 140.471
5500 142.004
5600 144.003
5700 146.003
5800 148
5900 149
6000 151.003
6100 152
6200 154
6300 154
6400 155
6500 157.003
6600 159.003
6700 160.028
6800 161.012
6900 165.027
7000 166.027
7100 167.027
7200 169.027
7300 171.026
7400 173.026
7500 174.026
7600 175.046
7700 176.045
7800 176.045
7900 177.747
8000 179.011
100 14.3178
200 21.0238
300 33
400 37.3363
500 41.3038
600 46.6905
700 49.6488
800 54.9181
900 56.2939
1000 59.2284
1100 61.1882
1200 64.3273
1300 65.9242
1400 69.2315
1500 71.8471
1600 73.8241
1700 75.9539
1800 78.0897
1900 79.0569
2000 82.0549
2100 84.0536
2200 85.8429
2300 88.0511
2400 89.4539
2500 90.5539
2600 91.444
2700 93.1933
2800 96.0469
2900 100.045
3000 103.044
3100 105.043
3200 108
3300 108.042
3400 110.018
3500 110.041
3600 112.018
3700 113.04
3800 115.07
3900 117.068
4000 120.416
4100 120.599
4200 121.413
4300 122.495
4400 126.099
4500 128.062
4600 130.062
4700 133.06
4800 133.135
4900 135.133
5000 135.133
5100 137.131
5200 137.179
5300 138.101
5400 140.071
5500 140.246
5600 141.411
5700 145.344
5800 145.344
5900 145.527
6000 146.154
6100 148.125
6200 150.921
6300 151.908
6400 153.056
6500 154.208
6600 156.179
6700 158.152
6800 160.125
6900 161.447
7000 163.417
7100 163.417
7200 165.221
7300 166.208
7400 166.208
7500 168.181
7600 168.514
7700 169.853
7800 173.566
7900 175.727
8000 175.727
100 15.2315
200 19.3132
300 25.0599
400 28.8444
500 32.249
600 35.5106
700 38.5876
800 40.8167
900 43.4166
1000 44.7772
1100 49.6488
1200 53.6656
1300 57.2713
1400 60.0083
1500 64.622
1600 68.1542
1700 68.542
1800 71.6938
1900 73.4098
2000 74.8465
2100 77.6209
2200 80.4114
2300 81.7068
2400 83.9345
2500 87.4643
2600 91.5478
2700 91.9239
2800 93.6216
2900 96.2549
3000 96.2549
3100 97.9898
3200 97.9898
3300 100.648
3400 101.966
3500 103.619
3600 105.475
3700 108.462
3800 109.772
3900 113.318
4000 113.318
4100 115.953
4200 117.686
4300 119.507
4400 120.83
4500 120.83
4600 123.004
4700 124.812
4800 125.24
4900 126.115
5000 128.351
5100 129.248
5200 130.146
5300 131.046
5400 131.046
5500 132.85
5600 134.618
5700 135.96
5800 137.743
5900 139.979
6000 142.664
6100 144.003
6200 147.167
6300 148.933
6400 151.159
6500 151.611
6600 152.958
6700 154.305
6800 155.206
6900 157.003
7000 158.777
7100 161.447
7200 164.137
7300 164.137
7400 166.832
7500 167.72
7600 168.609
7700 169.956
7800 172.627
7900 173.081
8000 173.54
100 12.6491
200 20.2485
300 23.5372
400 27.6586
500 29.6142
600 35.6931
700 40.6079
800 44.911
900 47.8017
1000 50.0899
1100 51.2445
1200 55.3173
1300 56.5862
1400 58.7963
1500 60.8276
1600 64.3506
1700 66.468
1800 68.6222
1900 70.0357
2000 71.4493
2100 74.0068
2200 75.06
2300 77.0779
2400 80.1561
2500 81.1542
2600 82.2982
2700 84.214
2800 86.3713
2900 90.6863
3000 93.723
3100 96.5401
3200 97.7446
3300 99.3579
3400 99.905
3500 101.178
3600 101.237
3700 103.247
3800 104.862
3900 107.075
4000 109.041
4100 111.018
4200 112.486
4300 114.856
4400 115.849
4500 116.25
4600 117.107
4700 120.104
4800 121.037
4900 123.065
5000 125.036
5100 125.064
5200 126.099
5300 128.004
5400 129.808
5500 132.004
5600 134.402
5700 135
5800 138.058
5900 139.628
6000 141.209
6100 143.224
6200 143.224
6300 143.224
6400 145.245
6500 146.031
6600 146.031
6700 146.82
6800 146.82
6900 147.611
7000 149.201
7100 149.201
7200 150.602
7300 152.611
7400 153.405
7500 154.013
7600 154.509
7700 156.205
7800 159.201
7900 161.251
8000 162.308
100 14
200 20.0998
300 26.3059
400 28.6356
500 32.0156
600 36.6879
700 44.3847
800 47.7598
900 55.3624
1000 59.4811
1100 62.5859
1200 64.1327
1300 71.1969
1400 75.9539
1500 79.511
1600 81.8841
1700 84.0119
1800 87.1321
1900 91.9239
2000 93.771
2100 93.771
2200 96.3379
2300 100.449
2400 105.38
2500 107.355
2600 109.49
2700 110.644
2800 112.614
2900 115.572
3000 119.218
3100 119.218
3200 122.188
3300 124.169
3400 126.289
3500 130.392
3600 130.392
3700 131.4
3800 133.555
3900 135.713
4000 135.915
4100 138.08
4200 138.293
4300 140.73
4400 142.864
4500 142.864
4600 146.973
4700 149.933
4800 152.895
4900 156.697
5000 158.676
5100 159.812
5200 160.016
5300 161.793
5400 164.478
5500 165.469
5600 167.451
5700 167.451
5800 168.315
5900 169.434
6000 170.426
6100 171.418
6200 172.409
6300 173.401
6400 174.27
6500 175.923
6600 177.913
6700 178.908
6800 180.71
6900 182.792
7000 183.698
7100 185.779
7200 188.767
7300 190.759
7400 191.755
7500 192.751
7600 195.74
7700 196.736
7800 196.825
7900 197.914
8000 199.725
100 17.0294
200 24.0208
300 30.1496
400 34.2345
500 36
600 43.7379
700 47.0106
800 49.0306
900 54.3323
1000 58.4209
1100 64.1249
1200 66.1891
1300 69.1809
1400 73.1095
1500 75.1066
1600 79.0063
1700 82.0549
1800 82.0975
1900 86.093
2000 86.093
2100 89.0898
2200 91.0879
2300 93.0484
2400 95.0474
2500 98.0204
2600 99.0202
2700 99.0454
2800 100.045
2900 102.044
3000 103.31
3100 106.17
3200 107.042
3300 109.165
3400 111.005
3500 113.004
3600 115.004
3700 117.004
3800 120.004
3900 121.004
4000 123.004
4100 124.016
4200 125.036
4300 127.098
4400 128.098
4500 131.137
4600 131.309
4700 131.461
4800 136.132
4900 137.058
5000 138.058
5100 139.032
5200 142.032
5300 146.003
5400 147.003
5500 148.003
5600 148.003
5700 151.003
5800 154.013
5900 157.013
6000 158.013
6100 159.013
6200 161.028
6300 163.012
6400 165.003
6500 168.003
6600 170.047
6700 172.026
6800 173.026
6900 175.011
7000 178
7100 179.011
7200 181.069
7300 183.068
7400 185.097
7500 186.097
7600 186.097
7700 187.131
7800 189.13
7900 189.13
8000 191.167
100 16.7631
200 27.6586
300 33.7343
400 37.6563
500 43.7379
600 47.8539
700 51.6236
800 54.5894
900 57.5587
1000 59.2115
1100 61.2944
1200 63.2851
1300 67.7422
1400 67.897
1500 70.0071
1600 72
1700 75.2728
1800 80.0062
1900 81.2712
2000 83.9345
2100 86.8332
2200 88.7694
2300 91.4822
2400 93.6056
2500 96.0469
2600 98.9545
2700 101.868
2800 103.078
2900 105.019
3000 105.513
3100 109.238
3200 110.422
3300 110.422
3400 111.005
3500 112.45
3600 113.283
3700 114.935
3800 116.842
3900 118.714
4000 120.599
4100 121.594
4200 124.403
4300 128.316
4400 132.306
4500 133.304
4600 135.37
4700 137.091
4800 138.091
4900 138.13
5000 140.089
5100 143.031
5200 143.031
5300 143.031
5400 145.055
5500 145.055
5600 146.086
5700 147.014
5800 149.013
5900 149.03
6000 151.013
6100 151.03
6200 153
6300 154.013
6400 156.051
6500 156.051
6600 156.051
6700 160.05
6800 160.078
6900 161.05
7000 161.112
7100 162.308
7200 165.109
7300 166.108
7400 167.108
7500 169.106
7600 170.106
7700 170.188
7800 171.237
7900 173.046
8000 175.026
100 11.4018
200 20.2485
300 24.4131
400 29.7321
500 32.0156
600 38.2753
700 42.19
800 45.6508
900 47.4131
1000 48.3011
1100 52.811
1200 55.6597
1300 57.5674
1400 59.7746
1500 63.3246
1600 66.2193
1700 69.857
1800 72.7805
1900 73.9797
2000 79.3095
2100 80.604
2200 82.5651
2300 83.5464
2400 84.9294
2500 87.6641
2600 91.5915
2700 92.7631
2800 94.1488
2900 95.3415
3000 95.7079
3100 96.6902
3200 98.8433
3300 100.449
3400 101.789
3500 102.961
3600 105.906
3700 107.87
3800 110.368
3900 111.288
4000 113.217
4100 113.217
4200 113.217
4300 116.108
4400 119.105
4500 119.419
4600 122.409
4700 122.483
4800 126.372
4900 127.346
5000 128.55
5100 132.442
5200 136.125
5300 137.317
5400 137.317
5500 139.058
5600 141.792
5700 141.792
5800 142.864
5900 143.951
6000 146.113
6100 146.697
6200 147.574
6300 149.482
6400 151.476
6500 154.392
6600 158.316
6700 160.253
6800 161.251
6900 163.049
7000 166.027
7100 168.027
7200 169.027
7300 170.026
7400 170.047
7500 172.003
7600 172.012
7700 174.003
7800 175.003
7900 176.003
8000 176.011
100 12.8062
200 22.4722
300 28.6356
400 33.3766
500 34.5254
600 40.3113
700 42.2966
800 44.1022
900 45.0999
1000 49.2443
1100 52.4786
1200 55.4707
1300 56.0357
1400 58.5235
1500 64.1405
1600 66.0379
1700 68.6003
1800 72.9178
1900 74.7329
2000 75.6439
2100 76.9675
2200 79.3095
2300 80.1124
2400 81.939
2500 83.1865
2600 84.5931
2700 85.7088
2800 87.5728
2900 90.7965
3000 92.0706
3100 95.1893
3200 95.1893
3300 97.3242
3400 99.8248
3500 101.272
3600 103.247
3700 104.561
3800 107.87
3900 109.49
4000 110.476
4100 112.787
4200 113.952
4300 116.297
4400 117.277
4500 120.221
4600 122.184
4700 126.115
4800 126.921
4900 128.891
5000 129.877
5100 130.863
5200 131.848
5300 135.093
5400 135.484
5500 138.246
5600 138.246
5700 138.752
5800 139.216
5900 140.943
6000 143.136
6100 144.101
6200 145.602
6300 146.455
6400 148.007
6500 149.616
6600 149.616
6700 153.734
6800 154.984
6900 155.939
7000 158.446
7100 159.063
7200 160.963
7300 163.49
7400 164.757
7500 165.412
7600 166.355
7700 166.355
7800 167.027
7900 167.631
8000 168.573
100 13
200 19.3132
300 27.5136
400 32.6956
500 37
600 43.0813
700 45.1885
800 46.5188
900 47.1699
1000 51.0882
1100 54.0093
1200 54.4059
1300 58.5235
1400 62.9365
1500 66.4831
1600 70.6116
1700 73.0068
1800 74.9533
1900 77.8781
2000 80.05
2100 83.7437
2200 88.0909
2300 90.0888
2400 92.228
2500 95.5249
2600 96.5091
2700 99.4636
2800 103.576
2900 104.561
3000 106.532
3100 109.49
3200 110.476
3300 112.45
3400 114.425
3500 115.412
3600 117.388
3700 119.08
3800 119.218
3900 120.071
4000 122.201
4100 123.628
4200 124.036
4300 126.921
4400 128.082
4500 131.973
4600 134.952
4700 135.074
4800 137.186
4900 139.169
5000 140.161
5100 142.411
5200 143.265
5300 144.257
5400 145.382
5500 147.231
5600 148.223
5700 148.946
5800 150.921
5900 150.921
6000 151.559
6100 153.395
6200 156.349
6300 156.707
6400 158.07
6500 158.319
6600 159.305
6700 160.228
6800 162.188
6900 164.402
7000 165.529
7100 166.508
7200 167.287
7300 167.287
7400 168.146
7500 172.026
7600 173.003
7700 175.171
7800 178.101
7900 181.033
8000 182.011
100 12.6491
200 18.0278
300 23.6008
400 28.8444
500 32.2025
600 35
700 38.9487
800 41.7732
900 44.2832
1000 47.0106
1100 49.7695
1200 53.1413
1300 56.921
1400 58.5235
1500 60.4401
1600 61.131
1700 63.6003
1800 65.7875
1900 67.0671
2000 68.7095
2100 72.111
2200 75.0067
2300 78.0256
2400 82.0549
2500 84.0536
2600 85.0529
2700 86.0233
2800 87.0919
2900 88.0227
3000 93.0054
3100 93.0215
3200 97.0206
3300 98.0204
3400 100.02
3500 104.087
3600 106.532
3700 107.517
3800 109.49
3900 112.294
4000 112.294
4100 113.6
4200 114.272
4300 116.4
4400 116.902
4500 121.396
4600 123.167
4700 125.32
4800 127.098
4900 129.248
5000 130.05
5100 132.019
5200 133.004
5300 136.945
5400 138.917
5500 141.718
5600 142.864
5700 147.959
5800 149.933
5900 152.742
6000 155.708
6100 155.708
6200 156.847
6300 160.655
6400 162.496
6500 163.625
6600 164.879
6700 167.586
6800 169.706
6900 173.531
7000 174.522
7100 175.514
7200 177.496
7300 178.488
7400 179.889
7500 181.339
7600 181.339
7700 182.455
7800 182.584
7900 183.709
8000 184.792
100 16.1245
200 24.7386
300 29.2746
400 34.0588
500 43.1856
600 47.3814
700 48.3735
800 53.4603
900 54.9181
1000 57.0088
1100 60.0167
1200 64.0078
1300 65.0308
1400 68.3593
1500 70.4557
1600 71.2531
1700 74.2428
1800 77.2334
1900 81.0494
2000 82.0366
2100 85
2200 86.1452
2300 87.1321
2400 88.6454
2500 90.6091
2600 93.1719
2700 96.1041
2800 97.8621
2900 102.181
3000 105.262
3100 107.005
3200 107.968
3300 109.895
3400 109.895
3500 111.973
3600 112.929
3700 117.324
3800 118.903
3900 119.854
4000 122.004
4100 123.649
4200 124.595
4300 125
4400 127.758
4500 128.082
4600 129.341
4700 130.511
4800 132.401
4900 133.454
5000 136.693
5100 142.359
5200 143.736
5300 145.89
5400 147.027
5500 148.408
5600 149.79
5700 150.632
5800 153.101
5900 153.101
6000 153.938
6100 156.16
6200 157.305
6300 159.85
6400 161.756
6500 162.077
6600 162.828
6700 163.783
6800 165.496
6900 166.012
7000 167.386
7100 169.284
7200 171.511
7300 172.887
7400 172.887
7500 176.301
7600 178.017
7700 178.017
7800 178.017
7900 179.047
8000 179.047
100 14.0357
200 21.8403
300 26.9258
400 36.6742
500 41.7732
600 45.5412
700 48.8365
800 54.1295
900 60.208
1000 63.561
1100 68.4105
1200 69.1231
1300 73.171
1400 75.1066
1500 76.1052
1600 78.1601
1700 81.1542
1800 84.214
1900 85.2115
2000 86.7006
2100 88.7694
2200 92.6499
2300 95.5667
2400 95.5667
2500 97.5141
2600 102.611
2700 104.561
2800 107.708
2900 108.683
3000 109.882
3100 112.805
3200 115.948
3300 119.57
3400 123.693
3500 126.846
3600 130
3700 130.969
3800 134.373
3900 136.821
4000 138.752
4100 141.651
4200 141.651
4300 141.651
4400 142.046
4500 142.874
4600 148.93
4700 150.615
4800 150.864
4900 152.345
5000 155.502
5100 156.924
5200 158.142
5300 160.162
5400 161.533
5500 163.248
5600 164.222
5700 166.172
5800 169.098
5900 169.319
6000 170.988
6100 170.988
6200 170.988
6300 171.724
6400 172.696
6500 172.696
6600 174.874
6700 175.847
6800 176.819
6900 176.819
7000 177.054
7100 178.997
7200 180.205
7300 182.88
7400 183.134
7500 183.927
7600 185.852
7700 186.815
7800 187.779
7900 189.974
8000 189.974
100 16.1555
200 25.9615
300 30.6757
400 36.4005
500 38.6005
600 43.3244
700 46.8402
800 48.7032
900 53.9073
1000 56.6392
1100 61.6198
1200 64.2028
1300 67.9412
1400 71.4213
1500 74.9667
1600 75.6902
1700 78.5684
1800 79.3095
1900 82.7587
2000 82.7587
2100 82.9759
2200 84.2912
2300 85.703
2400 88.459
2500 90.2109
2600 92.0869
2700 92.9139
2800 95.9635
2900 96.7988
3000 98.1835
3100 98.737
3200 100.688
3300 102.65
3400 102.927
3500 104.307
3600 104.623
3700 107.187
3800 107.187
3900 108.407
4000 111.508
4100 112.004
4200 113.877
4300 115.248
4400 116.619
4500 118.338
4600 123.065
4700 123.944
4800 125.3
4900 126.178
5000 127.945
5100 130
5200 132.231
5300 133.094
5400 134.629
5500 135.595
5600 136.953
5700 137.83
5800 138.755
5900 139.542
6000 141.824
6100 145.798
6200 145.798
6300 147.136
6400 148.556
6500 150.306
6600 150.735
6700 151.7
6800 152.118
6900 153.447
7000 154.353
7100 154.353
7200 154.742
7300 158.345
7400 159.248
7500 161.059
7600 162.361
7700 164.137
7800 164.137
7900 164.694
8000 165.529
100 15.0333
200 24.1868
300 28.2843
400 35.0143
500 36.1248
600 41.1947
700 43.6807
800 45.5412
900 48.8467
1000 52.5547
1100 57.2713
1200 57.2713
1300 59.0931
1400 60.4152
1500 60.9262
1600 64.2573
1700 66.3099
1800 68.6003
1900 71.1126
2000 73.8241
2100 78.3901
2200 79.3095
2300 80.9568
2400 81.3941
2500 82.5409
2600 86.0233
2700 88.2326
2800 89.1852
2900 89.1852
3000 90.4765
3100 92.6984
3200 94.1329
3300 96.4624
3400 97.1854
3500 98.326
3600 100.08
3700 100.568
3800 102.46
3900 102.786
4000 103.73
4100 106.283
4200 110.386
4300 110.82
4400 112.969
4500 113.952
4600 114.935
4700 117.903
4800 117.903
4900 118.878
5000 120.619
5100 120.619
5200 122.711
5300 123.329
5400 124.595
5500 125.929
5600 127.193
5700 128.86
5800 130.74
5900 132.257
6000 132.774
6100 136.693
6200 138.654
6300 141.411
6400 144.361
6500 150.266
6600 151.251
6700 153.574
6800 155.541
6900 157.509
7000 157.69
7100 157.69
7200 159.841
7300 162.188
7400 162.188
7500 164.149
7600 164.551
7700 170.628
7800 171.607
7900 172.586
8000 173.566
100 13
200 20.025
300 25
400 30.8058
500 36.0555
600 41.3401
700 46.6476
800 50.1199
900 53.2635
1000 56.0803
1100 60.959
1200 65.7647
1300 70.0071
1400 72.1388
1500 73
1600 74.8131
1700 77.4209
1800 84.0536
1900 85.9826
2000 89.0449
2100 89.5879
2200 92.6499
2300 93.7443
2400 94.578
2500 95.9635
2600 96.5194
2700 98.8989
2800 102.044
2900 103.47
3000 104.216
3100 104.652
3200 105.119
3300 107.075
3400 109.836
3500 110.436
3600 111.946
3700 115.521
3800 115.624
3900 117.796
4000 119.754
4100 121.083
4200 122.43
4300 124.483
4400 126.59
4500 127.311
4600 132.276
4700 132.966
4800 135.104
4900 135.794
5000 137.208
5100 137.902
5200 139.846
5300 143.01
5400 143.753
5500 145.165
5600 146.755
5700 147.513
5800 148.273
5900 150.333
6000 151.743
6100 151.743
6200 152.398
6300 154.625
6400 154.625
6500 157.433
6600 159.806
6700 162.003
6800 162.111
6900 162.742
7000 164.295
7100 164.402
7200 166.4
7300 167.2
7400 168.217
7500 169.838
7600 170.423
7700 172.861
7800 173.678
7900 173.678
8000 175.422
100 14.8661
200 20.6155
300 27.4591
400 32.249
500 33.9706
600 36.7967
700 40.4599
800 44.5982
900 48.0833
1000 53.1507
1100 56.7539
1200 60.1664
1300 63.2456
1400 68.0074
1500 69.9214
1600 73.0821
1700 76.922
1800 80.7775
1900 83.5225
2000 85.1645
2100 86.977
2200 89.8888
2300 91.5478
2400 95.0789
2500 97.6934
2600 100.18
2700 102.474
2800 103.832
2900 104.317
3000 108.559
3100 108.908
3200 109.772
3300 111.508
3400 112.872
3500 114.237
3600 116.97
3700 119.08
3800 123.065
3900 125.399
4000 126.909
4100 129.85
4200 130.384
4300 130.698
4400 133.776
4500 134.629
4600 135.68
4700 135.68
4800 137.801
4900 138.708
5000 139.617
5100 140.036
5200 140.631
5300 142.468
5400 143.388
5500 143.781
5600 145.121
5700 147.299
5800 148.122
5900 149.265
6000 151.238
6100 152.869
6200 154.263
6300 156.237
6400 157.632
6500 159.505
6600 161.471
6700 164.839
6800 167.631
6900 167.631
7000 169.027
7100 170
7200 170.801
7300 173.22
7400 173.833
7500 175.071
7600 176.324
7700 179.287
7800 179.914
7900 179.914
8000 181.951
